Date,Open,High,Low,Close,Volume,Dividends,Stock Splits
2010-01-04 00:00:00-05:00,23.607935754246498,23.627152177114564,23.432242495829797,23.502702713012695,9321000,0.0,0.0
2010-01-05 00:00:00-05:00,23.594212058624684,23.605192124528283,23.155892575134843,23.43315887451172,12906000,0.0,0.0
2010-01-06 00:00:00-05:00,23.46153497614326,23.46153497614326,23.119097152978377,23.399272918701172,10785000,0.015,0.0
2010-01-07 00:00:00-05:00,23.20150952868302,23.261939649663493,22.97993183629332,23.246374130249023,11273000,0.0,0.0
2010-01-08 00:00:00-05:00,23.1035358150934,23.340678992768705,23.045852764238667,23.25461196899414,8635000,0.0,0.0
2010-01-11 00:00:00-05:00,23.308633308691377,23.380965026734607,22.69609098960439,22.87188720703125,11171000,0.0,0.0
2010-01-12 00:00:00-05:00,22.85266059591991,23.15939019557199,22.758354127972886,22.85906982421875,8595000,0.0,0.0
2010-01-13 00:00:00-05:00,23.055920935091414,23.461535937162626,22.859065108588915,23.45329475402832,8585000,0.0,0.0
2010-01-14 00:00:00-05:00,23.46245189341401,23.97427671161604,23.302221213183092,23.849754333496094,12433000,0.0,0.0
2010-01-15 00:00:00-05:00,23.971534007434997,24.34418610460615,23.85616789670029,24.048444747924805,19419000,0.0,0.0
2010-01-19 00:00:00-05:00,24.034704829248174,24.71042418422696,23.961456274861987,24.2407169342041,14633000,0.0,0.0
2010-01-20 00:00:00-05:00,24.081406291987648,24.368906446435293,24.00724087122129,24.116199493408203,10211000,0.0,0.0
2010-01-21 00:00:00-05:00,24.130846314252107,24.446732164360913,23.449634496738057,23.66938018798828,14131000,0.0,0.0
2010-01-22 00:00:00-05:00,23.566829313420726,23.89644867824691,22.989080320138893,23.055919647216797,13251000,0.0,0.0
2010-01-25 00:00:00-05:00,23.201506973035325,23.277502605059347,22.751944155364033,23.114524841308594,10811000,0.0,0.0
2010-01-26 00:00:00-05:00,23.075149939016757,23.176782471583365,22.7116541902801,22.762928009033203,11194000,0.0,0.0
2010-01-27 00:00:00-05:00,22.860895966304764,23.47893053379731,22.739118913215922,23.46977424621582,10066000,0.0,0.0
2010-01-28 00:00:00-05:00,23.467026969923158,23.618103094056217,22.508386546560736,22.83983612060547,16120000,0.0,0.0
2010-01-29 00:00:00-05:00,22.996404745377827,23.360817305674775,22.806875006936448,22.881038665771484,15042000,0.0,0.0
2010-02-01 00:00:00-05:00,22.99366414945521,23.486259597351754,22.990000236577774,23.203336715698242,9329000,0.0,0.0
2010-02-02 00:00:00-05:00,23.45787530571282,23.467029847949725,23.055922443280018,23.12459373474121,13404000,0.0,0.0
2010-02-03 00:00:00-05:00,23.11452732329714,23.25644546154364,22.62101321467149,22.668624877929688,17961000,0.0,0.0
2010-02-04 00:00:00-05:00,21.45635496543892,21.565311827591895,20.224863001761587,20.336566925048828,108380000,0.0,0.0
2010-02-05 00:00:00-05:00,20.637797056452975,20.637797056452975,19.882420054439,20.211122512817383,58136000,0.0,0.0
2010-02-08 00:00:00-05:00,20.234931401654585,20.917975041090074,20.158935791587894,20.729358673095703,28165000,0.0,0.0
2010-02-09 00:00:00-05:00,20.930802218052687,20.93537949025165,20.41806041257415,20.45926284790039,16486000,0.0,0.0
2010-02-10 00:00:00-05:00,20.299033621621717,20.8630475535665,20.299033621621717,20.775150299072266,18326000,0.0,0.0
2010-02-11 00:00:00-05:00,20.775149426681757,20.99398006807377,20.584702763698775,20.967426300048828,12221000,0.0,0.0
2010-02-12 00:00:00-05:00,20.85296674388449,20.85296674388449,20.569128822383103,20.645124435424805,14838000,0.0,0.0
2010-02-16 00:00:00-05:00,20.747673192178397,20.89142324360508,20.555396387031248,20.628644943237305,17568000,0.0,0.0
2010-02-17 00:00:00-05:00,20.656110927388948,20.697313347143965,20.45742490630099,20.585609436035156,12500000,0.0,0.0
2010-02-18 00:00:00-05:00,20.53708744971857,20.53708744971857,20.290787978862515,20.32649803161621,17281000,0.0,0.0
2010-02-19 00:00:00-05:00,20.319167138523373,20.49954233046816,20.106745814302005,20.38417625427246,17620000,0.0,0.0
2010-02-22 00:00:00-05:00,20.40340497242413,20.779719142821463,20.40340497242413,20.53158950805664,10856000,0.0,0.0
2010-02-23 00:00:00-05:00,20.438198982519253,20.4812316156052,20.085689749085873,20.328325271606445,16517000,0.0,0.0
2010-02-24 00:00:00-05:00,20.32832211068853,20.428124413078944,20.051808539802643,20.303600311279297,15190000,0.0,0.0
2010-02-25 00:00:00-05:00,20.102174141799292,20.431793590015605,19.81650418619632,20.279802322387695,19896000,0.0,0.0
2010-02-26 00:00:00-05:00,20.416231419664822,20.614002422470275,20.24043516676931,20.543500900268555,10947000,0.0,0.0
2010-03-01 00:00:00-05:00,20.687240970288457,21.320841003879156,20.635967160835435,21.30985450744629,24265000,0.0,0.0
2010-03-02 00:00:00-05:00,21.268656136640736,21.38219201996635,20.97382992980333,21.224706649780273,13247000,0.0,0.0
2010-03-03 00:00:00-05:00,21.22653741268448,21.470088040236387,21.150541793090696,21.255836486816406,13620000,0.0,0.0
2010-03-04 00:00:00-05:00,21.21738653385016,21.375787040462072,21.04250540298634,21.333667755126953,10161000,0.0,0.0
2010-03-05 00:00:00-05:00,21.39409735532348,21.956281001179313,21.30711521776103,21.932476043701172,32910000,0.0,0.0
2010-03-08 00:00:00-05:00,21.8912738750601,22.622844532948655,21.827181589094966,22.488250732421875,29561000,0.0,0.0
2010-03-09 00:00:00-05:00,22.436968271457868,23.063244017861855,22.40125997257656,22.567901611328125,21849000,0.0,0.0
2010-03-10 00:00:00-05:00,22.624663312475427,22.935970041067137,22.53127199245109,22.853565216064453,19561000,0.0,0.0
2010-03-11 00:00:00-05:00,22.711653790421177,22.935976743516594,22.53677269894572,22.9075927734375,11508000,0.0,0.0
2010-03-12 00:00:00-05:00,22.98725732930433,23.052264720741626,22.75560824706707,22.887454986572266,8736000,0.0,0.0
2010-03-15 00:00:00-04:00,22.979928738084958,22.979928738084958,22.519377685690127,22.897523880004883,11262000,0.0,0.0
2010-03-16 00:00:00-04:00,22.913094839460364,23.009233281259956,22.6081971414239,22.829774856567383,9672000,0.0,0.0
2010-03-17 00:00:00-04:00,22.860894487956674,22.981754682003388,22.59719936036538,22.766586303710938,11144000,0.0,0.0
2010-03-18 00:00:00-04:00,22.783073085479742,22.783073085479742,22.39760255477241,22.551424026489258,7593000,0.0,0.0
2010-03-19 00:00:00-04:00,22.37380027770996,22.714406253274976,22.20807368882492,22.37380027770996,9801000,0.0,0.0
2010-03-22 00:00:00-04:00,22.230038674663053,22.729044939696,22.180596822997543,22.622835159301758,8089000,0.0,0.0
2010-03-23 00:00:00-04:00,22.62191690329807,22.949704231744356,22.37561754487034,22.486406326293945,11016000,0.0,0.0
2010-03-24 00:00:00-04:00,22.45071072251732,22.60453221059144,22.336259711590603,22.403099060058594,7700000,0.0,0.0
2010-03-25 00:00:00-04:00,22.56423454419428,22.916743705913607,22.532188415527344,22.532188415527344,13145000,0.0,0.0
2010-03-26 00:00:00-04:00,22.638407112509878,22.775747956943373,22.438804200432184,22.545930862426758,10836000,0.0,0.0
2010-03-29 00:00:00-04:00,22.60911087812607,22.820615420945582,22.579810050618633,22.707996368408203,7287000,0.0,0.0
2010-03-30 00:00:00-04:00,22.819692850401587,23.240871588023264,22.816945789572475,23.110855102539062,12046000,0.0,0.0
2010-03-31 00:00:00-04:00,23.091633303034563,23.28207993610375,23.020216688825457,23.25644302368164,9333000,0.0,0.0
2010-04-01 00:00:00-04:00,23.398361939068618,23.429492973278176,23.078813905490552,23.250947952270508,11188000,0.0,0.0
2010-04-05 00:00:00-04:00,23.30496193048399,23.464279220748864,23.152972463669972,23.40110206604004,7457000,0.0,0.0
2010-04-06 00:00:00-04:00,23.334264467118288,23.897363033443593,23.329685450315303,23.69135093688965,13992000,0.0,0.0
2010-04-07 00:00:00-04:00,23.71884085373928,23.77839038479632,23.353301197312923,23.422012329101562,7831000,0.015,0.0
2010-04-08 00:00:00-04:00,23.275426428928615,23.5722549053189,23.275426428928615,23.533777236938477,6402000,0.0,0.0
2010-04-09 00:00:00-04:00,23.705094522723734,23.818696251899198,23.528278984487613,23.717004776000977,4966000,0.0,0.0
2010-04-12 00:00:00-04:00,23.66478527680677,23.911227583568866,23.662036622237398,23.78022003173828,6537000,0.0,0.0
2010-04-13 00:00:00-04:00,23.70052459097471,23.869094237086472,23.564019680748572,23.682201385498047,7131000,0.0,0.0
2010-04-14 00:00:00-04:00,23.734423912353343,24.207152544742364,23.63731405508496,24.10637664794922,11661000,0.0,0.0
2010-04-15 00:00:00-04:00,24.24103448921236,24.24653179791185,24.025743035640197,24.060556411743164,6282000,0.0,0.0
2010-04-16 00:00:00-04:00,23.91397859807895,24.160419181764507,23.660207685686203,23.7738094329834,11495000,0.0,0.0
2010-04-19 00:00:00-04:00,23.71242908102807,23.959787070828042,23.335896533534616,23.5722599029541,9559000,0.0,0.0
2010-04-20 00:00:00-04:00,23.723419199699425,24.083461495697982,23.560345175909625,23.946956634521484,7375000,0.0,0.0
2010-04-21 00:00:00-04:00,24.12651642528376,24.12651642528376,23.7078420359626,23.8736629486084,5035000,0.0,0.0
2010-04-22 00:00:00-04:00,23.70968405928051,24.05048938495373,23.087626445856657,23.966203689575195,8638000,0.0,0.0
2010-04-23 00:00:00-04:00,24.150341406509664,24.51404802002876,24.00284366339608,24.481067657470703,10379000,0.0,0.0
2010-04-26 00:00:00-04:00,24.567187807120735,24.664299383273153,24.339986035351664,24.349145889282227,7095000,0.0,0.0
2010-04-27 00:00:00-04:00,24.350061051339793,24.350061051339793,23.346887639966564,23.34780502319336,10947000,0.0,0.0
2010-04-28 00:00:00-04:00,23.502637143966982,23.572263926940124,22.95661924983628,23.17832374572754,17995000,0.0,0.0
2010-04-29 00:00:00-04:00,23.2442733916723,23.676691017025995,23.06745962378419,23.396352767944336,14089000,0.0,0.0
2010-04-30 00:00:00-04:00,23.564008556448112,23.581414370255917,22.536100979070824,22.723909378051758,16675000,0.0,0.0
2010-05-03 00:00:00-04:00,23.01249593399532,23.03081913406183,22.4032643846545,22.971269607543945,16928000,0.0,0.0
2010-05-04 00:00:00-04:00,23.212217233685713,23.585085485286058,22.74865035472489,23.017995834350586,29370000,0.0,0.0
2010-05-05 00:00:00-04:00,22.720239232250755,22.810937816963413,21.621789467860868,21.79860496520996,25627000,0.0,0.0
2010-05-06 00:00:00-04:00,21.56682720274508,21.80319051894108,19.330532055815837,21.09868049621582,34273000,0.0,0.0
2010-05-07 00:00:00-04:00,20.920042700079108,21.435830686429714,20.34196000139379,20.438154220581055,29304000,0.0,0.0
2010-05-10 00:00:00-04:00,21.43672936749285,21.631866307417035,20.918194882776916,21.099590301513672,29826000,0.0,0.0
2010-05-11 00:00:00-04:00,20.833914994963845,20.84124532269752,20.268658483181294,20.451885223388672,29271000,0.0,0.0
2010-05-12 00:00:00-04:00,20.613123193719375,21.641030699333644,20.575561167066326,21.311220169067383,29123000,0.0,0.0
2010-05-13 00:00:00-04:00,21.318554484796106,21.980006940214952,21.12250010002667,21.282825469970703,22049000,0.0,0.0
2010-05-14 00:00:00-04:00,19.72447458376708,20.1568923317649,19.15371894309197,19.463375091552734,101983000,0.0,0.0
2010-05-17 00:00:00-04:00,19.71896617553147,19.84997366580736,19.073088571884213,19.3131160736084,34138000,0.0,0.0
2010-05-18 00:00:00-04:00,19.508264721885574,19.662175405116006,17.917847338918456,18.580215454101562,70828000,0.0,0.0
2010-05-19 00:00:00-04:00,18.602210993597065,19.53667361086917,17.96091270784627,18.547243118286133,91584000,0.0,0.0
2010-05-20 00:00:00-04:00,18.016786824008914,19.238000069618312,18.016786824008914,18.82665252685547,51156000,0.0,0.0
2010-05-21 00:00:00-04:00,18.54173582141562,19.91136252280552,18.522496988047454,19.591630935668945,43426000,0.0,0.0
2010-05-24 00:00:00-04:00,19.732719718905226,19.833495579324453,19.224262237548828,19.224262237548828,17858000,0.0,0.0
2010-05-25 00:00:00-04:00,18.69565360968334,19.11616119695906,18.67183484151508,18.952173233032227,22472000,0.0,0.0
2010-05-26 00:00:00-04:00,19.2673311310021,19.509191917906453,18.780860900878906,18.780860900878906,21772000,0.0,0.0
2010-05-27 00:00:00-04:00,19.26181991779737,19.356182811107036,18.854138389107856,19.03736686706543,19644000,0.0,0.0
2010-05-28 00:00:00-04:00,18.997975046965845,19.077679046522256,18.428136795078373,18.48493766784668,25471000,0.0,0.0
2010-06-01 00:00:00-04:00,18.414392384587646,18.661750308911973,18.29987502118523,18.35850715637207,22633000,0.0,0.0
2010-06-02 00:00:00-04:00,18.444625868027018,18.495929428116156,18.28796653312677,18.41622543334961,20431000,0.0,0.0
2010-06-03 00:00:00-04:00,18.442792433891366,18.655336977477504,18.43729512527031,18.506006240844727,19643000,0.0,0.0
2010-06-04 00:00:00-04:00,18.276964452448134,18.402474634795055,18.00212184380793,18.017696380615234,33167000,0.0,0.0
2010-06-07 00:00:00-04:00,18.074510344394447,18.82665984408316,18.072677325099836,18.32919692993164,26819000,0.0,0.0
2010-06-08 00:00:00-04:00,18.42538585237248,18.536238929346272,17.896773993300755,18.097408294677734,33612000,0.0,0.0
2010-06-09 00:00:00-04:00,18.13954790169303,18.379577222648777,17.751105238478356,17.906848907470703,26857000,0.0,0.0
2010-06-10 00:00:00-04:00,18.161545529064988,18.899953605229065,18.139558031378485,18.79184913635254,45764000,0.0,0.0
2010-06-11 00:00:00-04:00,18.689230327515027,18.82115523138949,18.46569294568975,18.769851684570312,19569000,0.0,0.0
2010-06-14 00:00:00-04:00,18.94941847564181,18.992477818037795,18.607699380616396,18.704809188842773,12166000,0.0,0.0
2010-06-15 00:00:00-04:00,18.822077831141733,19.21510228686784,18.586630111003696,19.199527740478516,18280000,0.0,0.0
2010-06-16 00:00:00-04:00,18.977824441579184,19.37359586519898,18.897204789796575,19.295724868774414,15745000,0.0,0.0
2010-06-17 00:00:00-04:00,19.435891946062515,19.895792786686574,19.340613391866842,19.605377197265625,22337000,0.0,0.0
2010-06-18 00:00:00-04:00,19.740970649989563,19.828918893621804,19.45788358218561,19.629201889038086,13863000,0.0,0.0
2010-06-21 00:00:00-04:00,19.763864797207766,21.115170048079477,19.488106438244436,20.46104621887207,53737000,0.0,0.0
2010-06-22 00:00:00-04:00,20.461051701691307,20.794526650109237,20.208198145794405,20.241178512573242,22197000,0.0,0.0
2010-06-23 00:00:00-04:00,20.31630183425524,20.3621080916662,19.73913320545548,20.141319274902344,13795000,0.0,0.0
2010-06-24 00:00:00-04:00,19.948925731775418,20.246671596125847,19.54674147862905,19.68691062927246,12283000,0.0,0.0
2010-06-25 00:00:00-04:00,19.666751754574815,20.007556915283203,19.347020191756776,20.007556915283203,18498000,0.0,0.0
2010-06-28 00:00:00-04:00,19.971824952499585,20.070769507632406,19.34243909861229,19.3781681060791,12425000,0.0,0.0
2010-06-29 00:00:00-04:00,19.23892400692242,19.23892400692242,18.428140571228774,18.596710205078125,17984000,0.0,0.0
2010-06-30 00:00:00-04:00,18.626936518965934,18.84131233351562,18.270558547887795,18.27971839904785,27037000,0.0,0.0
2010-07-01 00:00:00-04:00,18.295310730481155,18.74639083682314,17.851566468473745,18.5841121673584,17029000,0.015,0.0
2010-07-02 00:00:00-04:00,18.782143346873955,18.784894069413724,18.40074246396626,18.590526580810547,8444000,0.0,0.0
2010-07-06 00:00:00-04:00,18.702379311390203,18.886661982399442,18.15869979055377,18.33931541442871,16346000,0.0,0.0
2010-07-07 00:00:00-04:00,18.38881742374707,19.030597686767578,18.38881742374707,19.030597686767578,12675000,0.0,0.0
2010-07-08 00:00:00-04:00,19.086527300896734,19.253389280530996,18.948085368349204,19.223133087158203,9491000,0.0,0.0
2010-07-09 00:00:00-04:00,19.32490214400619,19.759479522705078,19.120449866628515,19.759479522705078,11867000,0.0,0.0
2010-07-12 00:00:00-04:00,19.53119244950567,19.789737647569094,19.372580848786363,19.58987045288086,7162000,0.0,0.0
2010-07-13 00:00:00-04:00,19.840163705408674,19.884171771255772,19.32674035085197,19.677885055541992,16830000,0.0,0.0
2010-07-14 00:00:00-04:00,19.711797797596994,19.802564603617,19.4495856890241,19.544017791748047,8180000,0.0,0.0
2010-07-15 00:00:00-04:00,19.625624924735536,19.625624924735536,19.127787874771652,19.41933822631836,8167000,0.0,0.0
2010-07-16 00:00:00-04:00,18.9269966968542,18.96183625931626,18.081682205200195,18.081682205200195,28878000,0.0,0.0
2010-07-19 00:00:00-04:00,18.122022746182978,18.288884712994648,17.79288043436897,17.954242706298828,23196000,0.0,0.0
2010-07-20 00:00:00-04:00,17.69478128537154,18.829815248444365,17.69478128537154,18.822481155395508,17403000,0.0,0.0
2010-07-21 00:00:00-04:00,18.976522606968096,19.058121014324275,18.454846791904547,18.47410011291504,11656000,0.0,0.0
2010-07-22 00:00:00-04:00,18.789475831035443,19.189213664145914,18.657453401417605,19.106698989868164,9643000,0.0,0.0
2010-07-23 00:00:00-04:00,19.08836040990796,19.553192220049567,19.04160163207317,19.522937774658203,9821000,0.0,0.0
2010-07-26 00:00:00-04:00,19.5880381946889,19.899759984833484,19.381751458753307,19.512859344482422,9821000,0.0,0.0
2010-07-27 00:00:00-04:00,19.6705467700923,19.763146254091748,19.472512264681818,19.64120864868164,7514000,0.0,0.0
2010-07-28 00:00:00-04:00,19.503690814828833,19.702641706229667,19.261648178100586,19.261648178100586,8818000,0.0,0.0
2010-07-29 00:00:00-04:00,19.264390900984953,19.412917652129337,18.749135014743224,19.103946685791016,14649000,0.0,0.0
2010-07-30 00:00:00-04:00,18.841740469745325,19.290986163400145,18.841740469745325,19.257062911987305,7863000,0.0,0.0
2010-08-02 00:00:00-04:00,19.02235128942725,19.081029289152447,18.44475027654592,18.56760597229004,29181000,0.0,0.0
2010-08-03 00:00:00-04:00,18.205461018760168,18.758307357252725,18.153200781129176,18.419998168945312,31650000,0.0,0.0
2010-08-04 00:00:00-04:00,18.574020829079952,18.830731572897776,18.337477966791088,18.822481155395508,17868000,0.0,0.0
2010-08-05 00:00:00-04:00,18.697792158936945,18.830732658196435,18.434663631358415,18.486005783081055,18692000,0.0,0.0
2010-08-06 00:00:00-04:00,18.33656067772209,19.070022405346695,18.33656067772209,19.016847610473633,18455000,0.0,0.0
2010-08-09 00:00:00-04:00,19.216721668423833,19.71822759489123,19.08469920941081,19.701725006103516,19632000,0.0,0.0
2010-08-10 00:00:00-04:00,19.59719960052794,19.93275795389809,19.4092499199216,19.835575103759766,16622000,0.0,0.0
2010-08-11 00:00:00-04:00,19.484439234781053,19.680639420653726,19.222225189208984,19.222225189208984,16610000,0.0,0.0
2010-08-12 00:00:00-04:00,19.088369271672637,19.5587027443141,18.978350829905217,19.421178817749023,11462000,0.0,0.0
2010-08-13 00:00:00-04:00,19.513770340230472,19.52843852713754,19.289146678284897,19.31206703186035,8246000,0.0,0.0
2010-08-16 00:00:00-04:00,19.179126277491967,19.46792585004382,19.071856865566595,19.293729782104492,6006000,0.0,0.0
2010-08-17 00:00:00-04:00,19.36799895083794,19.71089325837749,19.310239016432117,19.62287712097168,7613000,0.0,0.0
2010-08-18 00:00:00-04:00,19.711809746492694,19.72464528757816,19.45418085134062,19.515607833862305,5574000,0.0,0.0
2010-08-19 00:00:00-04:00,19.504605697496928,19.61645851393188,19.1250391813659,19.151626586914062,8567000,0.0,0.0
2010-08-20 00:00:00-04:00,19.094777731625484,19.289145182761516,18.777556355468885,18.92057991027832,7899000,0.0,0.0
2010-08-23 00:00:00-04:00,19.100283987667655,19.119537297874174,18.765641870713026,18.81239891052246,6293000,0.0,0.0
2010-08-24 00:00:00-04:00,18.672121659176906,18.819732098644693,18.537348506746742,18.566686630249023,15151000,0.0,0.0
2010-08-25 00:00:00-04:00,18.466753391071855,19.038854679257486,18.433748220103826,18.896745681762695,8058000,0.0,0.0
2010-08-26 00:00:00-04:00,18.978341725768765,19.08652746587865,18.599691635384175,18.627195358276367,6801000,0.0,0.0
2010-08-27 00:00:00-04:00,18.722547708316437,18.943504333496094,18.474087357090706,18.943504333496094,5447000,0.0,0.0
2010-08-30 00:00:00-04:00,19.037941248025522,19.037941248025522,18.54927259008121,18.5841121673584,4973000,0.0,0.0
2010-08-31 00:00:00-04:00,18.519930674906007,18.558437292127156,18.06701626284148,18.18620491027832,18184000,0.0,0.0
2010-09-01 00:00:00-04:00,18.427330788737578,18.607944656533146,18.290723233469368,18.43558120727539,13209000,0.0,0.0
2010-09-02 00:00:00-04:00,18.57860496886576,18.770221710205078,18.439246702905944,18.770221710205078,8231000,0.0,0.0
2010-09-03 00:00:00-04:00,18.93251054968891,19.023277435943744,18.838078363490137,18.976518630981445,6988000,0.0,0.0
2010-09-07 00:00:00-04:00,18.76288934312606,18.880243591115104,18.33748041275465,18.384239196777344,10815000,0.0,0.0
2010-09-08 00:00:00-04:00,18.292554391972054,18.492423300394506,17.815803348591217,17.823139190673828,21383000,0.0,0.0
2010-09-09 00:00:00-04:00,18.062433617634927,18.0688513874299,17.529756975941183,17.601268768310547,21207000,0.0,0.0
2010-09-10 00:00:00-04:00,17.67003386958349,18.178872147083116,17.645279111830238,18.16603660583496,14930000,0.0,0.0
2010-09-13 00:00:00-04:00,18.031260324987066,18.034011047455007,17.51141924503328,17.697534561157227,39157000,0.0,0.0
2010-09-14 00:00:00-04:00,17.727787528218933,18.451164451834696,17.71678464035275,18.313640594482422,22223000,0.0,0.0
2010-09-15 00:00:00-04:00,18.717973023586985,19.531199193950133,18.716138624934146,19.2699031829834,45712000,0.0,0.0
2010-09-16 00:00:00-04:00,19.317569997964966,19.563279635121898,19.092948067036644,19.279979705810547,21782000,0.0,0.0
2010-09-17 00:00:00-04:00,19.39091783413556,19.65221375487248,19.24972689411134,19.58987045288086,18033000,0.0,0.0
2010-09-20 00:00:00-04:00,19.62012001092299,20.05194664001465,19.392747394925642,20.05194664001465,17232000,0.0,0.0
2010-09-21 00:00:00-04:00,20.020781263428113,20.11888222198475,19.683388391148736,19.894258499145508,17864000,0.0,0.0
2010-09-22 00:00:00-04:00,19.826418679267956,20.160144586889853,19.631134787012833,20.081296920776367,13085000,0.0,0.0
2010-09-23 00:00:00-04:00,19.906173744337767,20.461772457920823,19.906173744337767,20.117961883544922,18314000,0.0,0.0
2010-09-24 00:00:00-04:00,20.289400833387628,20.445261647686674,20.13354001908858,20.31415557861328,11947000,0.0,0.0
2010-09-27 00:00:00-04:00,20.26191130777226,20.58280165006258,20.24449064199989,20.387516021728516,9131000,0.0,0.0
2010-09-28 00:00:00-04:00,20.410429060651936,20.481942599206636,20.202309711978245,20.445268630981445,9990000,0.0,0.0
2010-09-29 00:00:00-04:00,20.386591682713004,20.547953989702663,20.31232917292238,20.411346435546875,11578000,0.0,0.0
2010-09-30 00:00:00-04:00,20.519537872072615,20.747826909448793,20.4232695564729,20.536956787109375,12062000,0.0,0.0
2010-10-01 00:00:00-04:00,20.62864055550191,20.720323752157558,20.41777042729199,20.608470916748047,9572000,0.0,0.0
2010-10-04 00:00:00-04:00,20.681815811326626,20.826673818902655,20.078541849575306,20.412267684936523,14600000,0.0,0.0
2010-10-05 00:00:00-04:00,20.722161806876652,20.90277752406645,20.561717482413624,20.71116065979004,12251000,0.0,0.0
2010-10-06 00:00:00-04:00,20.715733429347182,20.715733429347182,20.32974917443316,20.472774505615234,8055000,0.0,0.0
2010-10-07 00:00:00-04:00,20.612230962306665,20.642507507928936,20.25351111798909,20.262685775756836,5982000,0.015,0.0
2010-10-08 00:00:00-04:00,20.285615716734252,20.463600176538243,20.119558483590087,20.421398162841797,8618000,0.0,0.0
2010-10-11 00:00:00-04:00,20.395709015803526,20.571857837608285,20.284697967985835,20.4461669921875,4560000,0.0,0.0
2010-10-12 00:00:00-04:00,20.334243481009334,20.427823930296263,20.18378295946706,20.37919807434082,6982000,0.0,0.0
2010-10-13 00:00:00-04:00,20.459009694347586,21.23058183100233,20.442496016905267,21.18287467956543,18800000,0.0,0.0
2010-10-14 00:00:00-04:00,21.176454632721573,21.50031137947686,21.03333316465023,21.345264434814453,19475000,0.0,0.0
2010-10-15 00:00:00-04:00,21.438851547890568,21.618669956764574,21.19572921959825,21.44068717956543,10996000,0.0,0.0
2010-10-18 00:00:00-04:00,21.55077279721908,21.7287572682628,21.488387588225255,21.601232528686523,8128000,0.0,0.0
2010-10-19 00:00:00-04:00,21.432426932449676,22.070050755850964,21.330590508862596,21.748027801513672,15936000,0.0,0.0
2010-10-20 00:00:00-04:00,21.756281965827355,22.165461474935103,21.54526837716209,22.066377639770508,9217000,0.0,0.0
2010-10-21 00:00:00-04:00,22.05903581869695,22.59207049166442,22.05903581869695,22.31133270263672,11449000,0.0,0.0
2010-10-22 00:00:00-04:00,22.385645955391535,22.498492639373744,22.119587954326107,22.260873794555664,6182000,0.0,0.0
2010-10-25 00:00:00-04:00,22.394822454407848,22.798498566724973,22.31959132555907,22.491153717041016,9933000,0.0,0.0
2010-10-26 00:00:00-04:00,22.477394330791377,22.564550944155595,22.264546846169605,22.341611862182617,9054000,0.0,0.0
2010-10-27 00:00:00-04:00,22.25629536276077,22.589326891860804,22.25629536276077,22.5471248626709,9034000,0.0,0.0
2010-10-28 00:00:00-04:00,22.46913448562744,22.46913448562744,21.78196974140807,21.974632263183594,13105000,0.0,0.0
2010-10-29 00:00:00-04:00,22.01408404725588,22.338859521130264,21.954449658015886,22.0241756439209,8065000,0.0,0.0
2010-11-01 00:00:00-04:00,22.258122715280283,22.28931619505222,21.85628224025121,21.926008224487305,8713000,0.0,0.0
2010-11-02 00:00:00-04:00,22.706752760995364,22.77923131489123,22.31041744075628,22.56730079650879,18490000,0.0,0.0
2010-11-03 00:00:00-04:00,22.633361933399993,23.11960827830071,22.615012618523668,23.10401153564453,15721000,0.0,0.0
2010-11-04 00:00:00-04:00,23.165473211251747,23.392998701236134,23.055379103268024,23.384742736816406,11751000,0.0,0.0
2010-11-05 00:00:00-04:00,23.531544355784874,23.568241241783753,23.271906581563428,23.513195037841797,10195000,0.0,0.0
2010-11-08 00:00:00-05:00,23.394839518520474,23.47557404901546,23.050797760895172,23.1893310546875,8045000,0.0,0.0
2010-11-09 00:00:00-05:00,23.22236016271931,23.284745379483624,22.99666850379873,23.07556915283203,6244000,0.0,0.0
2010-11-10 00:00:00-05:00,23.120519884207223,23.303090800405055,23.018683484994614,23.263641357421875,5776000,0.0,0.0
2010-11-11 00:00:00-05:00,23.126028060913086,23.38291144405642,23.06547672775976,23.126028060913086,4812000,0.0,0.0
2010-11-12 00:00:00-05:00,22.937944666041847,23.02785382148597,22.258117358300904,22.309494018554688,11052000,0.0,0.0
2010-11-15 00:00:00-05:00,22.27738589825303,22.70583334106387,21.993895547405465,22.287477493286133,8058000,0.0,0.0
2010-11-16 00:00:00-05:00,22.082895291492665,22.082895291492665,21.35077405845909,21.381967544555664,14991000,0.0,0.0
2010-11-17 00:00:00-05:00,21.44435590910567,21.931519238662545,21.368207820408603,21.520503997802734,10875000,0.0,0.0
2010-11-18 00:00:00-05:00,21.841602444196976,22.348950586156448,21.715913334362522,22.247114181518555,10571000,0.0,0.0
2010-11-19 00:00:00-05:00,22.40674802225878,22.47647400239565,22.179220771309698,22.374637603759766,9330000,0.0,0.0
2010-11-22 00:00:00-05:00,22.24987241259398,22.400332956396902,22.11042040863108,22.331523895263672,6292000,0.0,0.0
2010-11-23 00:00:00-05:00,22.158117163473197,22.235182155782788,21.603980671314314,21.619577407836914,11405000,0.0,0.0
2010-11-24 00:00:00-05:00,21.69756596566249,22.097572595339564,21.69756596566249,21.815916061401367,9015000,0.0,0.0
2010-11-26 00:00:00-05:00,21.73793093551941,21.73793093551941,21.376456866464743,21.573707580566406,7351000,0.0,0.0
2010-11-29 00:00:00-05:00,21.55077678600907,21.657201412045843,21.102146013056505,21.611328125,8736000,0.0,0.0
2010-11-30 00:00:00-05:00,21.44984890171375,21.887470964275114,21.37737211138096,21.746183395385742,15648000,0.0,0.0
2010-12-01 00:00:00-05:00,22.19482103308241,22.936116847562126,22.07922350813811,22.77005958557129,14105000,0.0,0.0
2010-12-02 00:00:00-05:00,22.76180622433643,22.86180877685547,22.503087154773407,22.86180877685547,10802000,0.0,0.0
2010-12-03 00:00:00-05:00,22.75170115050527,22.880142793392984,22.493899174504822,22.851703643798828,7642000,0.0,0.0
2010-12-06 00:00:00-05:00,22.683820888104954,23.266398491082732,22.683820888104954,23.226030349731445,7605000,0.0,0.0
2010-12-07 00:00:00-05:00,23.349878882026697,23.455384783741028,22.6159222724378,22.64069366455078,8389000,0.0,0.0
2010-12-08 00:00:00-05:00,22.632439914734267,23.004922523694734,22.585649697263737,22.994829177856445,8361000,0.0,0.0
2010-12-09 00:00:00-05:00,22.981070787417867,23.31593787388811,22.64253418833911,23.048044204711914,7740000,0.0,0.0
2010-12-10 00:00:00-05:00,23.0764777859797,23.372812271118164,22.96638544314111,23.372812271118164,8104000,0.0,0.0
2010-12-13 00:00:00-05:00,23.35630767613279,23.919619024006487,23.170065461417806,23.793928146362305,13835000,0.0,0.0
2010-12-14 00:00:00-05:00,23.812268061468693,23.853553127261325,23.275563956050703,23.314096450805664,7172000,0.0,0.0
2010-12-15 00:00:00-05:00,23.392081056453215,23.48657842338227,22.74344890399664,22.864551544189453,12579000,0.0,0.0
2010-12-16 00:00:00-05:00,22.936115984953208,23.304010431407107,20.027816408065668,20.503971099853516,90628000,0.0,0.0
2010-12-17 00:00:00-05:00,20.56727301232116,20.662687337691622,19.725059515209654,20.299379348754883,63476000,0.0,0.0
2010-12-20 00:00:00-05:00,20.3030498129285,20.632413513970114,20.276444533411784,20.50855827331543,27406000,0.0,0.0
2010-12-21 00:00:00-05:00,20.624157169474557,20.734251307340017,20.047084698635203,20.16360092163086,32115000,0.0,0.0
2010-12-22 00:00:00-05:00,20.147077148417676,20.318639494382346,19.763586080886935,19.945240020751953,24424000,0.0,0.0
2010-12-23 00:00:00-05:00,19.935151219137847,20.043409695934727,19.88469149268204,20.027812957763672,12985000,0.0,0.0
2010-12-27 00:00:00-05:00,20.0278159806,20.6590176270501,19.958089993506626,20.610393524169922,14670000,0.0,0.0
2010-12-28 00:00:00-05:00,20.643423376323238,20.803058563437567,20.46727450603966,20.598468780517578,9294000,0.0,0.0
2010-12-29 00:00:00-05:00,20.587461326337298,20.746179581050566,20.52324047180292,20.684709548950195,6478000,0.0,0.0
2010-12-30 00:00:00-05:00,20.64250333628291,20.734248145532614,20.50855650973981,20.525070190429688,7649000,0.0,0.0
2010-12-31 00:00:00-05:00,20.507641491335974,20.704892237251205,20.463603838777445,20.56085205078125,3826000,0.0,0.0
2011-01-03 00:00:00-05:00,20.774618062203338,20.778289325102055,20.122316189835207,20.26176643371582,19272000,0.0,0.0
2011-01-04 00:00:00-05:00,20.296621233073974,20.523231506347656,20.264510819834033,20.523231506347656,13638000,0.0,0.0
2011-01-05 00:00:00-05:00,20.523239621787482,21.26912194407929,20.52232093112715,21.12783432006836,27856000,0.0,0.0
2011-01-06 00:00:00-05:00,21.260945132638113,21.358256706280283,20.940547468076918,21.217796325683594,15872000,0.015,0.0
2011-01-07 00:00:00-05:00,21.21963139928336,21.43445262508106,21.026841593185104,21.21504020690918,13989000,0.0,0.0
2011-01-10 00:00:00-05:00,21.238913606388596,21.312356936896517,21.03327123035015,21.133338928222656,10565000,0.0,0.0
2011-01-11 00:00:00-05:00,21.225150174297653,21.298593527799262,20.96718002302986,21.05990219116211,8972000,0.0,0.0
2011-01-12 00:00:00-05:00,21.170059632602573,21.374784469604492,21.090190032885097,21.374784469604492,10265000,0.0,0.0
2011-01-13 00:00:00-05:00,21.37570745995747,21.43721580505371,21.233410205303052,21.43721580505371,7222000,0.0,0.0
2011-01-14 00:00:00-05:00,21.453739382412003,21.74934959411621,21.41793612334639,21.74934959411621,10951000,0.0,0.0
2011-01-18 00:00:00-05:00,21.686002160032288,21.93938281533803,21.686002160032288,21.815446853637695,6672000,0.0,0.0
2011-01-19 00:00:00-05:00,21.73190327382839,21.802592239453126,21.597867399375165,21.60704803466797,12053000,0.0,0.0
2011-01-20 00:00:00-05:00,21.45832788385117,21.926529812275685,20.934124601303708,21.583181381225586,29098000,0.0,0.0
2011-01-21 00:00:00-05:00,21.757603844493488,21.757603844493488,21.419764240231387,21.439043045043945,7896000,0.0,0.0
2011-01-24 00:00:00-05:00,21.439968469306294,22.014662672947832,21.432624660303134,21.941219329833984,10130000,0.0,0.0
2011-01-25 00:00:00-05:00,21.94029268834508,22.210197694041764,21.59051810203816,22.174392700195312,13369000,0.0,0.0
2011-01-26 00:00:00-05:00,22.363522521163947,22.363522521163947,21.850336596806514,22.049551010131836,6900000,0.0,0.0
2011-01-27 00:00:00-05:00,22.086274101871844,22.146864912392488,21.846665226316702,21.95132064819336,5775000,0.0,0.0
2011-01-28 00:00:00-05:00,21.955900340030187,22.080753800687987,21.534519253675086,21.56205940246582,6191000,0.0,0.0
2011-01-31 00:00:00-05:00,21.48218975804925,21.718126604298693,21.366516930992812,21.712617874145508,6239000,0.0,0.0
2011-02-01 00:00:00-05:00,21.14344193576376,22.205616980832644,21.14344193576376,21.863187789916992,9623000,0.0,0.0
2011-02-02 00:00:00-05:00,21.89163797789559,22.24967392561862,21.865013615708452,21.977014541625977,10310000,0.0,0.0
2011-02-03 00:00:00-05:00,21.941221831313534,22.764707357879665,21.762203771503216,22.527851104736328,18662000,0.0,0.0
2011-02-04 00:00:00-05:00,22.565488083977378,22.89873836169357,22.400240128152976,22.69768714904785,7830000,0.0,0.0
2011-02-07 00:00:00-05:00,22.70044259829516,23.07683998865496,22.70044259829516,22.94923210144043,6289000,0.0,0.0
2011-02-08 00:00:00-05:00,23.133751562013845,23.133751562013845,22.80050309930507,22.915258407592773,5801000,0.0,0.0
2011-02-09 00:00:00-05:00,22.817024488056575,23.09886275906735,22.721548000288905,22.813352584838867,6012000,0.0,0.0
2011-02-10 00:00:00-05:00,22.71880084898775,23.22647796384432,22.71880084898775,23.146608352661133,7186000,0.0,0.0
2011-02-11 00:00:00-05:00,23.019917673676176,23.395395690334833,22.99053893922999,23.271461486816406,5565000,0.0,0.0
2011-02-14 00:00:00-05:00,23.18424530467832,23.75251314265991,23.18424530467832,23.40641212463379,11144000,0.0,0.0
2011-02-15 00:00:00-05:00,23.429371423067366,23.553307417582403,23.319205510933628,23.511077880859375,6887000,0.0,0.0
2011-02-16 00:00:00-05:00,23.579924782104484,23.76169718329313,23.298086419287007,23.353168487548828,8418000,0.0,0.0
2011-02-17 00:00:00-05:00,22.984114663644128,23.3182824754761,22.823457903641913,23.118148803710938,14951000,0.0,0.0
2011-02-18 00:00:00-05:00,23.13467179458499,23.2430008380424,22.919848784086028,23.018997192382812,8877000,0.0,0.0
2011-02-22 00:00:00-05:00,22.520507154419832,22.999724888556173,22.413095618792596,22.710542678833008,6916000,0.0,0.0
2011-02-23 00:00:00-05:00,22.71053114575767,22.886794748509608,22.408494795735468,22.4112491607666,8440000,0.0,0.0
2011-02-24 00:00:00-05:00,22.492043470490383,22.634340702408206,22.30476234774664,22.416763305664062,9580000,0.0,0.0
2011-02-25 00:00:00-05:00,22.64811314703417,22.8904763602484,22.492963358671552,22.649030685424805,9826000,0.0,0.0
2011-02-28 00:00:00-05:00,22.728900163137293,22.753687707753627,22.071581967776645,22.084434509277344,13373000,0.0,0.0
2011-03-01 00:00:00-05:00,22.263453697989362,22.674736798211363,22.06607437133789,22.06607437133789,12126000,0.0,0.0
2011-03-02 00:00:00-05:00,22.134009083042397,22.67106319840936,22.069746377035486,22.600374221801758,7798000,0.0,0.0
2011-03-03 00:00:00-05:00,22.670147939390958,23.10713613520186,22.64995158719457,23.10254669189453,10239000,0.0,0.0
2011-03-04 00:00:00-05:00,22.941889741322722,23.114481538429306,22.819790579215685,22.928119659423828,6887000,0.0,0.0
2011-03-07 00:00:00-05:00,22.942804579119404,23.216381614020843,22.625162937123054,22.700441360473633,7923000,0.0,0.0
2011-03-08 00:00:00-05:00,22.69585890591212,23.094289577493733,22.49205325011063,22.859270095825195,8048000,0.0,0.0
2011-03-09 00:00:00-05:00,22.83171880328777,23.1209009434466,22.714209119703643,22.7656192779541,8961000,0.0,0.0
2011-03-10 00:00:00-05:00,22.719715302887597,22.719715302887597,22.226727623521207,22.359844207763672,10315000,0.0,0.0
2011-03-11 00:00:00-05:00,22.218462694767112,22.859256272115147,22.218462694767112,22.80600929260254,5006000,0.0,0.0
2011-03-14 00:00:00-04:00,22.69401174072186,22.913424209517856,22.604961499206443,22.844572067260742,7354000,0.0,0.0
2011-03-15 00:00:00-04:00,22.3093546675579,22.6370962111486,22.20469751276965,22.45991325378418,9512000,0.0,0.0
2011-03-16 00:00:00-04:00,22.404827532042376,22.806929889316013,22.389220627652076,22.427778244018555,9587000,0.0,0.0
2011-03-17 00:00:00-04:00,22.63433741864683,22.859256840145427,22.243250785455334,22.378202438354492,6941000,0.0,0.0
2011-03-18 00:00:00-04:00,22.448894035693105,22.607715707662937,22.16154696491635,22.187252044677734,9169000,0.0,0.0
2011-03-21 00:00:00-04:00,22.338731277166183,22.767456312899196,22.338731277166183,22.763784408569336,7056000,0.0,0.0
2011-03-22 00:00:00-04:00,22.728898180876687,22.886802320708895,22.6196515876485,22.65361976623535,8083000,0.0,0.0
2011-03-23 00:00:00-04:00,22.64168419752646,22.800505871689015,22.559977763712727,22.662799835205078,6606000,0.0,0.0
2011-03-24 00:00:00-04:00,22.74266619769801,23.235653843058547,22.538860662400246,23.163129806518555,8619000,0.0,0.0
2011-03-25 00:00:00-04:00,23.136505645257145,23.25401531764966,22.708698225394023,22.739912033081055,11570000,0.0,0.0
2011-03-28 00:00:00-04:00,23.02084350648096,23.34399394257722,22.751857614434066,23.16864776611328,13286000,0.0,0.0
2011-03-29 00:00:00-04:00,23.07776248941036,23.21822293873751,22.89782511739845,23.108057022094727,7479000,0.0,0.0
2011-03-30 00:00:00-04:00,23.55238306423427,24.087602057471962,23.15303328044919,23.287067413330078,19207000,0.0,0.0
2011-03-31 00:00:00-04:00,23.23382223198083,23.47802049467718,23.05480420828211,23.10896873474121,8263000,0.0,0.0
2011-04-01 00:00:00-04:00,23.135586277081078,23.422015752563794,23.129160008420126,23.27696418762207,7964000,0.0,0.0
2011-04-04 00:00:00-04:00,23.401816641526413,23.991200007600753,23.397227200265064,23.983856201171875,9017000,0.0,0.0
2011-04-05 00:00:00-04:00,23.871856840019486,24.289566063285157,23.81402042078643,24.13808822631836,14002000,0.0,0.0
2011-04-06 00:00:00-04:00,24.240055932677844,24.396212337522886,24.058179773060225,24.3861083984375,9952000,0.015,0.0
2011-04-07 00:00:00-04:00,24.387947318778384,24.432958646817983,24.143609620424762,24.357635498046875,7454000,0.0,0.0
2011-04-08 00:00:00-04:00,24.52480705114959,24.525726865115537,24.158298854291186,24.16381072998047,8661000,0.0,0.0
2011-04-11 00:00:00-04:00,24.14728355312102,24.56706924335752,24.08114628258372,24.48990821838379,7560000,0.0,0.0
2011-04-12 00:00:00-04:00,23.933251120972805,24.5514467014752,23.933251120972805,24.154624938964844,9672000,0.0,0.0
2011-04-13 00:00:00-04:00,24.34568944887859,24.79762475888199,24.293331880341505,24.779253005981445,12726000,0.0,0.0
2011-04-14 00:00:00-04:00,24.620344770983653,24.793954886350495,24.527569681025728,24.6975040435791,6235000,0.0,0.0
2011-04-15 00:00:00-04:00,24.710362822827854,24.752618210058845,24.26761508729443,24.579008102416992,12410000,0.0,0.0
2011-04-18 00:00:00-04:00,24.478875971925735,24.481631909381523,24.202386940879766,24.346601486206055,6748000,0.0,0.0
2011-04-19 00:00:00-04:00,24.421011547240543,24.6974988829344,24.38702398102088,24.531238555908203,5973000,0.0,0.0
2011-04-20 00:00:00-04:00,24.736999565827922,25.145761434855626,24.66718830589137,24.803136825561523,7363000,0.0,0.0
2011-04-21 00:00:00-04:00,24.80129206681695,25.109010960747415,24.70484301815453,25.102581024169922,7145000,0.0,0.0
2011-04-25 00:00:00-04:00,25.102593522185387,25.16873079649344,24.864685750369176,24.932659149169922,5667000,0.0,0.0
2011-04-26 00:00:00-04:00,24.904180377188588,25.54533990346186,24.904180377188588,25.385509490966797,6497000,0.0,0.0
2011-04-27 00:00:00-04:00,25.357950808233646,25.375402746967225,24.94826913070229,25.293649673461914,5516000,0.0,0.0
2011-04-28 00:00:00-04:00,25.29089197092153,25.337737656392697,25.1705592845003,25.233020782470703,4601000,0.0,0.0
2011-04-29 00:00:00-04:00,25.233020247440322,25.342330932617188,25.11819943893027,25.342330932617188,7510000,0.0,0.0
2011-05-02 00:00:00-04:00,25.441532597504466,25.719857738352417,25.258736688898534,25.287212371826172,8273000,0.0,0.0
2011-05-03 00:00:00-04:00,25.903578563327997,26.344490106458895,25.74374642071698,25.93848419189453,14846000,0.0,0.0
2011-05-04 00:00:00-04:00,25.687718010280758,26.00737883072861,25.557281356138727,25.93940544128418,10899000,0.0,0.0
2011-05-05 00:00:00-04:00,25.769461458854284,25.901734187791806,25.08329087390381,25.21464729309082,10772000,0.0,0.0
2011-05-06 00:00:00-04:00,25.262425348234814,25.508600932859146,25.156788622478174,25.191694259643555,6294000,0.0,0.0
2011-05-09 00:00:00-04:00,25.216486478856734,25.65464377922825,25.08696967154779,25.60687828063965,5102000,0.0,0.0
2011-05-10 00:00:00-04:00,25.718948544296214,25.870511132886964,25.617905650551137,25.82090950012207,5248000,0.0,0.0
2011-05-11 00:00:00-04:00,25.8117230250797,25.903580039807753,25.44980684257816,25.548093795776367,6754000,0.0,0.0
2011-05-12 00:00:00-04:00,25.450726097932463,25.972470916647527,25.416738530181988,25.912763595581055,7240000,0.0,0.0
2011-05-13 00:00:00-04:00,25.928375920863278,25.97154935927717,25.670258608375402,25.71986198425293,5834000,0.0,0.0
2011-05-16 00:00:00-04:00,25.55543589023138,25.921944050354153,25.42591908870112,25.641782760620117,6069000,0.0,0.0
2011-05-17 00:00:00-04:00,25.74191037090604,25.921948638327446,25.399284022356703,25.908170700073242,11190000,0.0,0.0
2011-05-18 00:00:00-04:00,25.721705140770773,25.989006631346587,25.528805225232762,25.843873977661133,7085000,0.0,0.0
2011-05-19 00:00:00-04:00,25.945831537062457,26.156183365158988,25.81172090227812,26.092802047729492,6320000,0.0,0.0
2011-05-20 00:00:00-04:00,26.158019911838718,26.158019911838718,25.473688788991602,25.496652603149414,9856000,0.0,0.0
2011-05-23 00:00:00-04:00,25.21465592207611,25.312023064527008,24.790278216465584,24.981338500976562,9176000,0.0,0.0
2011-05-24 00:00:00-04:00,25.091565720656195,25.09523972081974,24.65524622674632,24.809566497802734,7887000,0.0,0.0
2011-05-25 00:00:00-04:00,24.622176368601536,25.309263397203967,24.617582554769687,25.212814331054688,9383000,0.0,0.0
2011-05-26 00:00:00-04:00,25.168725121469055,26.05330592880648,25.03094047841525,25.912763595581055,14866000,0.0,0.0
2011-05-27 00:00:00-04:00,25.92103354707624,26.300401691791002,25.86040815897216,26.201196670532227,11587000,0.0,0.0
2011-05-31 00:00:00-04:00,26.3426547433838,26.5070789637427,26.22048590775996,26.367456436157227,9573000,0.0,0.0
2011-06-01 00:00:00-04:00,26.326119324179118,26.43267233781916,25.78049087524414,25.78049087524414,8658000,0.0,0.0
2011-06-02 00:00:00-04:00,25.783250872066574,26.253556259029764,25.67394190306986,25.972475051879883,8623000,0.0,0.0
2011-06-03 00:00:00-04:00,25.628926424055432,25.96604090640131,25.307429508495915,25.449806213378906,7016000,0.0,0.0
2011-06-06 00:00:00-04:00,25.422246467370265,25.511347528130962,24.89774403975367,24.977659225463867,9254000,0.0,0.0
2011-06-07 00:00:00-04:00,25.07779049398695,25.45807670845383,25.07779049398695,25.18709945678711,10541000,0.0,0.0
2011-06-08 00:00:00-04:00,25.03736780358627,25.043797741244177,23.730247327038175,24.80129623413086,30792000,0.0,0.0
2011-06-09 00:00:00-04:00,24.665347887683193,25.084215404132635,24.631362075288447,24.95745277404785,8317000,0.0,0.0
2011-06-10 00:00:00-04:00,24.837115418731248,24.949180276453102,24.354868429803293,24.52847671508789,10220000,0.0,0.0
2011-06-13 00:00:00-04:00,24.527553235130803,24.72504509920306,24.460497947665733,24.56429672241211,9258000,0.0,0.0
2011-06-14 00:00:00-04:00,24.7094452208226,25.256911620452545,24.667191584831755,25.179752349853516,8926000,0.0,0.0
2011-06-15 00:00:00-04:00,24.900510190332486,25.323051855827035,24.844478607177734,24.844478607177734,10766000,0.0,0.0
2011-06-16 00:00:00-04:00,24.844476181336077,24.844476181336077,24.35579728728298,24.496337890625,8746000,0.0,0.0
2011-06-17 00:00:00-04:00,24.641466589895757,25.021752737029495,24.330071883140935,24.442136764526367,12558000,0.0,0.0
2011-06-20 00:00:00-04:00,24.43295296955288,24.861922687317872,24.376001590109528,24.79670524597168,6104000,0.0,0.0
2011-06-21 00:00:00-04:00,24.90050107761518,25.300996837784314,24.81231807485551,25.171478271484375,6106000,0.0,0.0
2011-06-22 00:00:00-04:00,25.083301570787192,25.379998589667263,24.90601921081543,24.90601921081543,5425000,0.0,0.0
2011-06-23 00:00:00-04:00,24.700250343025452,25.088804244995117,24.534908107972285,25.088804244995117,6659000,0.0,0.0
2011-06-24 00:00:00-04:00,25.076870679826506,25.18709945678711,24.83345106040668,25.18709945678711,12495000,0.0,0.0
2011-06-27 00:00:00-04:00,25.084216396878315,25.18066546618315,24.8380408786412,25.040124893188477,8099000,0.0,0.0
2011-06-28 00:00:00-04:00,25.238534966970132,25.628006997099487,25.16321183532108,25.55727767944336,10349000,0.0,0.0
2011-06-29 00:00:00-04:00,25.614228685240644,28.458111366095757,25.281708039696387,28.44800567626953,44579000,0.0,0.0
2011-06-30 00:00:00-04:00,28.179785179815248,28.452600267994516,27.51841787057185,27.680086135864258,37687000,0.0,0.0
2011-07-01 00:00:00-04:00,27.60108344411853,28.993629038691314,27.52024845173988,28.886157989501953,24158000,0.0,0.0
2011-07-05 00:00:00-04:00,28.697860456587843,29.185619484840842,28.659280824615763,29.023033142089844,10387000,0.0,0.0
2011-07-06 00:00:00-04:00,28.940317991625662,29.158122970882342,28.67564507305478,28.755599975585938,10999000,0.015,0.0
2011-07-07 00:00:00-04:00,28.71515780163931,29.617618749511593,28.71515780163931,29.318023681640625,21592000,0.0,0.0
2011-07-08 00:00:00-04:00,28.86221169786989,29.172834144979337,28.777662528604647,28.975248336791992,10455000,0.0,0.0
2011-07-11 00:00:00-04:00,28.782251528185057,28.796954508580544,28.21338922016546,28.25566291809082,10621000,0.0,0.0
2011-07-12 00:00:00-04:00,28.320902933265955,28.443131500470585,27.912865549775645,27.92940902709961,13843000,0.0,0.0
2011-07-13 00:00:00-04:00,28.116898087756695,28.484500715326465,28.093923361748395,28.111385345458984,12417000,0.0,0.0
2011-07-14 00:00:00-04:00,27.98455529890194,28.580988288251724,27.98455529890194,28.092079162597656,9649000,0.0,0.0
2011-07-15 00:00:00-04:00,28.17387319222757,28.424761657834214,28.06910656095382,28.263935089111328,10013000,0.0,0.0
2011-07-18 00:00:00-04:00,28.180306184862125,28.440384890355134,27.933095217497254,28.263935089111328,11773000,0.0,0.0
2011-07-19 00:00:00-04:00,28.42935190740302,28.74365175706934,28.339290023171756,28.61682891845703,10771000,0.0,0.0
2011-07-20 00:00:00-04:00,28.717919102113072,28.744569566399683,28.16835406557931,28.33009910583496,5922000,0.0,0.0
2011-07-21 00:00:00-04:00,28.483572090276464,28.94215498881985,28.359506502874883,28.536874771118164,8257000,0.0,0.0
2011-07-22 00:00:00-04:00,28.554339943121853,29.01384141923145,28.39902962211807,28.869558334350586,6793000,0.0,0.0
2011-07-25 00:00:00-04:00,28.513904927415272,29.28954329114883,28.459683739332657,29.07265853881836,7013000,0.0,0.0
2011-07-26 00:00:00-04:00,29.07357652622019,29.284028282248318,28.706894201294066,28.742734909057617,5409000,0.0,0.0
2011-07-27 00:00:00-04:00,28.615905228556624,28.81073369399482,27.843942855202734,27.85405158996582,10670000,0.0,0.0
2011-07-28 00:00:00-04:00,27.93125794676855,28.683921630567685,27.81913981879494,28.20420265197754,11385000,0.0,0.0
2011-07-29 00:00:00-04:00,27.75848375317956,28.200524994996957,27.533327261454556,27.868764877319336,8973000,0.0,0.0
2011-08-01 00:00:00-04:00,28.32734130018692,28.64072263816078,27.66382117718152,27.948713302612305,7046000,0.0,0.0
2011-08-02 00:00:00-04:00,27.838439413429008,28.434872529800167,27.43132209777832,27.43132209777832,11625000,0.0,0.0
2011-08-03 00:00:00-04:00,28.69218873955584,31.28469500701882,28.630614314286987,31.10548973083496,51905000,0.0,0.0
2011-08-04 00:00:00-04:00,30.679069094996937,30.842652878997825,29.64702796936035,29.64702796936035,24544000,0.0,0.0
2011-08-05 00:00:00-04:00,30.214065882602434,30.41349220462914,28.79604467977683,30.00912857055664,23768000,0.0,0.0
2011-08-08 00:00:00-04:00,28.93664320815128,29.619462375431123,26.804556808900603,26.831207275390625,28694000,0.0,0.0
2011-08-09 00:00:00-04:00,27.562734905088377,29.666330337524414,27.068311257573317,29.666330337524414,26779000,0.0,0.0
2011-08-10 00:00:00-04:00,28.857607341688507,29.5183702578604,27.90184529897086,27.911035537719727,29809000,0.0,0.0
2011-08-11 00:00:00-04:00,28.41832519531713,30.327093789893002,28.112297080617402,30.08723258972168,25496000,0.0,0.0
2011-08-12 00:00:00-04:00,30.23519626731169,30.57706334870195,29.240834474336772,30.14972686767578,12999000,0.0,0.0
2011-08-15 00:00:00-04:00,30.420826709168352,31.10823819292718,29.96499937704748,30.786588668823242,14919000,0.0,0.0
2011-08-16 00:00:00-04:00,30.678146328451504,31.06228876172903,30.18464305697864,30.786588668823242,14729000,0.0,0.0
2011-08-17 00:00:00-04:00,30.981430660662983,31.020028618226505,29.692988067430424,29.979717254638672,14693000,0.0,0.0
2011-08-18 00:00:00-04:00,29.18201564592413,29.4080906089147,27.819134629064557,28.02131462097168,21241000,0.0,0.0
2011-08-19 00:00:00-04:00,27.688643299132945,28.516665964746387,27.57009216923982,27.584796905517578,15611000,0.0,0.0
2011-08-22 00:00:00-04:00,28.299767677076016,28.369612073557313,27.698738818784374,28.12148094177246,10295000,0.0,0.0
2011-08-23 00:00:00-04:00,28.37237049646109,29.636919499032423,27.961577566886533,29.627727508544922,10723000,0.0,0.0
2011-08-24 00:00:00-04:00,29.62038547915349,30.30963774571355,29.311601809930416,29.88597869873047,11707000,0.0,0.0
2011-08-25 00:00:00-04:00,29.968689046911578,30.280231715783213,29.496321550663225,29.670930862426758,8263000,0.0,0.0
2011-08-26 00:00:00-04:00,29.484362981701803,30.052306662731926,28.798786719917224,29.89791488647461,10520000,0.0,0.0
2011-08-29 00:00:00-04:00,30.278383650283835,30.690098611242206,29.575347076424695,30.08539390563965,15119000,0.0,0.0
2011-08-30 00:00:00-04:00,29.897931727523318,30.492526204040473,29.500923077599303,30.302291870117188,11211000,0.0,0.0
2011-08-31 00:00:00-04:00,30.5972855536522,30.85552728288759,29.97144471764088,30.30044937133789,10337000,0.0,0.0
2011-09-01 00:00:00-04:00,30.339032629908463,30.80220791105227,30.18831486055534,30.332599639892578,10556000,0.0,0.0
2011-09-02 00:00:00-04:00,29.651629064381652,30.01647263972423,29.41268984438161,29.4705867767334,8722000,0.0,0.0
2011-09-06 00:00:00-04:00,28.772142483694086,29.71320158045251,28.62877790921572,29.683792114257812,12269000,0.0,0.0
2011-09-07 00:00:00-04:00,30.15615953227248,31.185441768939576,30.082641125369417,31.163387298583984,16441000,0.0,0.0
2011-09-08 00:00:00-04:00,30.993371626693758,31.717547768204625,30.82151783072627,31.054027557373047,16012000,0.0,0.0
2011-09-09 00:00:00-04:00,30.895045336490476,31.026464206264038,29.58087066162893,29.59373664855957,17671000,0.0,0.0
2011-09-12 00:00:00-04:00,29.403500083927764,29.912626749392842,28.921022134081504,29.595569610595703,15418000,0.0,0.0
2011-09-13 00:00:00-04:00,29.624978690261504,30.225087495069253,29.412689937631914,30.222332000732422,10394000,0.0,0.0
2011-09-14 00:00:00-04:00,30.32985756010434,31.12295978142961,29.99534189267213,30.991540908813477,17896000,0.0,0.0
2011-09-15 00:00:00-04:00,31.131219995191337,32.124663204545676,30.375800980172205,31.97578239440918,22126000,0.0,0.0
2011-09-16 00:00:00-04:00,32.14948229157963,32.34890506554435,31.079761494242902,31.884807586669922,52441000,0.0,0.0
2011-09-19 00:00:00-04:00,31.38852829885053,32.34888770474231,31.14775220342833,31.979448318481445,16494000,0.0,0.0
2011-09-20 00:00:00-04:00,32.00885629659967,33.262374151839346,32.00885629659967,32.51246643066406,22902000,0.0,0.0
2011-09-21 00:00:00-04:00,32.58417721450289,32.76062354949337,31.331573355427892,31.335250854492188,14182000,0.0,0.0
2011-09-22 00:00:00-04:00,30.514573644176725,31.064137033835756,29.704935047354958,30.41532325744629,22186000,0.0,0.0
2011-09-23 00:00:00-04:00,30.33444919802621,31.075165360084807,30.163513890077745,30.973155975341797,12941000,0.0,0.0
2011-09-26 00:00:00-04:00,31.231388925440637,31.610016889212954,30.430935551810226,30.731449127197266,15891000,0.0,0.0
2011-09-27 00:00:00-04:00,31.161552072117797,31.428982260028807,30.645990673597048,31.07240867614746,12272000,0.0,0.0
2011-09-28 00:00:00-04:00,31.067814157096617,31.246100957514273,30.24898357715418,30.31055450439453,10268000,0.0,0.0
2011-09-29 00:00:00-04:00,30.913421560989626,31.042999910699002,29.543187130159083,30.17730140686035,10228000,0.0,0.0
2011-09-30 00:00:00-04:00,29.77752755684299,29.796826530493824,28.71699724539989,29.147090911865234,17195000,0.0,0.0
2011-10-03 00:00:00-04:00,28.902634183493443,29.775687406361232,28.498272524736507,28.56995391845703,14377000,0.0,0.0
2011-10-04 00:00:00-04:00,28.302537071641392,28.36686700315529,26.92770827507598,28.2740478515625,27000000,0.0,0.0
2011-10-05 00:00:00-04:00,28.321846789215282,28.85053178021834,27.793163551925716,28.80915641784668,16059000,0.015,0.0
2011-10-06 00:00:00-04:00,28.733760060071678,29.32220983861616,28.430341328053995,29.078554153442383,13364000,0.0,0.0
2011-10-07 00:00:00-04:00,29.195335233067706,29.35347990511567,28.437707964413192,28.63722801208496,12340000,0.0,0.0
2011-10-10 00:00:00-04:00,29.011440936499742,29.957557282238714,29.011440936499742,29.95663833618164,9527000,0.0,0.0
2011-10-11 00:00:00-04:00,29.70930758913846,30.63335703226332,29.606329503127014,30.296836853027344,10954000,0.0,0.0
2011-10-12 00:00:00-04:00,30.747375136895908,31.01953055495804,30.075253601050225,30.157085418701172,14183000,0.0,0.0
2011-10-13 00:00:00-04:00,30.075243407162887,31.18318362084055,30.024673318140323,30.892635345458984,12993000,0.0,0.0
2011-10-14 00:00:00-04:00,31.105040797110398,31.71371643925931,31.014931450378842,31.406620025634766,8943000,0.0,0.0
2011-10-17 00:00:00-04:00,31.33856967547824,31.45993718766085,30.68943604690026,30.812644958496094,9065000,0.0,0.0
2011-10-18 00:00:00-04:00,30.857697865082976,31.397413786829823,30.448542422879044,31.251220703125,10625000,0.0,0.0
2011-10-19 00:00:00-04:00,31.26133993823341,31.2714553602446,29.754359519094475,29.76906967163086,12912000,0.0,0.0
2011-10-20 00:00:00-04:00,30.01732221439055,30.28396389952961,29.651381737481053,29.944686889648438,12506000,0.0,0.0
2011-10-21 00:00:00-04:00,30.317069407260238,30.673816985147983,30.02928138310117,30.654508590698242,10032000,0.0,0.0
2011-10-24 00:00:00-04:00,30.599334977654124,31.36248116131048,30.599334977654124,31.324783325195312,8156000,0.0,0.0
2011-10-25 00:00:00-04:00,31.089404946628225,31.245713483407734,30.066056656669495,30.112947463989258,8323000,0.0,0.0
2011-10-26 00:00:00-04:00,30.580948488669453,30.615889489756185,29.843550262663264,30.255462646484375,10964000,0.0,0.0
2011-10-27 00:00:00-04:00,30.89447650115968,32.14308909785958,30.45129901621366,32.10263442993164,16934000,0.0,0.0
2011-10-28 00:00:00-04:00,31.86633426543031,32.64051115307826,31.828636436963034,32.60189437866211,9729000,0.0,0.0
2011-10-31 00:00:00-04:00,32.286532727243966,32.73246364471572,31.821289909949186,31.927024841308594,9254000,0.0,0.0
2011-11-01 00:00:00-04:00,30.961606484792835,31.353291577643258,30.650830758771217,30.737260818481445,12690000,0.0,0.0
2011-11-02 00:00:00-04:00,33.196788320855745,33.541582553736376,32.31227803402812,32.885093688964844,30756000,0.0,0.0
2011-11-03 00:00:00-04:00,32.67269415988405,33.83488027501691,32.64143245822666,33.70615768432617,14512000,0.0,0.0
2011-11-04 00:00:00-04:00,33.5452619756052,33.92683159582139,33.01749572788208,33.1085205078125,12421000,0.0,0.0
2011-11-07 00:00:00-05:00,33.28137013720362,33.6473140876876,32.98438922805245,33.64363479614258,10310000,0.0,0.0
2011-11-08 00:00:00-05:00,33.84682998750309,33.926820371454156,33.380668365132514,33.84223175048828,9154000,0.0,0.0
2011-11-09 00:00:00-05:00,33.25561498114057,33.69235621788728,32.86484909057617,32.86484909057617,11119000,0.0,0.0
2011-11-10 00:00:00-05:00,33.303431594605165,33.349403438020964,32.67452541261418,33.110347747802734,6778000,0.0,0.0
2011-11-11 00:00:00-05:00,33.33563046693122,34.05372038356329,33.33379257426896,34.03349304199219,10283000,0.0,0.0
2011-11-14 00:00:00-05:00,33.676733360970765,34.31391368259746,33.65283024265536,33.768680572509766,6941000,0.0,0.0
2011-11-15 00:00:00-05:00,33.78340515203838,34.34610899875943,33.74386941253354,34.141990661621094,8888000,0.0,0.0
2011-11-16 00:00:00-05:00,33.883629773149806,34.00407840377267,33.19219970703125,33.19219970703125,9753000,0.0,0.0
2011-11-17 00:00:00-05:00,33.27770489047256,33.724558322167105,32.79039326868213,33.04416275024414,11423000,0.0,0.0
2011-11-18 00:00:00-05:00,33.245512341769874,33.28412911798498,32.73245637679096,33.13885498046875,10586000,0.0,0.0
2011-11-21 00:00:00-05:00,32.641452858901026,32.80695443820572,32.07139381209028,32.346309661865234,14079000,0.0,0.0
2011-11-22 00:00:00-05:00,32.3692811819169,32.94853291261083,32.364682943836726,32.599143981933594,7707000,0.0,0.0
2011-11-23 00:00:00-05:00,32.48788239133233,32.613848136594484,31.865415754994938,31.909549713134766,9350000,0.0,0.0
2011-11-25 00:00:00-05:00,31.748635851649517,32.3251340159721,31.7210534492875,31.83138656616211,3939000,0.0,0.0
2011-11-28 00:00:00-05:00,32.725099349398285,33.09931728390829,32.622121285633895,33.03127670288086,10898000,0.0,0.0
2011-11-29 00:00:00-05:00,33.10484570125531,33.23448727089218,32.64052180338078,32.88693618774414,7204000,0.0,0.0
2011-11-30 00:00:00-05:00,33.8376254954616,34.451821443269296,33.65649498466751,34.43803024291992,12752000,0.0,0.0
2011-12-01 00:00:00-05:00,34.24127462636693,35.11934847922407,34.24127462636693,35.02740478515625,12151000,0.0,0.0
2011-12-02 00:00:00-05:00,35.279333631624084,35.39794429691154,34.79018783569336,34.79018783569336,9320000,0.0,0.0
2011-12-05 00:00:00-05:00,35.214057428389694,35.247157022572175,34.02060959376939,34.28081512451172,10981000,0.0,0.0
2011-12-06 00:00:00-05:00,34.20818454954447,34.47758308535714,34.03532446414983,34.139225006103516,8895000,0.0,0.0
2011-12-07 00:00:00-05:00,34.12634592452236,34.4775761946248,33.68500984510555,34.41965103149414,7934000,0.0,0.0
2011-12-08 00:00:00-05:00,34.32404265768678,34.765378925070785,33.91580599655652,33.956260681152344,8544000,0.0,0.0
2011-12-09 00:00:00-05:00,34.33690187899919,34.8747799217426,34.004061035303046,34.70192337036133,8405000,0.0,0.0
2011-12-12 00:00:00-05:00,34.38562322394746,34.507909658954034,33.935094252870634,34.13737106323242,6025000,0.0,0.0
2011-12-13 00:00:00-05:00,34.446320486227684,34.47482184605066,33.67306238991318,33.92223358154297,7006000,0.0,0.0
2011-12-14 00:00:00-05:00,33.65651755810913,33.75122164009959,33.10024989056196,33.20322799682617,10399000,0.0,0.0
2011-12-15 00:00:00-05:00,33.83028924971635,33.83213064956703,33.0055420400268,33.027610778808594,7661000,0.0,0.0
2011-12-16 00:00:00-05:00,33.112195609016695,33.64731686620866,32.94301482509965,33.29884338378906,8399000,0.0,0.0
2011-12-19 00:00:00-05:00,33.34850439158357,33.835812535940995,32.91636108927179,32.98440170288086,10939000,0.0,0.0
2011-12-20 00:00:00-05:00,33.40458021305519,34.40310279429553,33.10115965631258,34.37919616699219,13179000,0.0,0.0
2011-12-21 00:00:00-05:00,34.30840301778164,34.43344984626266,33.71535654352895,34.40402603149414,7936000,0.0,0.0
2011-12-22 00:00:00-05:00,34.45090575909449,34.62283981431539,33.798092985535135,34.134613037109375,9340000,0.0,0.0
2011-12-23 00:00:00-05:00,34.32403859793866,34.76905059814453,34.181521257487944,34.76905059814453,4655000,0.0,0.0
2011-12-27 00:00:00-05:00,34.8279089410129,35.06052868259014,34.40128274960208,34.45644760131836,4448000,0.0,0.0
2011-12-28 00:00:00-05:00,34.65410604832277,34.65410604832277,34.14748976672808,34.36723709106445,5252000,0.0,0.0
2011-12-29 00:00:00-05:00,34.38654872729828,34.792028386019396,34.35620947978572,34.78007507324219,4874000,0.0,0.0
2011-12-30 00:00:00-05:00,34.75434267887843,34.772732127455946,34.278987884521484,34.278987884521484,5216000,0.0,0.0
2012-01-03 00:00:00-05:00,34.7892785183022,34.81410058739644,33.616057828214956,33.86982727050781,14708000,0.0,0.0
2012-01-04 00:00:00-05:00,33.557202493698384,33.71994359855736,32.41708178410649,32.75543975830078,22841000,0.0,0.0
2012-01-05 00:00:00-05:00,32.54386540568188,32.71219450377139,32.244917390799614,32.41600799560547,14757000,0.015,0.0
2012-01-06 00:00:00-05:00,32.503426255316356,32.56229869632022,31.438255440200464,31.543115615844727,20887000,0.0,0.0
2012-01-09 00:00:00-05:00,31.722451611339565,31.993805637025996,31.466736768052424,31.809837341308594,11486000,0.0,0.0
2012-01-10 00:00:00-05:00,32.07935371210414,32.31207123537343,31.756488939199567,32.08671188354492,10252000,0.0,0.0
2012-01-11 00:00:00-05:00,31.272668951478295,31.785937576659833,31.187121841344535,31.40972328186035,14353000,0.0,0.0
2012-01-12 00:00:00-05:00,31.412485130262244,31.720630175341505,31.234036242647505,31.57805633544922,13262000,0.0,0.0
2012-01-13 00:00:00-05:00,31.420757375590885,31.823646305029758,31.027984618419424,31.189878463745117,12545000,0.0,0.0
2012-01-17 00:00:00-05:00,31.372929864618314,31.918396221173985,31.321419133883186,31.823652267456055,11118000,0.0,0.0
2012-01-18 00:00:00-05:00,31.825496026189334,32.60919963779355,31.796063323291442,32.413272857666016,12440000,0.0,0.0
2012-01-19 00:00:00-05:00,32.69931945155912,32.74622998046787,32.24215846948078,32.461082458496094,8855000,0.0,0.0
2012-01-20 00:00:00-05:00,32.191591722301794,32.19434972214502,31.044551517782697,31.335222244262695,18952000,0.0,0.0
2012-01-23 00:00:00-05:00,31.26990030745639,31.633236837056476,30.930480470621465,31.188034057617188,10343000,0.0,0.0
2012-01-24 00:00:00-05:00,31.132859608471648,31.697639080646898,31.02615728628809,31.521032333374023,6830000,0.0,0.0
2012-01-25 00:00:00-05:00,31.473194655065523,32.18330940796575,31.366492347364755,32.081207275390625,8994000,0.0,0.0
2012-01-26 00:00:00-05:00,32.103284318006686,32.648747171847255,31.938632440864602,31.99474334716797,9230000,0.0,0.0
2012-01-27 00:00:00-05:00,31.987394088889907,32.35072730905242,31.790547949802967,32.08305740356445,7243000,0.0,0.0
2012-01-30 00:00:00-05:00,31.91563765953948,32.41235133083905,31.849410573595147,32.37555694580078,8240000,0.0,0.0
2012-01-31 00:00:00-05:00,32.688290741176516,32.99000038203219,32.418778807620946,32.706687927246094,10633000,0.0,0.0
2012-02-01 00:00:00-05:00,32.952297729845796,33.22732926236428,32.74625128209676,32.895267486572266,14580000,0.0,0.0
2012-02-02 00:00:00-05:00,33.77279273416806,35.34479652102898,33.77279273416806,35.09828186035156,35026000,0.0,0.0
2012-02-03 00:00:00-05:00,35.142431086918535,35.99328098577732,35.142431086918535,35.90313720703125,22332000,0.0,0.0
2012-02-06 00:00:00-05:00,36.14964169777296,36.14964169777296,35.59774016393693,35.99419021606445,11256000,0.0,0.0
2012-02-07 00:00:00-05:00,36.056748413929476,36.28578869202515,35.749522710143204,36.14137268066406,12568000,0.0,0.0
2012-02-08 00:00:00-05:00,36.151495650614486,36.34834176049604,35.8967034693487,36.325347900390625,10090000,0.0,0.0
2012-02-09 00:00:00-05:00,36.79078295938484,36.95819284089645,36.26647177252447,36.462398529052734,10000000,0.0,0.0
2012-02-10 00:00:00-05:00,36.24164539235658,36.515757627756074,36.09539067732329,36.4384880065918,7484000,0.0,0.0
2012-02-13 00:00:00-05:00,36.74937832787354,36.793530873705585,36.36304793797381,36.48538589477539,5847000,0.0,0.0
2012-02-14 00:00:00-05:00,36.46884059006164,36.47619876554939,36.225083921113956,36.38421630859375,7660000,0.0,0.0
2012-02-15 00:00:00-05:00,36.683166268594505,36.76870988737636,36.11746395609634,36.14598083496094,7305000,0.0,0.0
2012-02-16 00:00:00-05:00,36.25083411159972,36.413647318019585,35.852545287584505,36.163448333740234,7223000,0.0,0.0
2012-02-17 00:00:00-05:00,36.30787175580884,36.516676226729594,36.084350933012814,36.42560958862305,7688000,0.0,0.0
2012-02-21 00:00:00-05:00,36.37501430966989,36.86620846750963,36.242560139079224,36.75215148925781,11588000,0.0,0.0
2012-02-22 00:00:00-05:00,36.607728027736556,37.57907712904267,36.607728027736556,37.421783447265625,10087000,0.0,0.0
2012-02-23 00:00:00-05:00,37.41810239756095,37.5082461565323,37.18262331928891,37.35463333129883,8216000,0.0,0.0
2012-02-24 00:00:00-05:00,37.55883842475566,38.51914843826202,37.3629117144459,38.229400634765625,12869000,0.0,0.0
2012-02-27 00:00:00-05:00,37.92770203116547,38.8245431553771,37.80260253681752,38.761993408203125,8754000,0.0,0.0
2012-02-28 00:00:00-05:00,38.76843437732399,39.18512042210835,38.63413803462346,38.99839401245117,9691000,0.0,0.0
2012-02-29 00:00:00-05:00,39.0131046486013,39.42151312534233,38.4133731239334,38.63321304321289,10991000,0.0,0.0
2012-03-01 00:00:00-05:00,38.86224787383702,38.9349137783786,38.35725685621613,38.672760009765625,8726000,0.0,0.0
2012-03-02 00:00:00-05:00,38.31127091001164,38.58446022101688,37.9598926679397,37.96908950805664,9652000,0.0,0.0
2012-03-05 00:00:00-05:00,38.12915536633872,38.568838876145435,37.90931536588854,38.414306640625,8318000,0.0,0.0
2012-03-06 00:00:00-05:00,37.80259065599468,37.90929292593847,37.3711849116259,37.560672760009766,9358000,0.0,0.0
2012-03-07 00:00:00-05:00,37.833872154163075,38.17237269953558,37.77316108183896,37.8734245300293,8394000,0.0,0.0
2012-03-08 00:00:00-05:00,38.123634031220725,38.53480414836435,38.03992907432178,38.38119125366211,7095000,0.0,0.0
2012-03-09 00:00:00-05:00,38.464892697030855,38.73164322929509,38.220213182616185,38.58906936645508,7354000,0.0,0.0
2012-03-12 00:00:00-04:00,38.45568276775251,38.96711268705009,38.40601070879225,38.62033462524414,6463000,0.0,0.0
2012-03-13 00:00:00-04:00,38.81717929671549,38.940436597693896,38.338862930875194,38.92939758300781,7528000,0.0,0.0
2012-03-14 00:00:00-04:00,38.85581804667274,39.19707663885144,38.50995927954831,38.763832092285156,6175000,0.0,0.0
2012-03-15 00:00:00-04:00,38.763837773935315,38.908253813593056,38.449253834303285,38.59183120727539,5888000,0.0,0.0
2012-03-16 00:00:00-04:00,38.512710694077285,38.75922879899867,38.45659979783078,38.64884567260742,7608000,0.0,0.0
2012-03-19 00:00:00-04:00,38.612054244696715,39.37827973351107,38.561462856395764,39.10140609741211,8011000,0.0,0.0
2012-03-20 00:00:00-04:00,38.92573224628341,38.99379800371178,38.416140854397305,38.539398193359375,5960000,0.0,0.0
2012-03-21 00:00:00-04:00,38.637828989057496,38.90642174475608,38.43914417723296,38.44374084472656,5995000,0.0,0.0
2012-03-22 00:00:00-04:00,38.39865927982408,38.755557086294914,38.174219150878685,38.34254837036133,6306000,0.0,0.0
2012-03-23 00:00:00-04:00,38.28551783894718,39.21823397980685,38.28551783894718,39.002071380615234,6644000,0.0,0.0
2012-03-26 00:00:00-04:00,39.303774509684494,40.24844892582675,39.09405076801997,40.07551956176758,10460000,0.0,0.0
2012-03-27 00:00:00-04:00,40.05988443183234,40.09575947996878,39.613765716552734,39.613765716552734,7299000,0.0,0.0
2012-03-28 00:00:00-04:00,39.902584892094076,39.9890478081747,39.075648383555894,39.32492446899414,6837000,0.0,0.0
2012-03-29 00:00:00-04:00,39.05818148272369,39.39852072291905,38.77854981106027,39.389320373535156,5092000,0.0,0.0
2012-03-30 00:00:00-04:00,39.42703172911673,39.4343899028408,38.6332121575399,38.682884216308594,10180000,0.0,0.0
2012-04-02 00:00:00-04:00,38.80246814338574,39.95226634542333,38.54123713586226,39.74162673950195,8944000,0.0,0.0
2012-04-03 00:00:00-04:00,39.71034503933233,40.528081323952534,39.46474624866688,40.2907600402832,11526000,0.0,0.0
2012-04-04 00:00:00-04:00,39.984242538130275,40.178463613493236,39.22393512993659,39.666683197021484,9824000,0.03,0.0
2012-04-05 00:00:00-04:00,39.62435564710842,40.703146288350986,39.45959088534889,40.48683547973633,8506000,0.0,0.0
2012-04-09 00:00:00-04:00,39.850780117493784,40.765725743561404,39.77806439329487,40.435279846191406,8574000,0.0,0.0
2012-04-10 00:00:00-04:00,40.43527754685105,40.58807571548801,39.04536759472034,39.09507369995117,12612000,0.0,0.0
2012-04-11 00:00:00-04:00,39.54058038137372,39.80291385864492,39.32426964354643,39.58384323120117,5751000,0.0,0.0
2012-04-12 00:00:00-04:00,39.62710369338632,39.96859966304205,39.552548047218465,39.94650650024414,5312000,0.0,0.0
2012-04-13 00:00:00-04:00,39.9142975716065,40.85041651286262,39.671293803996576,40.5429801940918,10572000,0.0,0.0
2012-04-16 00:00:00-04:00,40.58073555799564,40.635961474024896,39.489058105602126,39.82502746582031,7687000,0.0,0.0
2012-04-17 00:00:00-04:00,40.02383548074045,40.43068405391207,39.992542677860406,40.35612487792969,5232000,0.0,0.0
2012-04-18 00:00:00-04:00,40.2530258891053,40.58991855715338,40.129684091715916,40.196876525878906,5208000,0.0,0.0
2012-04-19 00:00:00-04:00,40.2410486717111,40.57333792381547,39.795544271186486,40.20791244506836,6880000,0.0,0.0
2012-04-20 00:00:00-04:00,40.50156582224424,40.80347891311173,40.268688625443545,40.54114532470703,9070000,0.0,0.0
2012-04-23 00:00:00-04:00,40.133369639995756,40.26407466222498,38.728733076155265,39.60409927368164,12354000,0.0,0.0
2012-04-24 00:00:00-04:00,39.602245722437665,40.120472884874594,39.27455977588306,39.60776901245117,6525000,0.0,0.0
2012-04-25 00:00:00-04:00,40.01094014511343,40.96638870239258,39.74032347253177,40.96638870239258,9781000,0.0,0.0
2012-04-26 00:00:00-04:00,40.91392614066639,42.01848608712054,40.91392614066639,41.78744888305664,10407000,0.0,0.0
2012-04-27 00:00:00-04:00,42.16759870161765,42.556957329138235,41.928274837372534,42.118812561035156,11799000,0.0,0.0
2012-04-30 00:00:00-04:00,42.28633491696512,42.370097211616375,41.54443729750271,41.630043029785156,9794000,0.0,0.0
2012-05-01 00:00:00-04:00,41.95957285043381,42.98405726518405,41.75891201199172,41.964176177978516,17580000,0.0,0.0
2012-05-02 00:00:00-04:00,41.1164206688455,42.175881182860735,40.50062820614761,41.5545654296875,21649000,0.0,0.0
2012-05-03 00:00:00-04:00,41.69724296923164,41.86016777209662,40.472101121343115,40.724308013916016,15116000,0.0,0.0
2012-05-04 00:00:00-04:00,40.224492239376154,40.67644351544534,39.933622320976156,40.47209930419922,14684000,0.0,0.0
2012-05-07 00:00:00-04:00,40.00817769531644,40.76020196275557,40.00817769531644,40.14348602294922,10801000,0.0,0.0
2012-05-08 00:00:00-04:00,39.949287086287846,40.14626815319132,38.940452163525656,39.731136322021484,10400000,0.0,0.0
2012-05-09 00:00:00-04:00,39.19539355243491,39.767923011918704,38.75172562039063,38.92017364501953,9996000,0.0,0.0
2012-05-10 00:00:00-04:00,39.19356406233018,39.52033007225059,38.500449046069456,38.933990478515625,11555000,0.0,0.0
2012-05-11 00:00:00-04:00,38.65968593952676,39.361084053791494,38.567640472765966,38.88059997558594,7891000,0.0,0.0
2012-05-14 00:00:00-04:00,38.49125850962351,38.75174863063663,38.14792251586914,38.14792251586914,12164000,0.0,0.0
2012-05-15 00:00:00-04:00,38.17368603944467,38.65693361275053,38.04942428387725,38.150672912597656,6769000,0.0,0.0
2012-05-16 00:00:00-04:00,38.55659849952301,38.7057132971094,37.617719878894505,37.68123245239258,12951000,0.0,0.0
2012-05-17 00:00:00-04:00,38.08900628879059,38.08900628879059,36.680686401882404,36.688053131103516,12020000,0.0,0.0
2012-05-18 00:00:00-04:00,37.00468424853914,37.239404762131464,36.318016052246094,36.318016052246094,11113000,0.0,0.0
2012-05-21 00:00:00-04:00,36.45057004751364,37.81194374738014,36.28488535091772,37.7926139831543,12811000,0.0,0.0
2012-05-22 00:00:00-04:00,37.75854551586336,38.50320644527437,37.579054404748746,38.05585861206055,12319000,0.0,0.0
2012-05-23 00:00:00-04:00,37.84508893482721,38.39644903183383,37.42351391465954,38.391845703125,8750000,0.0,0.0
2012-05-24 00:00:00-04:00,38.66521647227976,39.466943382556295,38.300710877983434,38.644046783447266,10810000,0.0,0.0
2012-05-25 00:00:00-04:00,38.342137323093986,38.839191454998954,37.93437231310521,38.103736877441406,6948000,0.0,0.0
2012-05-29 00:00:00-04:00,38.413914953993924,38.636665361930724,38.032839632064395,38.29609298706055,4658000,0.0,0.0
2012-05-30 00:00:00-04:00,37.822073816437474,38.2574552885574,37.67479890728763,37.884666442871094,6743000,0.0,0.0
2012-05-31 00:00:00-04:00,37.95093420807164,38.01444679004582,36.72763229954648,37.41798400878906,10662000,0.0,0.0
2012-06-01 00:00:00-04:00,36.69080508307506,36.74879436180023,35.889078286618485,36.06212615966797,11237000,0.0,0.0
2012-06-04 00:00:00-04:00,36.05476554237101,36.958668091265785,35.90749065712906,36.842689514160156,9667000,0.0,0.0
2012-06-05 00:00:00-04:00,36.91356441187915,37.71989465228081,36.840845178656785,37.57353973388672,9693000,0.0,0.0
2012-06-06 00:00:00-04:00,38.15988947944614,38.65786361694336,37.99420475478147,38.65786361694336,9733000,0.0,0.0
2012-06-07 00:00:00-04:00,39.07484167944598,39.12638773450431,38.10558623352009,38.264827728271484,9438000,0.0,0.0
2012-06-08 00:00:00-04:00,37.96473666629827,38.347652044290264,37.82298508164566,38.34212875366211,7441000,0.0,0.0
2012-06-11 00:00:00-04:00,38.70571835261402,38.77475422560418,38.062312864847925,38.09268569946289,5905000,0.0,0.0
2012-06-12 00:00:00-04:00,38.10741887420256,38.65049573704895,37.82575557849838,38.45259475708008,5788000,0.0,0.0
2012-06-13 00:00:00-04:00,38.20680471813492,38.49123124505768,37.55511287284756,37.71619415283203,6123000,0.0,0.0
2012-06-14 00:00:00-04:00,37.706087121779504,38.65785229058508,37.69688046682277,38.57224655151367,7452000,0.0,0.0
2012-06-15 00:00:00-04:00,38.91282383312801,39.27548599243164,38.65509015554924,39.27548599243164,8093000,0.0,0.0
2012-06-18 00:00:00-04:00,39.113485558689845,39.39514882141953,38.871401785058204,39.176998138427734,6307000,0.0,0.0
2012-06-19 00:00:00-04:00,39.487196107436766,39.561755272607265,39.1889664693756,39.35649108886719,6877000,0.0,0.0
2012-06-20 00:00:00-04:00,39.380436497289274,39.57925748861711,38.762800314932726,39.47064208984375,4999000,0.0,0.0
2012-06-21 00:00:00-04:00,39.46970946139192,39.82869178919298,38.7554246590659,38.767391204833984,5544000,0.0,0.0
2012-06-22 00:00:00-04:00,38.805121017725135,40.047752380371094,38.71491547678244,40.047752380371094,8706000,0.0,0.0
2012-06-25 00:00:00-04:00,39.842504908555455,39.976893313071216,39.44394302368164,39.44394302368164,7000000,0.0,0.0
2012-06-26 00:00:00-04:00,39.557150411459595,39.97780538184768,39.30678345525274,39.784507751464844,6198000,0.0,0.0
2012-06-27 00:00:00-04:00,39.8728640797257,40.107584582586014,39.686009747299245,39.75688552856445,4446000,0.0,0.0
2012-06-28 00:00:00-04:00,39.51481629282034,39.61514497453182,38.36146658870362,38.779361724853516,9629000,0.0,0.0
2012-06-29 00:00:00-04:00,39.346359065758726,39.60132932459442,39.17791450607511,39.59028625488281,9351000,0.0,0.0
2012-07-02 00:00:00-04:00,40.04683277873834,40.494180635138086,39.59488159554829,40.49142074584961,6180000,0.0,0.0
2012-07-03 00:00:00-04:00,40.45922582362104,40.81360492460475,40.20609538626739,40.66356658935547,4863000,0.0,0.0
2012-07-05 00:00:00-04:00,40.568687960349116,40.988708263834624,40.38354775546904,40.90120315551758,5972000,0.03,0.0
2012-07-06 00:00:00-04:00,40.62302790421864,41.01173056567589,40.476573525622484,40.67829132080078,8164000,0.0,0.0
2012-07-09 00:00:00-04:00,40.0058803065966,40.0657536741036,38.98991639964573,39.72402572631836,11064000,0.0,0.0
2012-07-10 00:00:00-04:00,39.772839190951814,40.19930686533493,38.69700207385559,38.70897674560547,8211000,0.0,0.0
2012-07-11 00:00:00-04:00,38.58925365799039,38.71452045526102,38.02646487453869,38.67583465576172,6284000,0.0,0.0
2012-07-12 00:00:00-04:00,38.3221298280836,39.292043467066854,38.176596050078224,39.07742691040039,7646000,0.0,0.0
2012-07-13 00:00:00-04:00,39.16676668492371,39.63007905978741,39.050709322576445,39.57020568847656,6082000,0.0,0.0
2012-07-16 00:00:00-04:00,40.50697246574259,41.26503141296261,40.13577150803294,40.241695404052734,17479000,0.0,0.0
2012-07-17 00:00:00-04:00,40.37340642066612,40.528149589925306,39.61350291311583,40.1302375793457,6192000,0.0,0.0
2012-07-18 00:00:00-04:00,39.91655682439429,40.47750454032814,39.791290002671495,40.23525619506836,5775000,0.0,0.0
2012-07-19 00:00:00-04:00,40.36604615107757,40.43512542689184,39.41731643676758,39.41731643676758,8195000,0.0,0.0
2012-07-20 00:00:00-04:00,39.13729905266645,39.31875333997014,38.817679212414475,38.976104736328125,8963000,0.0,0.0
2012-07-23 00:00:00-04:00,38.342396391974106,38.55701296587256,37.88276977063066,38.3156852722168,9147000,0.0,0.0
2012-07-24 00:00:00-04:00,38.43542480133079,38.481478815102115,37.27668866800759,37.75473403930664,9457000,0.0,0.0
2012-07-25 00:00:00-04:00,38.04118796032121,38.2254074943584,37.441554764939845,37.97947692871094,6069000,0.0,0.0
2012-07-26 00:00:00-04:00,38.57726630576616,39.371249036849804,38.46673598832432,39.033206939697266,7061000,0.0,0.0
2012-07-27 00:00:00-04:00,39.03691772570135,40.22881317138672,38.98257136364549,40.22881317138672,9644000,0.0,0.0
2012-07-30 00:00:00-04:00,40.178130972431624,41.149885705931254,40.178130972431624,40.63407516479492,9897000,0.0,0.0
2012-07-31 00:00:00-04:00,40.80632202891147,40.82843020576439,39.8981264161167,40.21221923828125,11530000,0.0,0.0
2012-08-01 00:00:00-04:00,39.062682936723085,39.88245618406413,38.68595505658111,39.349143981933594,21723000,0.0,0.0
2012-08-02 00:00:00-04:00,39.21743304629332,39.52231645064674,38.51095526811058,39.001895904541016,11444000,0.0,0.0
2012-08-03 00:00:00-04:00,39.462458171754676,39.51496335159433,38.96230443294073,39.06638717651367,10280000,0.0,0.0
2012-08-06 00:00:00-04:00,39.0728234808145,39.38231336934958,38.59385747604876,38.672149658203125,7637000,0.0,0.0
2012-08-07 00:00:00-04:00,38.804783469686285,38.948472550928166,38.05777522928568,38.354366302490234,12179000,0.0,0.0
2012-08-08 00:00:00-04:00,38.31477544856217,39.33074346910456,38.241086187717904,39.095863342285156,10101000,0.0,0.0
2012-08-09 00:00:00-04:00,39.059003679767685,39.40994109502879,38.74491088074883,39.23309326171875,7074000,0.0,0.0
2012-08-10 00:00:00-04:00,38.995452262319475,39.40994545667842,38.99453167386593,39.24138641357422,4565000,0.0,0.0
2012-08-13 00:00:00-04:00,39.10690517500095,39.30862296298796,38.881238033377414,39.20454025268555,4039000,0.0,0.0
2012-08-14 00:00:00-04:00,39.33534030824666,39.8972049731617,39.2699398754447,39.43021011352539,5696000,0.0,0.0
2012-08-15 00:00:00-04:00,39.430199572975035,39.70837182247674,39.25703411506031,39.339012145996094,4050000,0.0,0.0
2012-08-16 00:00:00-04:00,39.3528467907955,39.689968471582276,39.241395828339144,39.47074890136719,4134000,0.0,0.0
2012-08-17 00:00:00-04:00,39.41822042907151,39.557306538051996,39.16123579288985,39.31321716308594,5416000,0.0,0.0
2012-08-20 00:00:00-04:00,39.33993107258403,39.47809660326427,39.025838326715636,39.349143981933594,4384000,0.0,0.0
2012-08-21 00:00:00-04:00,39.33349366504192,39.58955779786746,38.91163225778438,38.990848541259766,4232000,0.0,0.0
2012-08-22 00:00:00-04:00,38.78728794647465,39.2128317281828,38.578198409540406,38.7964973449707,6931000,0.0,0.0
2012-08-23 00:00:00-04:00,38.77162947824544,38.94387440302976,38.37924442927787,38.53214645385742,5744000,0.0,0.0
2012-08-24 00:00:00-04:00,38.55700895452556,39.00558144044057,38.47134504608928,38.91162872314453,5130000,0.0,0.0
2012-08-27 00:00:00-04:00,38.915312357976134,39.257036842679604,38.73385456594959,39.000972747802734,4699000,0.0,0.0
2012-08-28 00:00:00-04:00,38.92729003629343,39.2294081652839,38.92729003629343,39.10966491699219,3983000,0.0,0.0
2012-08-29 00:00:00-04:00,39.14466287776502,39.28190431326296,38.84622714402843,39.2220344543457,4011000,0.0,0.0
2012-08-30 00:00:00-04:00,38.91900211245687,39.049799463361204,38.710836679092836,38.77347183227539,3801000,0.0,0.0
2012-08-31 00:00:00-04:00,38.89782753722723,39.02033259439624,38.594788711598625,38.953094482421875,4649000,0.0,0.0
2012-09-04 00:00:00-04:00,38.45936695458048,39.238609716794144,38.45936695458048,39.089393615722656,5091000,0.0,0.0
2012-09-05 00:00:00-04:00,39.04889300032988,39.18521393138934,38.719139495211756,38.87940979003906,5526000,0.0,0.0
2012-09-06 00:00:00-04:00,39.14650840992636,39.84653854370117,38.92176187480026,39.84653854370117,9617000,0.0,0.0
2012-09-07 00:00:00-04:00,39.87324366151123,40.2324697966745,39.7056017532326,40.178123474121094,6135000,0.0,0.0
2012-09-10 00:00:00-04:00,40.21682586015726,40.638687298838825,40.19011473876284,40.29696273803711,7534000,0.0,0.0
2012-09-11 00:00:00-04:00,40.343942187139994,41.071607753783546,40.29788816055304,40.79251480102539,7158000,0.0,0.0
2012-09-12 00:00:00-04:00,41.07988644066505,41.295423588956034,40.87356220363909,41.11857223510742,6168000,0.0,0.0
2012-09-13 00:00:00-04:00,41.117655203074065,42.056251364220515,41.073442360787844,41.933746337890625,8119000,0.0,0.0
2012-09-14 00:00:00-04:00,41.915316481751745,42.062691424942805,41.63346185897763,41.834259033203125,6875000,0.0,0.0
2012-09-17 00:00:00-04:00,41.84716739157128,42.029545829451344,41.679528912209804,41.771636962890625,5157000,0.0,0.0
2012-09-18 00:00:00-04:00,41.725569356510846,41.90886832331911,41.51740396479599,41.72372817993164,4771000,0.0,0.0
2012-09-19 00:00:00-04:00,41.7126677755035,41.946627172371926,41.60581981726408,41.623321533203125,5011000,0.0,0.0
2012-09-20 00:00:00-04:00,41.22173049812634,42.3077014334952,41.195939970910295,41.834259033203125,11339000,0.0,0.0
2012-09-21 00:00:00-04:00,42.30678320214317,42.535215606609036,42.08019548807823,42.32612609863281,12850000,0.0,0.0
2012-09-24 00:00:00-04:00,42.14007833497582,42.14007833497582,41.73295328123511,41.93651580810547,7608000,0.0,0.0
2012-09-25 00:00:00-04:00,42.14928362911984,42.16125830761597,41.568076023661924,41.58926010131836,5510000,0.0,0.0
2012-09-26 00:00:00-04:00,41.570834436068516,41.634390177607955,41.05962673833673,41.06607437133789,4991000,0.0,0.0
2012-09-27 00:00:00-04:00,41.22819466323532,41.64913558959961,41.17109005609615,41.64913558959961,4342000,0.0,0.0
2012-09-28 00:00:00-04:00,41.55332931199884,41.682281961464426,41.323976308150954,41.585567474365234,5548000,0.0,0.0
2012-10-01 00:00:00-04:00,41.74215306108371,42.38231333141381,41.67951791657027,42.08387756347656,6957000,0.0,0.0
2012-10-02 00:00:00-04:00,42.090317722028665,42.25980081746005,41.81859663286313,42.153873443603516,3347000,0.0,0.0
2012-10-03 00:00:00-04:00,42.27824915209731,43.722522893577796,42.15574057443605,43.63778305053711,11976000,0.0,0.0
2012-10-04 00:00:00-04:00,43.54475309991374,43.751998000754135,43.421323937173895,43.740943908691406,6340000,0.0,0.0
2012-10-05 00:00:00-04:00,44.05614775208359,44.516986125046635,43.58332713138603,43.80453109741211,9005000,0.03,0.0
2012-10-08 00:00:00-04:00,43.70957989687686,43.823868272847186,43.30219770445301,43.496673583984375,5542000,0.0,0.0
2012-10-09 00:00:00-04:00,43.52711245793042,43.59531423828873,42.51418698541336,42.8469123840332,8103000,0.0,0.0
2012-10-10 00:00:00-04:00,42.857046923106836,42.87363502288105,42.441370519544684,42.589759826660156,5058000,0.0,0.0
2012-10-11 00:00:00-04:00,43.058882875965324,43.85521345350486,42.85980111055968,43.555667877197266,12626000,0.0,0.0
2012-10-12 00:00:00-04:00,43.56765393414585,43.87549358547091,43.269950672271776,43.628482818603516,8243000,0.0,0.0
2012-10-15 00:00:00-04:00,43.534470127797796,43.95936165646327,43.48008944070435,43.8552131652832,8995000,0.0,0.0
2012-10-16 00:00:00-04:00,44.17412043543329,44.37965393767314,43.88010535466923,44.149234771728516,4557000,0.0,0.0
2012-10-17 00:00:00-04:00,44.792552648284925,44.80085021149482,44.16304887398343,44.516971588134766,7248000,0.0,0.0
2012-10-18 00:00:00-04:00,44.46814638525768,44.761236851370825,43.72158683939012,43.85615158081055,8788000,0.0,0.0
2012-10-19 00:00:00-04:00,43.74552854067076,43.94645261953418,43.125240008196265,43.32432174682617,10070000,0.0,0.0
2012-10-22 00:00:00-04:00,43.59348382245491,43.59348382245491,42.581482759573014,43.03586959838867,7754000,0.0,0.0
2012-10-23 00:00:00-04:00,42.632152056538885,42.83491851742545,42.21278751649786,42.384220123291016,7294000,0.0,0.0
2012-10-24 00:00:00-04:00,42.83492608467331,42.8598117510168,41.751956593086085,41.89389419555664,7083000,0.0,0.0
2012-10-25 00:00:00-04:00,42.07454745816493,42.26625640192952,41.23397585123498,41.41646957397461,8938000,0.0,0.0
2012-10-26 00:00:00-04:00,41.4164603333572,42.18513827793367,41.310465977670155,41.75010681152344,6852000,0.0,0.0
2012-10-31 00:00:00-04:00,41.7077267560835,42.85798066920947,41.584223078307836,42.48285675048828,11930000,0.0,0.0
2012-11-01 00:00:00-04:00,42.71142150451072,43.778724042923265,42.58791786188359,43.19806671142578,9364000,0.0,0.0
2012-11-02 00:00:00-04:00,43.46075376946131,43.96306952957087,43.19715481179594,43.268123626708984,9514000,0.0,0.0
2012-11-05 00:00:00-05:00,43.06626619718953,43.407285584683024,42.82847063200714,42.91787338256836,6169000,0.0,0.0
2012-11-06 00:00:00-05:00,43.18608605090328,43.585174372882754,43.05981889228811,43.48286819458008,4120000,0.0,0.0
2012-11-07 00:00:00-05:00,43.31879827270644,43.428477305061975,42.53629577419551,42.8303108215332,7637000,0.0,0.0
2012-11-08 00:00:00-05:00,42.79529559400725,43.153827805812284,42.56303405761719,42.56303405761719,6203000,0.0,0.0
2012-11-09 00:00:00-05:00,42.260721601387075,43.198986410688356,42.25703340379822,42.826629638671875,6420000,0.0,0.0
2012-11-12 00:00:00-05:00,42.92063452491841,43.408200803489,42.68007548155196,43.31879806518555,7025000,0.0,0.0
2012-11-13 00:00:00-05:00,43.05151079528862,43.95659924857201,42.833995073291504,43.431243896484375,4959000,0.0,0.0
2012-11-14 00:00:00-05:00,43.56489231871867,43.68655361866352,42.61188173241544,42.702205657958984,6080000,0.0,0.0
2012-11-15 00:00:00-05:00,42.6671947661817,42.6671947661817,41.80450429268281,42.1353874206543,7071000,0.0,0.0
2012-11-16 00:00:00-05:00,42.2551921047985,43.36120488718626,42.02938228975127,42.8201789855957,9029000,0.0,0.0
2012-11-19 00:00:00-05:00,43.26350292116848,44.11882019042969,43.1704154873667,44.11882019042969,6813000,0.0,0.0
2012-11-20 00:00:00-05:00,44.15291322510005,44.47826563219448,43.52340939013874,44.01650619506836,6804000,0.0,0.0
2012-11-21 00:00:00-05:00,44.0948629838699,44.30500589633518,44.01467895432811,44.18795394897461,2927000,0.0,0.0
2012-11-23 00:00:00-05:00,44.31882391846668,44.424818287507726,44.05614619579358,44.35477066040039,2391000,0.0,0.0
2012-11-26 00:00:00-05:00,44.25705319527184,44.49668748186875,44.082853621292195,44.24322509765625,4976000,0.0,0.0
2012-11-27 00:00:00-05:00,44.24878269953643,44.5796657563934,44.0469373546092,44.101314544677734,4877000,0.0,0.0
2012-11-28 00:00:00-05:00,43.84691432805885,44.38609419342667,43.75843277236519,44.379642486572266,6584000,0.0,0.0
2012-11-29 00:00:00-05:00,44.627574704183886,45.23127520604916,44.539096656780266,44.81283187866211,9080000,0.0,0.0
2012-11-30 00:00:00-05:00,44.773213532464766,45.14925852837897,44.59440801320701,45.04050064086914,9826000,0.0,0.0
2012-12-03 00:00:00-05:00,45.254336029369085,45.57784623629275,44.753866129525136,44.85340881347656,8497000,0.0,0.0
2012-12-04 00:00:00-05:00,44.94372949226379,44.977830383103935,44.29394561372483,44.555702209472656,6430000,0.0,0.0
2012-12-05 00:00:00-05:00,44.516986910143075,44.609156695911835,43.72434433212084,44.056148529052734,6645000,0.0,0.0
2012-12-06 00:00:00-05:00,43.848762277153725,44.32158279418945,43.67456616980292,44.32158279418945,5977000,0.0,0.0
2012-12-07 00:00:00-05:00,44.392559909168554,44.502238960304624,43.872735000323644,43.88010787963867,6389000,0.0,0.0
2012-12-10 00:00:00-05:00,44.273653265212026,44.28287199944989,43.82387607371221,44.20360565185547,5770000,0.0,0.0
2012-12-11 00:00:00-05:00,44.240481834477066,44.70132018691953,44.162140158382066,44.380577087402344,8577000,0.0,0.0
2012-12-12 00:00:00-05:00,44.42481471460452,44.92067508700325,44.25891263826774,44.55753707885742,9512000,0.0,0.0
2012-12-13 00:00:00-05:00,44.785191690642996,44.9409538699482,44.4727426457169,44.64878463745117,5680000,0.0,0.0
2012-12-14 00:00:00-05:00,44.35293353081503,44.68289189218266,44.26537310766352,44.45247268676758,5346000,0.0,0.0
2012-12-17 00:00:00-05:00,44.55569409711435,45.15294301683004,44.340024196694735,45.099483489990234,7181000,0.0,0.0
2012-12-18 00:00:00-05:00,45.162174792363764,45.621170969164666,44.96032588996664,45.427616119384766,6621000,0.0,0.0
2012-12-19 00:00:00-05:00,45.60455770605951,45.61285175474074,45.06261071251437,45.10593032836914,5629000,0.0,0.0
2012-12-20 00:00:00-05:00,45.36769169504191,45.956643048590756,45.11330802641337,45.94834899902344,9358000,0.0,0.0
2012-12-21 00:00:00-05:00,45.43866083785468,45.797193019723,45.00270815032079,45.49119567871094,8320000,0.0,0.0
2012-12-24 00:00:00-05:00,45.42574658355881,45.73819555883906,45.390724536648634,45.62482833862305,2695000,0.0,0.0
2012-12-26 00:00:00-05:00,45.5796847859272,45.70964366982159,44.701327557045694,44.811927795410156,5749000,0.0,0.0
2012-12-27 00:00:00-05:00,44.7944064784895,45.4257527054847,44.343704563380534,44.96583557128906,6233000,0.0,0.0
2012-12-28 00:00:00-05:00,44.70133149584338,45.037745125238914,44.50317081352404,44.52436828613281,4686000,0.0,0.0
2012-12-31 00:00:00-05:00,44.55108543470302,45.33911854047955,44.507765816903444,45.280128479003906,6562000,0.0,0.0
2013-01-02 00:00:00-05:00,46.664490463033445,47.0303955078125,46.175999440496255,47.0303955078125,12278000,0.0,0.0
2013-01-03 00:00:00-05:00,47.0479075128282,47.50874583699506,46.83499761934791,47.09767532348633,9452000,0.0,0.0
2013-01-04 00:00:00-05:00,47.11150708442906,47.208282718107895,46.729010401852456,47.0958366394043,11475000,0.0,0.0
2013-01-07 00:00:00-05:00,47.26368020525778,48.07523316259795,47.18621421835505,47.9119987487793,11398000,0.03,0.0
2013-01-08 00:00:00-05:00,47.958110296635475,48.052177648217594,47.48870228627782,47.754302978515625,6983000,0.0,0.0
2013-01-09 00:00:00-05:00,48.434884822618606,49.097957611083984,48.20156169429592,49.097957611083984,11461000,0.0,0.0
2013-01-10 00:00:00-05:00,49.10534645270244,49.10534645270244,48.35097134953942,48.66083526611328,12564000,0.0,0.0
2013-01-11 00:00:00-05:00,48.647913574837226,48.85817983685145,48.46439101145996,48.75581359863281,6424000,0.0,0.0
2013-01-14 00:00:00-05:00,48.836068823760314,48.87572353281907,48.068782568920724,48.279048919677734,9911000,0.0,0.0
2013-01-15 00:00:00-05:00,48.16191040111602,48.26888872703974,47.88155534999585,48.21355438232422,5858000,0.0,0.0
2013-01-16 00:00:00-05:00,47.62609711955294,48.190493984642316,47.4969836674633,48.07429504394531,6190000,0.0,0.0
2013-01-17 00:00:00-05:00,48.38599586301689,48.57044010916554,48.07521035131032,48.26426315307617,5250000,0.0,0.0
2013-01-18 00:00:00-05:00,47.91476863237915,48.09367918329352,47.34852461901745,48.04756546020508,10769000,0.0,0.0
2013-01-22 00:00:00-05:00,48.39709419426356,48.39709419426356,47.46012147201219,47.93321990966797,7462000,0.0,0.0
2013-01-23 00:00:00-05:00,47.91936902622686,48.1822010203295,47.50529544442675,47.730316162109375,4991000,0.0,0.0
2013-01-24 00:00:00-05:00,47.76444222954002,48.48100610003123,47.74599744505319,48.16376495361328,5869000,0.0,0.0
2013-01-25 00:00:00-05:00,48.21356667291935,48.21356667291935,47.70081357565133,47.901859283447266,7157000,0.0,0.0
2013-01-28 00:00:00-05:00,48.042041602377076,48.042041602377076,47.352221302954,47.4130859375,8002000,0.0,0.0
2013-01-29 00:00:00-05:00,47.41308238082081,48.02451492343854,47.406626881369114,47.81517028808594,8833000,0.0,0.0
2013-01-30 00:00:00-05:00,47.645473381115345,48.10289202976218,47.39278372855384,47.586448669433594,11601000,0.0,0.0
2013-01-31 00:00:00-05:00,49.062002176052026,49.37094438612099,47.30978643055694,47.80778503417969,20412000,0.0,0.0
2013-02-01 00:00:00-05:00,48.030037015163835,48.189581039328004,47.373416136282,47.836368560791016,9949000,0.0,0.0
2013-02-04 00:00:00-05:00,47.613202077471854,47.77089918497139,47.225868627402555,47.42230224609375,6152000,0.0,0.0
2013-02-05 00:00:00-05:00,47.9894543213488,48.14162112744974,47.660223948459446,48.01896667480469,7983000,0.0,0.0
2013-02-06 00:00:00-05:00,47.969172005561994,48.31223864492025,47.780119131913295,48.2827262878418,6016000,0.0,0.0
2013-02-07 00:00:00-05:00,48.13057486549708,48.259688390798495,47.60952275939867,47.913856506347656,6517000,0.0,0.0
2013-02-08 00:00:00-05:00,47.813314062229125,48.3675651550293,47.79948135539127,48.3675651550293,5214000,0.0,0.0
2013-02-11 00:00:00-05:00,48.47362484093611,48.52342540309254,47.88432757003874,48.03372573852539,5616000,0.0,0.0
2013-02-12 00:00:00-05:00,48.03465828617838,48.15178250840972,47.81793995313189,47.922149658203125,3379000,0.0,0.0
2013-02-13 00:00:00-05:00,48.07062708350492,48.130570004281275,47.60306245109556,47.88249588012695,4096000,0.0,0.0
2013-02-14 00:00:00-05:00,47.60029738055174,48.25599321722732,47.60029738055174,48.15454864501953,6656000,0.0,0.0
2013-02-15 00:00:00-05:00,47.61503235322274,48.41090543533789,47.61503235322274,48.24398422241211,7032000,0.0,0.0
2013-02-19 00:00:00-05:00,48.41643331564581,48.55384216028488,48.043857952724466,48.219078063964844,4234000,0.0,0.0
2013-02-20 00:00:00-05:00,48.139791318062564,48.34360216185975,47.30149459838867,47.30149459838867,5377000,0.0,0.0
2013-02-21 00:00:00-05:00,47.402023206302786,48.04111771785701,47.08477847086702,47.91754150390625,6814000,0.0,0.0
2013-02-22 00:00:00-05:00,48.22370478479841,48.36388232355927,47.70541798316351,48.30854797363281,6591000,0.0,0.0
2013-02-25 00:00:00-05:00,48.44781029284892,48.50867491973935,47.116127014160156,47.116127014160156,8672000,0.0,0.0
2013-02-26 00:00:00-05:00,47.359581862647765,47.565236076581364,46.78965112727686,47.00545120239258,7955000,0.0,0.0
2013-02-27 00:00:00-05:00,47.12165075059014,47.60212623603629,46.8459077702585,47.511749267578125,6994000,0.0,0.0
2013-02-28 00:00:00-05:00,47.511759147875836,48.08169000890507,47.345759594723,47.754302978515625,6148000,0.0,0.0
2013-03-01 00:00:00-05:00,47.494227464582856,47.91014798365836,47.33652686227884,47.798561096191406,4142000,0.0,0.0
2013-03-04 00:00:00-05:00,47.58461294648902,48.177600667688836,47.564324737682846,48.08537673950195,3486000,0.0,0.0
2013-03-05 00:00:00-05:00,48.188653142217326,48.94948365646845,48.12594510770232,48.610107421875,5895000,0.0,0.0
2013-03-06 00:00:00-05:00,48.46441789154025,48.991007308897714,48.26429737842017,48.654396057128906,5179000,0.0,0.0
2013-03-07 00:00:00-05:00,48.66729757537168,48.877563913037626,48.481009811172434,48.570465087890625,6685000,0.0,0.0
2013-03-08 00:00:00-05:00,48.88217163231558,48.907071915160465,48.36664993864416,48.806549072265625,5068000,0.0,0.0
2013-03-11 00:00:00-04:00,48.83881802977145,49.10534036639745,48.73091799562869,48.95962905883789,4091000,0.0,0.0
2013-03-12 00:00:00-04:00,48.86555584841836,48.96884379537369,48.16098148056011,48.24674987792969,4798000,0.0,0.0
2013-03-13 00:00:00-04:00,48.170226477940986,48.72724637438297,48.05863604553413,48.64516830444336,4715000,0.0,0.0
2013-03-14 00:00:00-04:00,48.7438298638243,48.992829135234196,48.57414350406809,48.61748504638672,5567000,0.0,0.0
2013-03-15 00:00:00-04:00,48.50774688751176,48.769657182692875,47.7911830601365,47.897239685058594,11598000,0.0,0.0
2013-03-18 00:00:00-04:00,47.522832203333984,47.923998452411254,47.469344777317204,47.49516677856445,5626000,0.0,0.0
2013-03-19 00:00:00-04:00,47.60673805892382,47.756136217709,46.86343059257573,47.18067169189453,6309000,0.0,0.0
2013-03-20 00:00:00-04:00,47.58646089687142,47.83546024969024,47.43429755735726,47.82808303833008,4552000,0.0,0.0
2013-03-21 00:00:00-04:00,47.62703789467068,47.74508030510945,47.330081409376916,47.40293884277344,5505000,0.0,0.0
2013-03-22 00:00:00-04:00,47.569856693961434,47.84283106772686,47.54311298711084,47.724788665771484,5052000,0.0,0.0
2013-03-25 00:00:00-04:00,47.97840438613301,48.3205458547231,47.841913668963116,47.95442581176758,5420000,0.0,0.0
2013-03-26 00:00:00-04:00,48.23200396975839,49.54063373651135,48.16007177704851,49.38201141357422,9106000,0.0,0.0
2013-03-27 00:00:00-04:00,49.081360083347484,49.86709084149574,48.91259192590348,49.61809158325195,6483000,0.0,0.0
2013-03-28 00:00:00-04:00,49.652238618624594,49.980547439099226,49.513904451927175,49.90400314331055,6689000,0.0,0.0
2013-04-01 00:00:00-04:00,50.024798516836775,50.43610700452382,49.430889127191094,49.5443229675293,5501000,0.0,0.0
2013-04-02 00:00:00-04:00,49.86434050534628,50.167748986891006,49.70940851477025,49.85419464111328,3696000,0.0,0.0
2013-04-03 00:00:00-04:00,49.87816075849083,50.07275092775339,48.91352290496394,49.177276611328125,5330000,0.0,0.0
2013-04-04 00:00:00-04:00,49.13118482699226,49.39770376753168,48.89048437012631,49.26675033569336,4432000,0.0,0.0
2013-04-05 00:00:00-04:00,48.6592404198483,49.15410807772971,48.65462667967447,49.08024597167969,5783000,0.06,0.0
2013-04-08 00:00:00-04:00,48.99622158128383,49.45508085425217,48.91220573954596,49.33597946166992,3631000,0.0,0.0
2013-04-09 00:00:00-04:00,49.3018449766907,49.33415877822652,48.30011008519989,48.71465301513672,9011000,0.0,0.0
2013-04-10 00:00:00-04:00,48.902047409820625,49.669273509146954,48.78756328102681,49.34151840209961,4839000,0.0,0.0
2013-04-11 00:00:00-04:00,49.340601360864675,50.06997022896315,49.169797895773286,49.97026062011719,5679000,0.0,0.0
2013-04-12 00:00:00-04:00,49.36182158958358,49.52523598228578,48.89649964345958,49.208560943603516,6794000,0.0,0.0
2013-04-15 00:00:00-04:00,48.953755724100446,49.28797363079574,48.167144775390625,48.167144775390625,5281000,0.0,0.0
2013-04-16 00:00:00-04:00,48.2963911474692,49.07838821411133,48.19944979895218,49.07838821411133,5494000,0.0,0.0
2013-04-17 00:00:00-04:00,48.678613331761774,49.0119084079579,48.441336849964436,48.54104995727539,6310000,0.0,0.0
2013-04-18 00:00:00-04:00,48.54013748764747,48.60753330657706,48.10158920288086,48.10158920288086,6434000,0.0,0.0
2013-04-19 00:00:00-04:00,48.270540909930105,48.35178498128816,47.87630923091437,48.190216064453125,5106000,0.0,0.0
2013-04-22 00:00:00-04:00,48.19852692871602,48.34993857280353,47.8975456142066,48.204063415527344,4398000,0.0,0.0
2013-04-23 00:00:00-04:00,48.55768107876539,49.042387900241216,48.340715563559606,49.024845123291016,3569000,0.0,0.0
2013-04-24 00:00:00-04:00,49.114397478608744,49.371062269178736,49.04607891546757,49.119014739990234,2663000,0.0,0.0
2013-04-25 00:00:00-04:00,49.31382360235485,49.76345191273269,48.48474161117092,49.407073974609375,3787000,0.0,0.0
2013-04-26 00:00:00-04:00,49.32212116436218,49.685884503214155,49.25287634657481,49.42460250854492,4543000,0.0,0.0
2013-04-29 00:00:00-04:00,49.62311205858888,49.854848562520615,49.426457583224334,49.76436996459961,3809000,0.0,0.0
2013-04-30 00:00:00-04:00,49.83639253059383,51.0495491027832,49.81608150787745,51.0495491027832,7987000,0.0,0.0
2013-05-01 00:00:00-04:00,49.74222335280824,50.303564136888596,49.488330265775865,49.83916473388672,10110000,0.0,0.0
2013-05-02 00:00:00-04:00,49.48645326609437,50.53250388602986,49.457834002980015,50.36631774902344,9470000,0.0,0.0
2013-05-03 00:00:00-04:00,50.93967587553316,51.486242012551564,50.83719450472105,51.10678482055664,7941000,0.0,0.0
2013-05-06 00:00:00-04:00,51.1113873609228,51.404056856430834,50.5048075640317,50.569435119628906,6063000,0.0,0.0
2013-05-07 00:00:00-04:00,50.60174802049962,50.95720309206187,50.35800880877482,50.89534378051758,4333000,0.0,0.0
2013-05-08 00:00:00-04:00,50.887039874622836,51.23695144632028,50.620217861258254,51.12247085571289,4391000,0.0,0.0
2013-05-09 00:00:00-04:00,51.05139306766823,51.34868345904845,50.768877210316035,50.952606201171875,4387000,0.0,0.0
2013-05-10 00:00:00-04:00,51.128939902361516,51.47516052576384,49.28242991088245,51.252655029296875,4670000,0.0,0.0
2013-05-13 00:00:00-04:00,51.0559944042569,51.55547563483629,51.0559944042569,51.318199157714844,3441000,0.0,0.0
2013-05-14 00:00:00-04:00,51.50470255467392,52.740941642255066,51.37175290546891,52.59598922729492,6568000,0.0,0.0
2013-05-15 00:00:00-04:00,52.65692347080325,53.0825426526425,52.54797935793557,53.028072357177734,6555000,0.0,0.0
2013-05-16 00:00:00-04:00,52.89051342320492,52.96345277333228,52.638465881347656,52.638465881347656,4409000,0.0,0.0
2013-05-17 00:00:00-04:00,53.02807691325797,54.01041950906012,52.83326793149753,53.990108489990234,6242000,0.0,0.0
2013-05-20 00:00:00-04:00,53.83868932423963,54.337247851123074,53.73528521886022,53.857154846191406,4466000,0.0,0.0
2013-05-21 00:00:00-04:00,53.967025045820435,54.37972226699321,53.77037409265133,53.9965705871582,3918000,0.0,0.0
2013-05-22 00:00:00-04:00,54.19506967697796,54.314167544380034,53.192412568720606,53.24504089355469,5612000,0.0,0.0
2013-05-23 00:00:00-04:00,52.60429570920291,53.270885861897874,52.475963334031725,52.60060119628906,6476000,0.0,0.0
2013-05-24 00:00:00-04:00,52.32548404139576,52.890515732879955,52.008808910874414,52.760337829589844,3910000,0.0,0.0
2013-05-28 00:00:00-04:00,53.54877712565145,54.03533278812945,53.15362278458227,53.15547180175781,4709000,0.0,0.0
2013-05-29 00:00:00-04:00,52.83972231134948,53.19886840641882,52.66707339371956,52.90342712402344,3508000,0.0,0.0
2013-05-30 00:00:00-04:00,52.95330002237781,53.792539340878356,52.81111934560353,53.194271087646484,3784000,0.0,0.0
2013-05-31 00:00:00-04:00,53.105630868819404,53.60418944080476,52.58952952110213,52.64862060546875,6107000,0.0,0.0
2013-06-03 00:00:00-04:00,52.74924114166919,53.17116928100586,52.501810928806435,53.17116928100586,5822000,0.0,0.0
2013-06-04 00:00:00-04:00,53.13148166845212,53.26258230708489,52.07065970523633,52.46119689941406,6460000,0.0,0.0
2013-06-05 00:00:00-04:00,52.16391305432649,52.46027715196866,51.63581243416852,51.6625862121582,5421000,0.0,0.0
2013-06-06 00:00:00-04:00,51.49454910768467,52.17867858422201,51.43453527855801,52.1592903137207,4399000,0.0,0.0
2013-06-07 00:00:00-04:00,52.4178094362324,52.56737560645171,52.041120483968136,52.279319763183594,7163000,0.0,0.0
2013-06-10 00:00:00-04:00,52.40395545480166,52.5415223741482,51.947867935895935,52.235923767089844,4113000,0.0,0.0
2013-06-11 00:00:00-04:00,51.90263192259676,52.1860705103171,51.702286436097694,51.7429084777832,4334000,0.0,0.0
2013-06-12 00:00:00-04:00,52.14269548620578,52.17408653558277,51.515804290771484,51.515804290771484,5816000,0.0,0.0
2013-06-13 00:00:00-04:00,51.477009120497456,53.137022012705145,51.430847072319054,52.968990325927734,8606000,0.0,0.0
2013-06-14 00:00:00-04:00,52.99576687526006,53.06685720800068,52.55167858019297,52.73263931274414,6231000,0.0,0.0
2013-06-17 00:00:00-04:00,53.001292066019246,53.639259386432265,53.001292066019246,53.38167190551758,7248000,0.0,0.0
2013-06-18 00:00:00-04:00,53.69190545686177,53.99934960996493,53.57003579766607,53.95595932006836,5495000,0.0,0.0
2013-06-19 00:00:00-04:00,54.0602829529003,54.64654842469971,54.0362774173347,54.13691329956055,7661000,0.0,0.0
2013-06-20 00:00:00-04:00,53.51187787783931,54.07506419050585,52.827748160358944,52.876678466796875,9215000,0.0,0.0
2013-06-21 00:00:00-04:00,53.47400757222048,53.53956141319977,52.52213325848966,52.92928695678711,12178000,0.0,0.0
2013-06-24 00:00:00-04:00,52.0134194402008,52.586759311189574,51.46962158835223,51.942325592041016,9427000,0.0,0.0
2013-06-25 00:00:00-04:00,52.37350154998986,52.40673809087967,51.85186008085015,52.125144958496094,8312000,0.0,0.0
2013-06-26 00:00:00-04:00,52.44089756178539,52.87944591925235,52.05220929873503,52.62554931640625,5343000,0.0,0.0
2013-06-27 00:00:00-04:00,52.766784533108286,53.31150503758925,52.62552665321482,52.68830871582031,5942000,0.0,0.0
2013-06-28 00:00:00-04:00,52.548904578588306,53.04100036621094,52.29962530637012,53.04100036621094,10396000,0.0,0.0
2013-07-01 00:00:00-04:00,53.42046492510858,54.47205245772967,53.3226008115018,53.84516143798828,8534000,0.0,0.0
2013-07-02 00:00:00-04:00,53.72420402661894,54.37510045391903,53.52201308125354,53.831302642822266,5605000,0.0,0.0
2013-07-03 00:00:00-04:00,53.52848301116872,54.25508359566952,53.52848301116872,54.11936569213867,2434000,0.0,0.0
2013-07-05 00:00:00-04:00,54.52785761882311,54.99272918701172,54.15817581796825,54.99272918701172,5465000,0.06,0.0
2013-07-08 00:00:00-04:00,55.19143455186491,55.705290087963995,54.451150755392284,54.462242126464844,7052000,0.0,0.0
2013-07-09 00:00:00-04:00,54.87165327618755,55.127653775759434,54.70067485320905,54.85963821411133,5922000,0.0,0.0
2013-07-10 00:00:00-04:00,54.8605647023694,55.00289101713762,54.2857102330056,54.61195373535156,5330000,0.0,0.0
2013-07-11 00:00:00-04:00,55.15817460984982,55.60179075735342,54.72749722257907,55.54634094238281,4652000,0.0,0.0
2013-07-12 00:00:00-04:00,55.52136814976543,55.62025620475198,55.11564472804247,55.34669494628906,4498000,0.0,0.0
2013-07-15 00:00:00-04:00,55.38182744960086,55.452066931811814,54.89754767271268,55.07037353515625,4306000,0.0,0.0
2013-07-16 00:00:00-04:00,55.10272379045141,55.258912603908264,54.47056841203715,54.508460998535156,4682000,0.0,0.0
2013-07-17 00:00:00-04:00,53.880934262514145,54.89201210513658,53.8763122689312,54.83748245239258,9218000,0.0,0.0
2013-07-18 00:00:00-04:00,55.08516106884156,55.52046042571789,54.94560579434093,55.167415618896484,3487000,0.0,0.0
2013-07-19 00:00:00-04:00,55.33931260811739,55.53986690044034,54.77370197938702,54.83562469482422,8235000,0.0,0.0
2013-07-22 00:00:00-04:00,54.9289582873411,55.80787360060186,54.810662087111055,55.69234848022461,5362000,0.0,0.0
2013-07-23 00:00:00-04:00,55.806025048169055,55.900294644398095,55.22100638668362,55.267215728759766,4649000,0.0,0.0
2013-07-24 00:00:00-04:00,55.29773044316364,55.452071873986604,54.49552377518225,54.61936569213867,7752000,0.0,0.0
2013-07-25 00:00:00-04:00,54.91602321835171,55.62396365734844,54.91048105827391,55.357791900634766,7277000,0.0,0.0
2013-07-26 00:00:00-04:00,55.13874820850054,55.4270991377132,54.797718562292985,55.28107452392578,3848000,0.0,0.0
2013-07-29 00:00:00-04:00,55.34762946511807,55.54355822702499,54.946524430913,55.17665100097656,3266000,0.0,0.0
2013-07-30 00:00:00-04:00,55.41970825787484,55.81249294340441,55.366105845556554,55.583290100097656,6028000,0.0,0.0
2013-07-31 00:00:00-04:00,57.71543546303547,57.87624625632593,52.40405024072165,56.43264389038086,40090000,0.0,0.0
2013-08-01 00:00:00-04:00,57.184025694666204,60.04072771856477,57.184025694666204,59.73851776123047,30337000,0.0,0.0
2013-08-02 00:00:00-04:00,59.5444305998455,59.79766362268014,59.185840116767075,59.66365051269531,6684000,0.0,0.0
2013-08-05 00:00:00-04:00,59.261612189866234,59.69043853465093,59.188598118138835,59.37528991699219,5878000,0.0,0.0
2013-08-06 00:00:00-04:00,59.353107722960736,60.718150052065155,59.14423670802788,60.44274139404297,8199000,0.0,0.0
2013-08-07 00:00:00-04:00,60.35032530965598,60.35032530965598,59.61465649676662,59.73295974731445,5860000,0.0,0.0
2013-08-08 00:00:00-04:00,59.98619006532488,60.07306659748895,59.286573443471774,59.6885986328125,4532000,0.0,0.0
2013-08-09 00:00:00-04:00,59.83000623718638,59.83000623718638,58.934457259815915,58.96033477783203,3933000,0.0,0.0
2013-08-12 00:00:00-04:00,59.112817154790406,59.112817154790406,58.15072360223161,58.291202545166016,5240000,0.0,0.0
2013-08-13 00:00:00-04:00,58.854050331074774,58.854050331074774,58.24407774290856,58.53242874145508,3245000,0.0,0.0
2013-08-14 00:00:00-04:00,58.74315677923075,58.88363576496849,58.04630753755119,58.22283172607422,3943000,0.0,0.0
2013-08-15 00:00:00-04:00,57.65721293170603,57.743162254436896,56.89659368429756,57.18402099609375,5329000,0.0,0.0
2013-08-16 00:00:00-04:00,57.143345314786544,57.691395085419096,56.941867368088815,57.13502502441406,4834000,0.0,0.0
2013-08-19 00:00:00-04:00,57.221913705875046,57.855916441418735,57.069419673571346,57.29030227661133,3907000,0.0,0.0
2013-08-20 00:00:00-04:00,57.4067521593057,57.76996109993613,57.20619787190394,57.52320098876953,2985000,0.0,0.0
2013-08-21 00:00:00-04:00,57.26440778930459,58.00192038141071,57.11653579361307,57.2366828918457,9306000,0.0,0.0
2013-08-22 00:00:00-04:00,57.57772814109633,57.57772814109633,57.01027012920768,57.40028381347656,3926000,0.0,0.0
2013-08-23 00:00:00-04:00,57.488086928517845,57.90860017045899,57.11655764800675,57.86516189575195,4587000,0.0,0.0
2013-08-26 00:00:00-04:00,57.83187928286073,57.83187928286073,56.795847913181824,56.85499954223633,5829000,0.0,0.0
2013-08-27 00:00:00-04:00,56.20805875471381,56.61562963046454,55.99456924836819,56.18402862548828,5471000,0.0,0.0
2013-08-28 00:00:00-04:00,55.997344553622185,56.67385831754286,55.952982590761295,56.43264389038086,6406000,0.0,0.0
2013-08-29 00:00:00-04:00,56.42246308665256,57.15258262886059,56.417841095093976,56.613773345947266,5060000,0.0,0.0
2013-08-30 00:00:00-04:00,56.74132982626902,56.83652313667373,55.78385808696231,56.01398468017578,6123000,0.0,0.0
2013-09-03 00:00:00-04:00,56.56110921101844,57.74593290252765,56.42155393945227,57.619319915771484,11390000,0.0,0.0
2013-09-04 00:00:00-04:00,57.61932612532837,58.00933633211612,57.069425271861434,57.61470413208008,4018000,0.0,0.0
2013-09-05 00:00:00-04:00,57.57772517499698,58.375309728640936,57.528744747097164,58.13224792480469,3822000,0.0,0.0
2013-09-06 00:00:00-04:00,58.409507787514336,59.12483780141196,57.958498628485124,58.83648681640625,5874000,0.0,0.0
2013-09-09 00:00:00-04:00,58.964962080877314,59.23113037385033,58.735762683623534,59.185848236083984,6169000,0.0,0.0
2013-09-10 00:00:00-04:00,59.51668340470516,60.26713115562409,59.48433299334355,60.2116813659668,7172000,0.0,0.0
2013-09-11 00:00:00-04:00,60.30411032090939,61.2957761077733,59.59062427397263,60.85493469238281,7539000,0.0,0.0
2013-09-12 00:00:00-04:00,61.15900441204741,62.13403675573301,60.488953041607836,61.692264556884766,10857000,0.0,0.0
2013-09-13 00:00:00-04:00,61.625724911968156,61.90298804117877,61.43071984860798,61.58967971801758,6090000,0.0,0.0
2013-09-16 00:00:00-04:00,62.272660649071746,62.3835673071227,61.79669769963085,62.013885498046875,7003000,0.0,0.0
2013-09-17 00:00:00-04:00,62.22737861410342,62.924224136251915,62.062869538970396,62.768959045410156,4810000,0.0,0.0
2013-09-18 00:00:00-04:00,62.75322701069584,63.63306221424894,62.51662763375062,63.551734924316406,4670000,0.0,0.0
2013-09-19 00:00:00-04:00,63.93157462246699,64.23286066778867,63.31790411540068,63.43435287475586,5099000,0.0,0.0
2013-09-20 00:00:00-04:00,63.73937563987842,63.73937563987842,63.07487345769293,63.37615966796875,6726000,0.0,0.0
2013-09-23 00:00:00-04:00,63.34105212536282,63.76895488345737,62.855845117275955,63.12201690673828,5171000,0.0,0.0
2013-09-24 00:00:00-04:00,63.07674326320826,63.92331205336931,62.692275156294144,63.34199142456055,6000000,0.0,0.0
2013-09-25 00:00:00-04:00,63.185761887819964,63.40387335060155,62.082272869171426,62.10075378417969,8780000,0.0,0.0
2013-09-26 00:00:00-04:00,62.404825297308285,62.8244076917426,62.151592310488226,62.622013092041016,3815000,0.0,0.0
2013-09-27 00:00:00-04:00,62.608164387161644,63.08690561855843,62.395602039428525,63.01666259765625,3133000,0.0,0.0
2013-09-30 00:00:00-04:00,62.62939575869771,62.64325820780947,61.93809248514022,62.17838668823242,4362000,0.0,0.0
2013-10-01 00:00:00-04:00,62.32995699255232,62.80684357488605,62.15066179618986,62.64141082763672,4121000,0.0,0.0
2013-10-02 00:00:00-04:00,62.42332277718656,62.51481779608827,62.04532763436266,62.5046501159668,4632000,0.0,0.0
2013-10-03 00:00:00-04:00,62.21537561031664,62.46675421279756,61.37157807363355,61.83460235595703,5547000,0.0,0.0
2013-10-04 00:00:00-04:00,61.74215948969354,62.35767757161826,61.68486231080701,62.22921371459961,4077000,0.0,0.0
2013-10-07 00:00:00-04:00,61.77135159417414,62.06920850115742,61.52991847516222,61.61317443847656,5289000,0.06,0.0
2013-10-08 00:00:00-04:00,61.634445200142686,61.73157598080503,60.25985728021625,60.484642028808594,7294000,0.0,0.0
2013-10-09 00:00:00-04:00,60.65667784789027,61.46515041034452,59.88983678456675,60.795433044433594,6541000,0.0,0.0
2013-10-10 00:00:00-04:00,61.823148799215865,62.77130126953125,61.68809870080087,62.77130126953125,4913000,0.0,0.0
2013-10-11 00:00:00-04:00,62.7953324878244,63.41417310983496,62.507645383514316,63.288368225097656,5458000,0.0,0.0
2013-10-14 00:00:00-04:00,62.84805803419745,63.83135595539429,62.37444421228242,63.74348449707031,3598000,0.0,0.0
2013-10-15 00:00:00-04:00,63.572379211045785,64.12646860952506,63.14779282436209,63.492828369140625,9156000,0.0,0.0
2013-10-16 00:00:00-04:00,63.77678381515603,64.71383475279511,63.620455748941936,64.33550262451172,5440000,0.0,0.0
2013-10-17 00:00:00-04:00,64.0756094672521,65.21431882282283,64.06821332591562,65.18101501464844,5420000,0.0,0.0
2013-10-18 00:00:00-04:00,65.39929481913363,66.26789646095938,64.85353320513858,66.15689086914062,5959000,0.0,0.0
2013-10-21 00:00:00-04:00,66.32616998821103,66.58979853964121,65.60094622771003,66.40201568603516,4799000,0.0,0.0
2013-10-22 00:00:00-04:00,66.76461937987584,67.28632928795524,66.28823197909698,66.47970581054688,4306000,0.0,0.0
2013-10-23 00:00:00-04:00,66.23183453008892,66.28918990262939,65.4002345586439,65.76654815673828,4414000,0.0,0.0
2013-10-24 00:00:00-04:00,66.09766915139211,67.24839634869525,66.04771700636863,67.03564453125,4020000,0.0,0.0
2013-10-25 00:00:00-04:00,67.06433929966799,67.75348574071573,66.60644920103289,66.95148468017578,4640000,0.0,0.0
2013-10-28 00:00:00-04:00,66.97460057597874,67.67484816468941,66.72762042425313,67.52129364013672,4411000,0.0,0.0
2013-10-29 00:00:00-04:00,67.84505696531618,68.25113877948016,67.30021288785548,67.75255584716797,4655000,0.0,0.0
2013-10-30 00:00:00-04:00,67.89594032450685,67.95236410663982,66.72670829137626,67.12724304199219,5562000,0.0,0.0
2013-10-31 00:00:00-04:00,67.53053080094789,67.95419246884198,65.43534950060199,66.33354949951172,10221000,0.0,0.0
2013-11-01 00:00:00-04:00,66.96721691424541,68.38158731784024,66.8959937910825,68.21878051757812,8304000,0.0,0.0
2013-11-04 00:00:00-05:00,68.2974299066722,68.43526067017041,67.1790740557502,67.37887573242188,4568000,0.0,0.0
2013-11-05 00:00:00-05:00,67.27800116951877,68.2890486621907,66.90058653599598,68.11699676513672,6120000,0.0,0.0
2013-11-06 00:00:00-05:00,68.26687928315242,68.30017602052757,67.53518383220263,67.88484191894531,4849000,0.0,0.0
2013-11-07 00:00:00-05:00,68.20768313685076,68.22525602495784,66.56761042998575,66.72394561767578,4743000,0.0,0.0
2013-11-08 00:00:00-05:00,66.64713482400816,67.94308879740703,66.64713482400816,67.94031524658203,4558000,0.0,0.0
2013-11-11 00:00:00-05:00,67.90703610221705,68.76823444240539,67.73312806882372,68.55917358398438,4068000,0.0,0.0
2013-11-12 00:00:00-05:00,68.40284686523312,68.51662599722982,67.66837793792706,68.23726654052734,4520000,0.0,0.0
2013-11-13 00:00:00-05:00,67.98937732175128,68.21601112014898,67.70262166215873,68.03377532958984,4843000,0.0,0.0
2013-11-14 00:00:00-05:00,67.9893605788707,68.82188477294574,67.94866065069513,68.77840423583984,3384000,0.0,0.0
2013-11-15 00:00:00-05:00,68.78026827149296,69.70991627877471,68.78026827149296,69.5859603881836,4843000,0.0,0.0
2013-11-18 00:00:00-05:00,69.7210132527623,70.27417802516497,69.48883239455336,69.79779052734375,6949000,0.0,0.0
2013-11-19 00:00:00-05:00,69.7931562724199,70.07066668620958,68.91530957489549,69.09476470947266,3141000,0.0,0.0
2013-11-20 00:00:00-05:00,69.19190819649465,69.74599755142154,68.77101991254915,69.00042724609375,3059000,0.0,0.0
2013-11-21 00:00:00-05:00,68.89959415777386,69.33897981889523,68.89959415777386,69.09939575195312,3685000,0.0,0.0
2013-11-22 00:00:00-05:00,69.1475003403825,69.91989573216294,69.05499920830643,69.78854370117188,3796000,0.0,0.0
2013-11-25 00:00:00-05:00,70.22513855350282,70.25566173179419,69.59889468093326,69.97723388671875,4461000,0.0,0.0
2013-11-26 00:00:00-05:00,70.01791468821881,70.77828390305565,69.8393841378459,70.02809143066406,5048000,0.0,0.0
2013-11-27 00:00:00-05:00,70.39444275593425,70.71635125126288,69.94118221370988,70.33894348144531,2596000,0.0,0.0
2013-11-29 00:00:00-05:00,70.43420987482652,70.7644460453572,70.26770501360092,70.37686157226562,2388000,0.0,0.0
2013-12-02 00:00:00-05:00,70.37683922365918,70.64879543057667,69.746897325918,69.94300079345703,4185000,0.0,0.0
2013-12-03 00:00:00-05:00,69.6451589688875,69.85421277693993,69.12251739137317,69.75616455078125,4184000,0.0,0.0
2013-12-04 00:00:00-05:00,69.56191467308503,69.72379695829689,68.8274456128233,69.20763397216797,5091000,0.0,0.0
2013-12-05 00:00:00-05:00,69.40003496710656,69.83016840866411,69.10032198233158,69.51566314697266,3597000,0.0,0.0
2013-12-06 00:00:00-05:00,70.09286010020148,70.2695346029123,69.62849847483731,70.16038513183594,3310000,0.0,0.0
2013-12-09 00:00:00-05:00,70.57019711231742,70.90135782625616,70.11693658779443,70.19648742675781,4348000,0.0,0.0
2013-12-10 00:00:00-05:00,70.16318996961812,71.14372189934488,70.16318996961812,70.63587951660156,6168000,0.0,0.0
2013-12-11 00:00:00-05:00,73.42295685014484,74.15280314876917,73.02796925014673,73.12972259521484,25460000,0.0,0.0
2013-12-12 00:00:00-05:00,73.21575853828332,73.21575853828332,72.27500932952303,72.38693237304688,10075000,0.0,0.0
2013-12-13 00:00:00-05:00,72.66073024760482,73.24256904958047,72.47202291018758,72.88920593261719,6828000,0.0,0.0
2013-12-16 00:00:00-05:00,73.35447067473837,74.04453416208398,73.2342129320291,73.70135498046875,7478000,0.0,0.0
2013-12-17 00:00:00-05:00,73.98353531755821,74.32948827127434,73.64312241012253,73.8124008178711,9610000,0.0,0.0
2013-12-18 00:00:00-05:00,73.80499675762698,74.32670674141816,72.95027004036419,74.19258117675781,10444000,0.0,0.0
2013-12-19 00:00:00-05:00,74.18704675901513,74.85399080585802,73.91231687895312,74.49971008300781,9530000,0.0,0.0
2013-12-20 00:00:00-05:00,74.79291547912574,76.14899852352998,74.65323577090227,75.57918548583984,13154000,0.0,0.0
2013-12-23 00:00:00-05:00,76.32013147958803,76.37286424311779,75.16384989812157,75.39881134033203,8946000,0.0,0.0
2013-12-24 00:00:00-05:00,75.34515981186507,75.46541055359674,75.02417593749219,75.22305297851562,4048000,0.0,0.0
2013-12-26 00:00:00-05:00,75.39416976706407,76.02781677246094,75.31276992788996,76.02781677246094,5940000,0.0,0.0
2013-12-27 00:00:00-05:00,76.03709818599833,76.62356687506006,75.8557939667204,76.58009338378906,5710000,0.0,0.0
2013-12-30 00:00:00-05:00,76.78823093811475,77.60225097709393,76.6430040551473,77.08238983154297,7068000,0.0,0.0
2013-12-31 00:00:00-05:00,77.643849365714,77.64478094031381,76.83445218615914,77.28216552734375,6759000,0.0,0.0
2014-01-02 00:00:00-05:00,77.46255946139038,77.51436066459067,76.78637026762628,77.16007995605469,7214000,0.0,0.0
2014-01-03 00:00:00-05:00,77.16006914634833,77.31362369966338,76.40709571327348,76.85203552246094,6438000,0.0,0.0
2014-01-06 00:00:00-05:00,76.95841316336657,77.13601928405558,76.28314856669785,76.4709243774414,7022000,0.0,0.0
2014-01-07 00:00:00-05:00,76.97295120138433,77.73063085301061,76.97202545234862,77.53611755371094,7635000,0.11,0.0
2014-01-08 00:00:00-05:00,77.55744946500093,78.17711497979029,77.43610563348145,77.51298522949219,6936000,0.0,0.0
2014-01-09 00:00:00-05:00,77.80564578808769,78.19838238330263,77.45829915510515,78.13909912109375,7025000,0.0,0.0
2014-01-10 00:00:00-05:00,78.4392168773594,78.49850014907854,77.02760507908634,77.32029724121094,8211000,0.0,0.0
2014-01-13 00:00:00-05:00,77.38512053347141,77.62039501150139,74.8073481136105,75.02687072753906,12354000,0.0,0.0
2014-01-14 00:00:00-05:00,75.28810601285821,76.2282573850115,74.48411751626413,76.1115493774414,10869000,0.0,0.0
2014-01-15 00:00:00-05:00,76.42646915057408,76.8590271920494,76.06800637237059,76.26529693603516,7750000,0.0,0.0
2014-01-16 00:00:00-05:00,76.39959918285771,76.69322415394504,76.17729221918827,76.46258544921875,4965000,0.0,0.0
2014-01-17 00:00:00-05:00,76.41624511347095,77.25172978911813,74.83049411080785,75.80677032470703,13330000,0.0,0.0
2014-01-21 00:00:00-05:00,76.2328629830682,76.5607547600557,75.40015538916433,75.81233978271484,10103000,0.0,0.0
2014-01-22 00:00:00-05:00,76.14764020098447,77.71301788350647,75.95312694341187,77.15726470947266,7220600,0.0,10.0
2014-01-23 00:00:00-05:00,77.62041179041947,77.62966928096834,75.87904248424205,76.2865982055664,6590300,0.0,0.0
2014-01-24 00:00:00-05:00,75.74934093681915,75.93459668598119,72.71121731840442,72.7204818725586,9460200,0.0,0.0
2014-01-27 00:00:00-05:00,73.1280438848413,73.15583755243384,69.42301301915134,70.44190216064453,13707500,0.0,0.0
2014-01-28 00:00:00-05:00,71.0439507597017,73.25770572332289,70.93280437722368,73.01688385009766,7735000,0.0,0.0
2014-01-29 00:00:00-05:00,72.42412455693845,72.86872449647852,71.33113969428523,71.97025299072266,7908500,0.0,0.0
2014-01-30 00:00:00-05:00,74.51744720797421,74.61007865386469,72.47041804260566,73.87833404541016,8702200,0.0,0.0
2014-01-31 00:00:00-05:00,69.94171240567661,71.31256967767635,66.45898189823328,70.09917449951172,23252800,0.0,0.0
2014-02-03 00:00:00-05:00,70.44190790635703,70.77536127681066,68.40413652394197,68.459716796875,9828200,0.0,0.0
2014-02-04 00:00:00-05:00,68.7468870972232,68.86729812331708,67.43160210405189,67.7280044555664,11378100,0.0,0.0
2014-02-05 00:00:00-05:00,67.39455552502913,68.07998468464959,66.79248621990213,67.4686508178711,7768100,0.0,0.0
2014-02-06 00:00:00-05:00,67.82987510974345,69.38598880168165,67.74650821666035,69.37672424316406,6804600,0.0,0.0
2014-02-07 00:00:00-05:00,70.08992719193326,71.25701401798155,69.58974712362685,70.68273162841797,8437500,0.0,0.0
2014-02-10 00:00:00-05:00,71.00695532647255,71.63680410347428,70.25668139678157,70.71981048583984,4885600,0.0,0.0
2014-02-11 00:00:00-05:00,71.13658907181429,71.1643756701307,70.39558013838052,70.57157135009766,5322900,0.0,0.0
2014-02-12 00:00:00-05:00,70.80316312640498,71.25702756350593,70.08994051560155,70.3678207397461,4775200,0.0,0.0
2014-02-13 00:00:00-05:00,69.91392367116697,70.98837876500914,69.58972787205025,70.88648986816406,4912300,0.0,0.0
2014-02-14 00:00:00-05:00,70.93282365717053,71.93318377208185,70.84019929100158,71.68309020996094,4731900,0.0,0.0
2014-02-18 00:00:00-05:00,72.67416675784558,72.70195335374913,71.50708026240645,71.77569580078125,5811700,0.0,0.0
2014-02-19 00:00:00-05:00,71.63676311831593,72.25736111335429,70.88649668465996,70.99765014648438,6032800,0.0,0.0
2014-02-20 00:00:00-05:00,71.2106947319233,71.2106947319233,69.33039259166456,70.26591491699219,8711100,0.0,0.0
2014-02-21 00:00:00-05:00,70.26589563445576,70.71975983798488,69.9324423638022,70.11769104003906,6551800,0.0,0.0
2014-02-24 00:00:00-05:00,69.99730341032316,71.29406577604502,69.98803885339179,70.3585433959961,7942200,0.0,0.0
2014-02-25 00:00:00-05:00,70.39559535177584,71.29406658103039,69.95098848227332,71.08102416992188,7435800,0.0,0.0
2014-02-26 00:00:00-05:00,71.16438087476403,71.70161203745486,70.96060304982714,71.6552963256836,7437200,0.0,0.0
2014-02-27 00:00:00-05:00,71.6368069383137,72.25740531297004,71.32188253735053,72.02584075927734,4931400,0.0,0.0
2014-02-28 00:00:00-05:00,72.43333101053425,72.86867315021587,71.27550917809742,71.98873138427734,5916500,0.0,0.0
2014-03-03 00:00:00-05:00,70.88652150916592,71.4052237124263,70.07141703735851,71.07177734375,6154600,0.0,0.0
2014-03-04 00:00:00-05:00,72.0721527344909,72.98915349724732,71.70165508502656,72.71127319335938,5302700,0.0,0.0
2014-03-05 00:00:00-05:00,72.86866883509303,73.06318204340974,72.09061600182622,72.4333267211914,4230200,0.0,0.0
2014-03-06 00:00:00-05:00,72.6186257262525,72.90576343346467,71.84982992078854,71.90540313720703,4593400,0.0,0.0
2014-03-07 00:00:00-05:00,72.31293872857317,72.47966539810285,71.80349416423654,72.1925277709961,4133600,0.0,0.0
2014-03-10 00:00:00-04:00,72.0628592980756,72.19253482406934,71.57193673048651,71.68309020996094,3314700,0.0,0.0
2014-03-11 00:00:00-04:00,71.77574072227517,72.6649476816284,71.21998725602799,72.15550994873047,4834400,0.0,0.0
2014-03-12 00:00:00-04:00,71.52565990565907,72.56306457519531,71.13663315458298,72.56306457519531,4739700,0.0,0.0
2014-03-13 00:00:00-04:00,72.60008007686015,72.96132003489254,70.89576920478795,70.9698715209961,6521400,0.0,0.0
2014-03-14 00:00:00-04:00,70.8679641427373,71.52560612750935,70.60861317035216,70.71049499511719,4856900,0.0,0.0
2014-03-17 00:00:00-04:00,71.09029978334206,72.09991758690414,71.08103522486522,72.09066009521484,3910900,0.0,0.0
2014-03-18 00:00:00-04:00,72.34074192286127,73.15585341277367,71.82203975058034,73.10027313232422,4523500,0.0,0.0
2014-03-19 00:00:00-04:00,73.11880244429808,73.7301289965859,72.17401540877994,72.5352554321289,5929300,0.0,0.0
2014-03-20 00:00:00-04:00,72.44263570461635,72.85019147683299,71.88688233045846,72.62789154052734,5197800,0.0,0.0
2014-03-21 00:00:00-04:00,73.48929989530873,73.9431713636678,70.30297745962815,70.38633728027344,15077700,0.0,0.0
2014-03-24 00:00:00-04:00,70.84019929100158,71.97949242177324,70.27518147054904,71.68309020996094,8816800,0.0,0.0
2014-03-25 00:00:00-04:00,71.8590791595184,72.03506332958816,69.68237482346593,69.72868347167969,7128300,0.0,0.0
2014-03-26 00:00:00-04:00,70.21963114264474,70.5530846564834,68.24670374142362,68.27449035644531,7611000,0.0,0.0
2014-03-27 00:00:00-04:00,68.11699559669366,68.19109791251957,67.01474661583718,67.9317398071289,7690100,0.0,0.0
2014-03-28 00:00:00-04:00,67.97804926475155,68.34855374299532,67.0981073123596,67.82058715820312,5245000,0.0,0.0
2014-03-31 00:00:00-04:00,68.41340644159068,69.34892886349445,68.07995304500689,69.19145965576172,5843600,0.0,0.0
2014-04-01 00:00:00-04:00,69.70091362537907,69.78427345227496,68.89506663144742,69.2933578491211,4105600,0.0,0.0
2014-04-02 00:00:00-04:00,69.36745091139946,69.7935286810817,69.03399751481568,69.19145965576172,4271600,0.0,0.0
2014-04-03 00:00:00-04:00,69.5064054284767,69.97879901613308,68.76539615634073,69.03401184082031,4133300,0.0,0.0
2014-04-04 00:00:00-04:00,69.83985156520019,69.92321138950385,66.42195743300196,66.8572998046875,8287100,0.0,0.0
2014-04-07 00:00:00-04:00,66.4769325002341,66.75522965936985,65.33589362282234,66.1707992553711,9699100,0.11,0.0
2014-04-08 00:00:00-04:00,66.06876395967834,66.73668855790885,65.86467510159993,66.34706115722656,6280200,0.0,0.0
2014-04-09 00:00:00-04:00,66.7274225879435,68.34156928981018,66.43056794073155,68.2395248413086,6984700,0.0,0.0
2014-04-10 00:00:00-04:00,68.34156359332889,68.94455153578468,65.81829576356296,66.02238464355469,8982800,0.0,0.0
2014-04-11 00:00:00-04:00,64.98339113532694,65.28951735009709,63.71247863769531,63.71247863769531,11610500,0.0,0.0
2014-04-14 00:00:00-04:00,64.74219908387236,66.76452336971704,64.56593922247998,66.03166198730469,10893900,0.0,0.0
2014-04-15 00:00:00-04:00,67.07066308822914,67.47883380124945,65.3823009692836,66.93151092529297,7009600,0.0,0.0
2014-04-16 00:00:00-04:00,67.60869811139285,68.60130635882608,67.2561854802499,68.58275604248047,7002300,0.0,0.0
2014-04-17 00:00:00-04:00,68.71262963196723,69.40838327630775,68.28590157941369,68.7682876586914,5552300,0.0,0.0
2014-04-21 00:00:00-04:00,68.87959894085807,69.23211151209117,68.4899786656682,68.93525695800781,5991600,0.0,0.0
2014-04-22 00:00:00-04:00,69.08370811636343,69.36200536163095,68.50854915202721,69.13936614990234,5049800,0.0,0.0
2014-04-23 00:00:00-04:00,68.95383586349524,69.11153834633915,67.77568889737177,68.05399322509766,5056400,0.0,0.0
2014-04-24 00:00:00-04:00,68.37867233789939,69.31562262947021,68.0261596801392,68.97238159179688,5191700,0.0,0.0
2014-04-25 00:00:00-04:00,66.98716498409193,67.72002639299608,65.49361315086252,65.54927825927734,9657700,0.0,0.0
2014-04-28 00:00:00-04:00,65.67914775622299,66.94078161477712,65.14109656528063,66.08731842041016,8649400,0.0,0.0
2014-04-29 00:00:00-04:00,66.31922415319896,67.35821863385785,66.17080041457389,66.8201675415039,6030500,0.0,0.0
2014-04-30 00:00:00-04:00,67.10774365043417,68.30444056957253,66.3656107994078,68.23023223876953,6552600,0.0,0.0
2014-05-01 00:00:00-04:00,70.10415446901676,71.16169970693176,68.69409651098806,68.85179901123047,9752000,0.0,0.0
2014-05-02 00:00:00-04:00,68.83321618202689,69.11152043763647,67.27472792126996,68.44359588623047,5977100,0.0,0.0
2014-05-05 00:00:00-04:00,67.91482697895397,69.44548630891485,67.67363041677567,69.40837860107422,4776900,0.0,0.0
2014-05-06 00:00:00-04:00,68.96309265685633,69.08369447580843,68.41576989493122,68.47142791748047,4290100,0.0,0.0
2014-05-07 00:00:00-04:00,68.58275763727814,68.99093538209362,67.76640922521935,68.527099609375,4411900,0.0,0.0
2014-05-08 00:00:00-04:00,68.52708169929905,70.01135436855819,68.1838407692699,68.87031555175781,4628200,0.0,0.0
2014-05-09 00:00:00-04:00,68.65695687361529,69.05585582721554,68.20239282766276,69.00019073486328,2975600,0.0,0.0
2014-05-12 00:00:00-04:00,69.28778401267029,69.77944875690041,69.1115241694287,69.59391021728516,2975200,0.0,0.0
2014-05-13 00:00:00-04:00,69.7516335635088,69.97427277758148,69.06515144729413,69.41767120361328,3268500,0.0,0.0
2014-05-14 00:00:00-04:00,69.25994878477076,69.59390397096124,68.61057457075864,68.74044799804688,2595900,0.0,0.0
2014-05-15 00:00:00-04:00,68.64769904022887,68.87033824458494,67.60870429061275,67.79424285888672,4301600,0.0,0.0
2014-05-16 00:00:00-04:00,67.74784688798047,68.5178159131337,67.31184016102452,68.415771484375,3703800,0.0,0.0
2014-05-19 00:00:00-04:00,68.15601574374502,69.00019299843358,68.10035772713742,68.51780700683594,3428800,0.0,0.0
2014-05-20 00:00:00-04:00,68.48073871671396,69.10227718512225,68.1931626953019,68.32303619384766,3764700,0.0,0.0
2014-05-21 00:00:00-04:00,68.83321208175013,70.1690611049879,68.80538307336116,70.15978240966797,4365800,0.0,0.0
2014-05-22 00:00:00-04:00,70.32676855541716,70.70711723739349,69.66812269212356,70.27111053466797,4625400,0.0,0.0
2014-05-23 00:00:00-04:00,70.50304467242702,71.12458297289538,70.3360634940473,70.92049407958984,3376100,0.0,0.0
2014-05-27 00:00:00-04:00,71.31937448619998,72.25632457932034,71.17095074294875,71.45852661132812,5598000,0.0,0.0
2014-05-28 00:00:00-04:00,71.53275723215744,71.66263068920715,71.17096587643715,71.36577606201172,2733300,0.0,0.0
2014-05-29 00:00:00-04:00,71.47710512462653,71.64408630861003,70.97616157267606,71.23590850830078,3375600,0.0,0.0
2014-05-30 00:00:00-04:00,71.24518481579753,71.45854532965481,70.82772833106176,70.92049407958984,5003500,0.0,0.0
2014-06-02 00:00:00-04:00,71.21736538055849,71.62554326265035,70.71642880581341,71.47711944580078,3046400,0.0,0.0
2014-06-03 00:00:00-04:00,71.20807704097439,71.43071625276909,70.72568382491744,70.82772827148438,2619100,0.0,0.0
2014-06-04 00:00:00-04:00,70.7906099141179,70.99469877656958,70.3360528607485,70.79988861083984,2794700,0.0,0.0
2014-06-05 00:00:00-04:00,70.79989386648964,71.58841328466428,70.63291270095846,71.28227996826172,2680300,0.0,0.0
2014-06-06 00:00:00-04:00,71.43070772653698,72.24705612405717,71.33794198915979,71.86671447753906,3113900,0.0,0.0
2014-06-09 00:00:00-04:00,71.72757806212249,71.88528055800415,71.1988054577865,71.30084991455078,3499900,0.0,0.0
2014-06-10 00:00:00-04:00,71.18950485130217,71.95019515463505,71.03180240395093,71.76466369628906,3396100,0.0,0.0
2014-06-11 00:00:00-04:00,71.3936066770634,71.82961346874472,71.17096747107159,71.31011962890625,3427500,0.0,0.0
2014-06-12 00:00:00-04:00,71.41216194458163,71.56058571829524,70.0020971676533,70.24329376220703,3836400,0.0,0.0
2014-06-13 00:00:00-04:00,70.24328358436253,70.63290389617616,69.69595374651543,70.44737243652344,3194900,0.0,0.0
2014-06-16 00:00:00-04:00,70.1319787186026,70.29895990678676,69.48261136320492,69.67742156982422,5673600,0.0,0.0
2014-06-17 00:00:00-04:00,69.7052322234205,69.97425779337044,69.15790946486723,69.55680847167969,4163700,0.0,0.0
2014-06-18 00:00:00-04:00,69.52897412529599,69.77017069018676,69.01875906128558,69.68668365478516,3820800,0.0,0.0
2014-06-19 00:00:00-04:00,69.64958160936358,69.96498653884247,68.74046037705743,68.89816284179688,5501900,0.0,0.0
2014-06-20 00:00:00-04:00,69.13935249835768,69.58463791146634,68.16530171588803,68.47142791748047,9339300,0.0,0.0
2014-06-23 00:00:00-04:00,68.26734284226836,68.92599584088154,67.90555152053545,68.7775650024414,4899900,0.0,0.0
2014-06-24 00:00:00-04:00,68.73118972258294,69.38056412952459,67.3025815979721,67.44172668457031,5943800,0.0,0.0
2014-06-25 00:00:00-04:00,67.31182527075258,68.23022492641867,67.29327495943262,67.75711059570312,3813600,0.0,0.0
2014-06-26 00:00:00-04:00,67.96122464965173,67.97977496786149,67.31185027114584,67.50666046142578,4085000,0.0,0.0
2014-06-27 00:00:00-04:00,67.27473945565396,68.28590515200192,67.20980272855435,68.09109497070312,12447500,0.0,0.0
2014-06-30 00:00:00-04:00,67.94267639158905,68.53638574016902,67.77569519495256,68.15604400634766,4737000,0.0,0.0
2014-07-01 00:00:00-04:00,68.83322698577267,70.41955158312973,68.77756895694341,70.06703186035156,6330900,0.0,0.0
2014-07-02 00:00:00-04:00,69.44548416070397,70.86482032323755,69.44548416070397,70.68856048583984,3973700,0.0,0.0
2014-07-03 00:00:00-04:00,71.05964832229327,71.33795265360115,70.82773040539442,71.18952178955078,3213400,0.0,0.0
2014-07-07 00:00:00-04:00,71.01299663916711,71.19879441729059,70.54849510612752,70.77145385742188,3591100,0.11,0.0
2014-07-08 00:00:00-04:00,70.70644097226655,70.74360195439623,69.7960146294211,70.3162612915039,3903600,0.0,0.0
2014-07-09 00:00:00-04:00,70.48346170903218,71.2266598727107,70.23262692439613,71.18949890136719,3337000,0.0,0.0
2014-07-10 00:00:00-04:00,70.27909831237184,70.56708705602775,69.44299395754389,70.11187744140625,3318000,0.0,0.0
2014-07-11 00:00:00-04:00,70.17692298200961,70.46491178966626,69.91680314441858,70.44633483886719,2759000,0.0,0.0
2014-07-14 00:00:00-04:00,71.01299347804068,72.19282420083977,70.64139085060464,71.83980560302734,5585800,0.0,0.0
2014-07-15 00:00:00-04:00,72.45294876463464,73.59562568015278,72.33218091491771,72.759521484375,7508400,0.0,0.0
2014-07-16 00:00:00-04:00,73.06610893950037,73.10326992099938,72.41580239486638,72.750244140625,3623200,0.0,0.0
2014-07-17 00:00:00-04:00,71.82122624223159,72.34147278955358,70.83648524008274,70.96654510498047,5467000,0.0,0.0
2014-07-18 00:00:00-04:00,71.30100447131741,72.13710887289245,71.02230064154813,71.99775695800781,3485700,0.0,0.0
2014-07-21 00:00:00-04:00,71.63544725254229,71.9420200521097,71.15236155242401,71.85840606689453,3101300,0.0,0.0
2014-07-22 00:00:00-04:00,72.01635159025989,72.82458722487723,71.85842268888446,72.71310424804688,3467200,0.0,0.0
2014-07-23 00:00:00-04:00,72.610882165297,72.81525688365915,71.70974806810383,72.22069549560547,3525800,0.0,0.0
2014-07-24 00:00:00-04:00,72.39725468600055,72.51802260884574,71.4589590154791,72.06281280517578,5149600,0.0,0.0
2014-07-25 00:00:00-04:00,70.26048822848283,70.63209081371392,69.87960071722507,70.3719711303711,5870200,0.0,0.0
2014-07-28 00:00:00-04:00,70.32550710965725,70.7993005086443,70.15828632693999,70.78072357177734,3209100,0.0,0.0
2014-07-29 00:00:00-04:00,70.89225496507166,71.17095885074777,70.27911633941216,70.5020751953125,4017200,0.0,0.0
2014-07-30 00:00:00-04:00,70.66928198658671,70.87366385020752,70.09329737890378,70.52064514160156,5521200,0.0,0.0
2014-07-31 00:00:00-04:00,70.88296362453357,70.90154057428975,68.56974001067461,68.88560485839844,7393700,0.0,0.0
2014-08-01 00:00:00-04:00,68.59759183481866,70.08400260222903,68.41179403275827,69.65666198730469,6029500,0.0,0.0
2014-08-04 00:00:00-04:00,70.03754168624778,70.46488225283774,69.74955299930761,70.30695343017578,4924000,0.0,0.0
2014-08-05 00:00:00-04:00,69.96325204927984,70.28840894787088,69.49875029441759,69.8610610961914,4639000,0.0,0.0
2014-08-06 00:00:00-04:00,69.53586535192589,70.21404058464468,69.38722857417702,70.00965881347656,2782900,0.0,0.0
2014-08-07 00:00:00-04:00,70.17693035187109,70.30699028432528,68.57904308145136,68.802001953125,4708000,0.0,0.0
2014-08-08 00:00:00-04:00,68.74625853143337,69.88893594724807,68.51400765801637,69.83319091796875,3614300,0.0,0.0
2014-08-11 00:00:00-04:00,70.17689117457269,70.6692616565239,69.66593666251156,70.260498046875,3546600,0.0,0.0
2014-08-12 00:00:00-04:00,70.0096703422373,70.43701089426536,69.61019874764335,70.260498046875,2752400,0.0,0.0
2014-08-13 00:00:00-04:00,70.46490170414555,71.07804730876649,70.2233588519252,70.8829574584961,3389600,0.0,0.0
2014-08-14 00:00:00-04:00,71.16163562071992,71.17092763622958,70.28837753155241,70.65068817138672,2411400,0.0,0.0
2014-08-15 00:00:00-04:00,70.98513891896711,71.13377574745058,69.65666404065212,69.87033081054688,4351900,0.0,0.0
2014-08-18 00:00:00-04:00,70.31626190283146,71.3660330781241,70.31626190283146,71.319580078125,4030300,0.0,0.0
2014-08-19 00:00:00-04:00,71.30099503679935,71.34744803152519,70.6878495275312,70.97584533691406,3562200,0.0,0.0
2014-08-20 00:00:00-04:00,70.57636551028727,71.05015906826104,70.51133557783841,70.96654510498047,2608200,0.0,0.0
2014-08-21 00:00:00-04:00,71.0780614655032,71.64475418104334,70.87367955658912,71.52397918701172,2690000,0.0,0.0
2014-08-22 00:00:00-04:00,71.30099099825256,71.42175885487474,70.74359053177342,71.05016326904297,2500700,0.0,0.0
2014-08-25 00:00:00-04:00,71.63543798047914,71.72833688379055,70.96655453626575,71.00371551513672,3386300,0.0,0.0
2014-08-26 00:00:00-04:00,71.33818189883468,72.32292337227815,71.10593101640107,71.53327178955078,3849000,0.0,0.0
2014-08-27 00:00:00-04:00,71.5518254374334,71.64473143033533,71.06874687791117,71.19880676269531,1980800,0.0,0.0
2014-08-28 00:00:00-04:00,70.6878392634729,71.00370398873413,70.28837475285417,70.75287628173828,2991600,0.0,0.0
2014-08-29 00:00:00-04:00,70.88297410847517,71.05019503194798,70.35344236543374,70.4277572631836,3231600,0.0,0.0
2014-09-02 00:00:00-04:00,70.53923825762354,70.61356024101788,70.08402851286856,70.2140884399414,3613200,0.0,0.0
2014-09-03 00:00:00-04:00,70.69713687642712,70.78075084386687,70.3534102539843,70.54850006103516,2870200,0.0,0.0
2014-09-04 00:00:00-04:00,70.63211803175571,71.36603147127448,70.6042490674768,70.95726776123047,2680300,0.0,0.0
2014-09-05 00:00:00-04:00,70.78077525993899,71.46823582969796,70.47420241979223,71.40320587158203,3487400,0.0,0.0
2014-09-08 00:00:00-04:00,71.15235916595661,71.39390200791433,70.51135171022683,70.81792449951172,2845600,0.0,0.0
2014-09-09 00:00:00-04:00,70.84580155002989,71.0780524009526,70.31626989343543,70.6692886352539,4144700,0.0,0.0
2014-09-10 00:00:00-04:00,70.68785273408652,71.4682191369422,70.49276290530565,71.20809936523438,4188000,0.0,0.0
2014-09-11 00:00:00-04:00,70.90152777257411,71.02229564351788,70.05613850050315,70.25122833251953,4673100,0.0,0.0
2014-09-12 00:00:00-04:00,70.30696727624404,70.6692779820474,69.61021482850948,70.11187744140625,4239500,0.0,0.0
2014-09-15 00:00:00-04:00,69.85173983129337,70.06540655826133,69.47084518831396,69.89818572998047,4046800,0.0,0.0
2014-09-16 00:00:00-04:00,70.27908565905548,71.34744063744421,69.61949431115002,71.15234375,4870400,0.0,0.0
2014-09-17 00:00:00-04:00,71.42175499182788,71.4403390227532,70.11186432083763,70.8086166381836,5549400,0.0,0.0
2014-09-18 00:00:00-04:00,71.19880400693077,72.28573603958495,70.8179163841573,72.27645111083984,5782900,0.0,0.0
2014-09-19 00:00:00-04:00,72.40651868134279,72.80599037950061,71.75621212578703,71.79337310791016,8492600,0.0,0.0
2014-09-22 00:00:00-04:00,71.77477822773716,71.86767711596781,70.67855433606142,70.75287628173828,3432900,0.0,0.0
2014-09-23 00:00:00-04:00,70.58568825508593,70.8365160786631,70.13976346149592,70.14905548095703,3908100,0.0,0.0
2014-09-24 00:00:00-04:00,70.32555170452997,71.5797119140625,70.18620687034473,71.5797119140625,3618900,0.0,0.0
2014-09-25 00:00:00-04:00,71.10591640848868,71.19881532483019,69.41513061523438,69.41513061523438,5006100,0.0,0.0
2014-09-26 00:00:00-04:00,69.44299878515153,69.833178481952,69.21074795309417,69.73098754882812,3767500,0.0,0.0
2014-09-29 00:00:00-04:00,68.8855824652776,69.57304278651621,68.55114077651689,69.22930908203125,3905900,0.0,0.0
2014-09-30 00:00:00-04:00,69.18285235712416,69.96321145034594,68.6718978881836,68.6718978881836,9347500,0.0,0.0
2014-10-01 00:00:00-04:00,68.5790188314955,68.91346056461273,67.88226640212334,68.11451721191406,6619400,0.0,0.0
2014-10-02 00:00:00-04:00,67.69644249955891,68.49538554434947,67.4363157391496,68.20738983154297,5607000,0.0,0.0
2014-10-03 00:00:00-04:00,68.79268330213912,69.33149972060701,68.65333141774538,69.05280303955078,5338000,0.0,0.0
2014-10-06 00:00:00-04:00,69.32223794056699,69.47087480254987,69.10856403478293,69.22004699707031,4783400,0.0,0.0
2014-10-07 00:00:00-04:00,68.94088911078842,69.14557305239511,67.86165618896484,67.86165618896484,5842000,0.11,0.0
2014-10-08 00:00:00-04:00,67.68493296001563,68.91303042876365,67.43373427018224,68.90372467041016,4116100,0.0,0.0
2014-10-09 00:00:00-04:00,68.82927568282116,68.83857433968936,66.81035272323933,66.82896423339844,5790800,0.0,0.0
2014-10-10 00:00:00-04:00,66.80106073870581,67.26624916418925,65.59156799316406,65.59156799316406,5981300,0.0,0.0
2014-10-13 00:00:00-04:00,65.67528711229178,66.25212321520468,64.79143209644846,64.92168426513672,6039500,0.0,0.0
2014-10-14 00:00:00-04:00,65.16357158035578,66.68008273555964,65.12635566818882,66.05673217773438,8181000,0.0,0.0
2014-10-15 00:00:00-04:00,65.08916022944422,66.7359311443195,64.81005144771416,66.33586883544922,11596100,0.0,0.0
2014-10-16 00:00:00-04:00,65.20079812363386,66.51262552492005,64.98680836833479,65.9264907836914,9418000,0.0,0.0
2014-10-17 00:00:00-04:00,66.70801096783036,67.1359905245949,65.92649789522319,66.5777587890625,5888500,0.0,0.0
2014-10-20 00:00:00-04:00,66.25213849332144,67.04295744221344,66.18701239395885,67.02435302734375,3281600,0.0,0.0
2014-10-21 00:00:00-04:00,67.79653291552924,69.10835998894323,67.49881274227006,68.99671936035156,4556400,0.0,0.0
2014-10-22 00:00:00-04:00,68.95022719067144,69.18282139733321,68.08497645796119,68.1221923828125,4155400,0.0,0.0
2014-10-23 00:00:00-04:00,68.94092349285998,69.46193935811925,68.63389742733057,68.9316177368164,3604100,0.0,0.0
2014-10-24 00:00:00-04:00,68.69904427121179,68.9223398944234,68.28037739956494,68.84790802001953,3374400,0.0,0.0
2014-10-27 00:00:00-04:00,68.84789904945013,69.34099773125233,68.62461055354623,68.95024108886719,3402600,0.0,0.0
2014-10-28 00:00:00-04:00,69.35029169434365,70.71794680830499,69.2851655983556,70.7086410522461,4992800,0.0,0.0
2014-10-29 00:00:00-04:00,70.8854128154943,71.61110560581233,70.31788238240726,70.69933319091797,6213500,0.0,0.0
2014-10-30 00:00:00-04:00,72.8950239634908,77.42596172772852,72.84850938043768,77.34222412109375,16292400,0.0,0.0
2014-10-31 00:00:00-04:00,77.41664025147529,78.92385298093613,77.40733449746952,77.9190444946289,11664600,0.0,0.0
2014-11-03 00:00:00-05:00,77.98418372767858,78.4772822999837,77.98418372767858,78.27259826660156,6661300,0.0,0.0
2014-11-04 00:00:00-05:00,78.02137233829689,78.34700268731298,76.94213221217589,78.14231872558594,5977100,0.0,0.0
2014-11-05 00:00:00-05:00,78.61683811584916,80.38455542212003,78.50519034660067,80.00309753417969,7999000,0.0,0.0
2014-11-06 00:00:00-05:00,80.01239458534529,80.3659351688549,79.53790049042156,79.77980041503906,5147900,0.0,0.0
2014-11-07 00:00:00-05:00,79.95656376821354,79.95656376821354,78.70054973473921,78.89593505859375,4926000,0.0,0.0
2014-11-10 00:00:00-05:00,78.82151269458382,79.18435902837898,78.34701860492449,78.94245910644531,4526100,0.0,0.0
2014-11-11 00:00:00-05:00,79.06341496622711,79.19366713616762,78.38423685307079,78.7005615234375,2679900,0.0,0.0
2014-11-12 00:00:00-05:00,77.92836834822751,78.78431336208578,77.52830601158755,78.47728729248047,3121300,0.0,0.0
2014-11-13 00:00:00-05:00,78.65403159697767,78.84010406108916,77.91903329678111,78.33769989013672,3096500,0.0,0.0
2014-11-14 00:00:00-05:00,78.44934917609568,78.46795358359027,77.81669284813484,78.19815063476562,2224200,0.0,0.0
2014-11-17 00:00:00-05:00,77.96560345697311,78.39357606919862,77.37946134384003,77.4073715209961,3368500,0.0,0.0
2014-11-18 00:00:00-05:00,77.4538702853821,78.37494134992517,77.38874419189342,78.0586166381836,3142700,0.0,0.0
2014-11-19 00:00:00-05:00,77.87255006044602,78.6075487233521,77.60274698380391,78.41217041015625,2501100,0.0,0.0
2014-11-20 00:00:00-05:00,77.68647899918935,78.94248652144978,77.49110068223446,78.70989227294922,3452200,0.0,0.0
2014-11-21 00:00:00-05:00,79.77049908864893,79.90075126339363,78.34702382307385,78.82151794433594,4969500,0.0,0.0
2014-11-24 00:00:00-05:00,78.91454580568586,79.25878771559428,78.75638348148892,79.07270812988281,5150400,0.0,0.0
2014-11-25 00:00:00-05:00,79.17504746362451,80.70086452407037,79.15644305478452,80.3287124633789,5623400,0.0,0.0
2014-11-26 00:00:00-05:00,80.25431555879665,80.84975622309395,79.97519964193927,80.5334243774414,3327600,0.0,0.0
2014-11-28 00:00:00-05:00,80.94278295032679,81.77081774828352,80.64506265328853,81.21259307861328,2452800,0.0,0.0
2014-12-01 00:00:00-05:00,80.53338727249903,82.0219953455938,80.33800906000245,81.3707275390625,4989800,0.0,0.0
2014-12-02 00:00:00-05:00,81.789416057754,81.82662487794249,80.51479747087343,81.58473205566406,5458300,0.0,0.0
2014-12-03 00:00:00-05:00,82.06852591748142,83.02681276014141,81.57542741383779,82.17086791992188,6085400,0.0,0.0
2014-12-04 00:00:00-05:00,82.22667702836847,83.21288099928721,82.00338864360998,82.58952331542969,3527900,0.0,0.0
2014-12-05 00:00:00-05:00,83.61296636523666,83.61296636523666,82.66397804522775,82.87796783447266,3739900,0.0,0.0
2014-12-08 00:00:00-05:00,82.84073119038767,83.3245238867628,81.76149095493625,81.91035461425781,4473300,0.0,0.0
2014-12-09 00:00:00-05:00,80.54272113007356,81.91968194870923,80.38455877403506,81.72429656982422,3732400,0.0,0.0
2014-12-10 00:00:00-05:00,81.43586129339435,81.9010495855748,80.2077644859664,80.31941223144531,3277400,0.0,0.0
2014-12-11 00:00:00-05:00,80.71948147296337,82.04061463418488,80.71017571881093,81.58473205566406,4078500,0.0,0.0
2014-12-12 00:00:00-05:00,80.54271994853183,81.24050255421908,78.25399385366306,78.27259826660156,6644500,0.0,0.0
2014-12-15 00:00:00-05:00,79.21229114137803,79.35184910032505,77.72368947510587,78.71919250488281,4921600,0.0,0.0
2014-12-16 00:00:00-05:00,77.89113818693058,79.05410905785773,76.33741080694251,76.8863296508789,6970300,0.0,0.0
2014-12-17 00:00:00-05:00,77.0258926242405,78.96107798388934,76.66304625658276,78.83082580566406,6443700,0.0,0.0
2014-12-18 00:00:00-05:00,80.12405001068264,80.86834716796875,79.45417760037714,80.86834716796875,6442100,0.0,0.0
2014-12-19 00:00:00-05:00,80.92417248305699,81.2125870028636,80.14265232541702,80.42176818847656,6262000,0.0,0.0
2014-12-22 00:00:00-05:00,80.71019796446387,80.91488202296962,80.20779357491686,80.78462982177734,2561600,0.0,0.0
2014-12-23 00:00:00-05:00,81.37075305482954,81.73359943441807,80.71018638690653,81.52891540527344,2749700,0.0,0.0
2014-12-24 00:00:00-05:00,81.59404596328616,82.15227774540811,81.43588360418387,81.65917205810547,1219500,0.0,0.0
2014-12-26 00:00:00-05:00,81.78012559006415,81.93828794916644,81.42657784829198,81.65917205810547,1508400,0.0,0.0
2014-12-29 00:00:00-05:00,81.53823115463979,82.32905010200005,81.40797895616691,81.57544708251953,2376100,0.0,0.0
2014-12-30 00:00:00-05:00,81.26839651806165,81.64054858653121,80.48688356266487,80.91485595703125,2493300,0.0,0.0
2014-12-31 00:00:00-05:00,81.11025137387988,81.4451875966162,80.16127014160156,80.16127014160156,2811100,0.0,0.0
2015-01-02 00:00:00-05:00,80.64505260289305,81.27770904253094,79.00758762414598,79.71467590332031,4505800,0.0,0.0
2015-01-05 00:00:00-05:00,79.3518382587257,79.40765859539289,77.267796210681,77.47247314453125,6441400,0.0,0.0
2015-01-06 00:00:00-05:00,77.83532186390461,77.94696253040647,76.10482055101329,77.30500030517578,7690000,0.0,0.0
2015-01-07 00:00:00-05:00,78.39563653341226,78.56342771957745,77.43550084498578,78.50749969482422,5846800,0.16,0.0
2015-01-08 00:00:00-05:00,79.4117027575328,79.81253683948688,79.26255188429171,79.7286376953125,5174200,0.0,0.0
2015-01-09 00:00:00-05:00,80.13881486738144,80.16677888490132,78.6753053512845,78.71259307861328,4582200,0.0,0.0
2015-01-12 00:00:00-05:00,78.6846474662205,79.09479833896177,77.28638936790564,77.70586395263672,4030100,0.0,0.0
2015-01-13 00:00:00-05:00,78.386323976696,79.45832297903893,77.12789345738322,77.8829574584961,4222100,0.0,0.0
2015-01-14 00:00:00-05:00,76.43808704219633,77.81770442536747,76.28893614156966,77.79905700683594,5084300,0.0,0.0
2015-01-15 00:00:00-05:00,78.11600416638721,78.42361547298643,76.60588320346315,76.67113494873047,4331500,0.0,0.0
2015-01-16 00:00:00-05:00,76.48471912416085,78.17194824951667,76.27964013638999,78.11602020263672,4763700,0.0,0.0
2015-01-20 00:00:00-05:00,78.66595665790676,79.13204243363172,77.54735364092866,78.5447769165039,3540600,0.0,0.0
2015-01-21 00:00:00-05:00,78.09734801205364,78.62868562463488,77.64990955509366,78.04141998291016,3598400,0.0,0.0
2015-01-22 00:00:00-05:00,77.70584978306975,78.79648919402054,76.90418138393315,78.65666198730469,4796200,0.0,0.0
2015-01-23 00:00:00-05:00,78.5634380112769,79.07613534502914,78.11599953082623,78.66597747802734,5012200,0.0,0.0
2015-01-26 00:00:00-05:00,78.58209768671726,78.95496077461452,77.24909152295278,77.92957305908203,5440400,0.0,0.0
2015-01-27 00:00:00-05:00,77.00672194918168,77.19315348616487,75.46863687739484,76.22369384765625,5486000,0.0,0.0
2015-01-28 00:00:00-05:00,77.67783911551585,77.88291794728693,75.19825994868795,75.26351165771484,5070200,0.0,0.0
2015-01-29 00:00:00-05:00,74.85338275196612,76.01859725861624,74.4059372521743,75.86012268066406,6277200,0.0,0.0
2015-01-30 00:00:00-05:00,78.33040055069952,79.04817686825048,75.96268316401999,76.46605682373047,13332400,0.0,0.0
2015-02-02 00:00:00-05:00,76.16776129850535,77.58466649853875,75.11440966430295,77.35162353515625,10576500,0.0,0.0
2015-02-03 00:00:00-05:00,77.63127049221646,78.1905721795622,76.84824955231379,78.12532043457031,8490400,0.0,0.0
2015-02-04 00:00:00-05:00,78.22783299612087,79.20661594619871,77.85496296219101,78.47019958496094,4923200,0.0,0.0
2015-02-05 00:00:00-05:00,78.84307918699501,80.08286917770877,78.30241792777927,79.99897003173828,5426000,0.0,0.0
2015-02-06 00:00:00-05:00,79.8125228204245,79.95234284964731,78.26511478592312,78.45155334472656,5540900,0.0,0.0
2015-02-09 00:00:00-05:00,78.27446739684086,79.07613571597422,77.93888497897544,78.85240936279297,3951100,0.0,0.0
2015-02-10 00:00:00-05:00,79.39307477684578,79.40239848668195,78.19989594646226,78.51683807373047,4441800,0.0,0.0
2015-02-11 00:00:00-05:00,78.51682854319832,79.03884244015129,78.2464978860174,78.7312240600586,4051300,0.0,0.0
2015-02-12 00:00:00-05:00,79.63542105667173,82.01246151081098,79.52355790300346,81.58365631103516,7053500,0.0,0.0
2015-02-13 00:00:00-05:00,81.87264719986747,82.02179098293419,80.74472022628332,81.22944641113281,5510900,0.0,0.0
2015-02-17 00:00:00-05:00,81.96585008547295,82.18956928090448,81.32264939771422,81.58365631103516,5083400,0.0,0.0
2015-02-18 00:00:00-05:00,81.58367186987199,81.88196655797019,80.95911847790177,81.77943420410156,2974300,0.0,0.0
2015-02-19 00:00:00-05:00,81.6955335494102,83.36412187513321,81.63960551888631,83.14971923828125,5271700,0.0,0.0
2015-02-20 00:00:00-05:00,82.98191114204884,84.77168598543471,82.85140768945573,84.6318588256836,6276500,0.0,0.0
2015-02-23 00:00:00-05:00,84.75302981940453,84.9581086842755,83.83950574558447,84.93946838378906,4316300,0.0,0.0
2015-02-24 00:00:00-05:00,84.40817674015307,85.43356450921189,84.11919858646795,85.12594604492188,5547500,0.0,0.0
2015-02-25 00:00:00-05:00,85.80642686588777,86.46826806628832,85.19118999368297,86.38436889648438,6144400,0.0,0.0
2015-02-26 00:00:00-05:00,86.58942938921963,86.69196884605452,84.88355345668182,85.06999206542969,5666700,0.0,0.0
2015-02-27 00:00:00-05:00,84.83693231328047,85.46148552693441,83.8674730757752,84.01661682128906,4675300,0.0,0.0
2015-03-02 00:00:00-05:00,83.48530812788366,85.90896061340733,83.42938009301693,85.77845001220703,5568300,0.0,0.0
2015-03-03 00:00:00-05:00,85.66661822164238,85.70390595942368,84.38021615986864,84.79969787597656,3444400,0.0,0.0
2015-03-04 00:00:00-05:00,84.49207055587269,85.65728557028169,84.01666083865956,85.48949432373047,4733900,0.0,0.0
2015-03-05 00:00:00-05:00,85.75979761922768,86.64535790205522,85.24710033217652,86.51485443115234,4651300,0.0,0.0
2015-03-06 00:00:00-05:00,86.23519508543303,86.25383538784429,84.51999567550173,84.6318588256836,4963200,0.0,0.0
2015-03-09 00:00:00-04:00,84.38015980253951,85.23776297490026,83.96068547850639,84.93946838378906,4144800,0.0,0.0
2015-03-10 00:00:00-04:00,84.0632465009525,84.25900170990414,82.81413269042969,82.81413269042969,5050200,0.0,0.0
2015-03-11 00:00:00-04:00,81.64891049281967,82.18957175060498,80.95910547090007,81.07096862792969,9452300,0.0,0.0
2015-03-12 00:00:00-04:00,81.77940680550317,83.43867089663938,81.73279538689212,83.19630432128906,7035500,0.0,0.0
2015-03-13 00:00:00-04:00,83.19631495027461,83.19631495027461,81.42518749533878,81.79805755615234,4609700,0.0,0.0
2015-03-16 00:00:00-04:00,82.49719980318896,82.8980339398163,81.96586219062772,82.69295501708984,3843900,0.0,0.0
2015-03-17 00:00:00-04:00,82.27348160401685,82.55312886512839,81.79807201464928,82.0031509399414,2880800,0.0,0.0
2015-03-18 00:00:00-04:00,81.77009454562874,83.20563967456913,81.30400874189114,82.85140991210938,5437300,0.0,0.0
2015-03-19 00:00:00-04:00,82.82344324423755,83.58782365336437,82.62768806637754,82.9819107055664,3172500,0.0,0.0
2015-03-20 00:00:00-04:00,83.49463342601462,84.2310500506982,83.31751849635833,83.72767639160156,4372000,0.0,0.0
2015-03-23 00:00:00-04:00,83.83952988024502,84.50137097254843,83.2615808321364,83.27090454101562,3395200,0.0,0.0
2015-03-24 00:00:00-04:00,83.33615190552074,83.83952547998851,83.00056952254221,83.4200439453125,4050500,0.0,0.0
2015-03-25 00:00:00-04:00,83.49460700081383,83.54121842394193,81.44383239746094,81.44383239746094,3813600,0.0,0.0
2015-03-26 00:00:00-04:00,80.82863793348253,82.31079519725196,80.68881070302754,81.96588897705078,4141800,0.0,0.0
2015-03-27 00:00:00-04:00,81.93793696680848,82.32944757995773,80.97780074850512,81.33202362060547,4927400,0.0,0.0
2015-03-30 00:00:00-04:00,81.69554672241648,82.30145989444868,81.54640291300198,81.7235107421875,3451100,0.0,0.0
2015-03-31 00:00:00-04:00,81.40655524729736,82.27347520190538,80.53031158447266,80.53031158447266,5985500,0.0,0.0
2015-04-01 00:00:00-04:00,80.84725078683209,80.8565673828125,79.57949676677477,80.8565673828125,4736900,0.0,0.0
2015-04-02 00:00:00-04:00,81.02436788581016,81.90993532728697,80.7913249451962,81.12690734863281,4628400,0.0,0.0
2015-04-06 00:00:00-04:00,80.49301515683389,81.71416477253277,80.37183541074674,81.41586303710938,5853800,0.0,0.0
2015-04-07 00:00:00-04:00,81.67737893040645,82.6579586015047,81.49993893993204,82.10696411132812,4091200,0.16,0.0
2015-04-08 00:00:00-04:00,82.5552278634919,83.7599373395918,82.44315938026428,83.41439819335938,3659900,0.0,0.0
2015-04-09 00:00:00-04:00,83.20891834488972,83.76924634595811,82.31239211818888,83.17156219482422,3482100,0.0,0.0
2015-04-10 00:00:00-04:00,83.56382592250296,83.56382592250296,82.4805185861889,82.7139892578125,2575300,0.0,0.0
2015-04-13 00:00:00-04:00,82.76998807571528,83.51709678728614,82.41511535644531,82.41511535644531,3526000,0.0,0.0
2015-04-14 00:00:00-04:00,82.19101269112197,83.5544804830574,82.19101269112197,83.22762298583984,3453500,0.0,0.0
2015-04-15 00:00:00-04:00,83.25561221422895,83.647841087879,82.79801186163719,83.3489990234375,2683600,0.0,0.0
2015-04-16 00:00:00-04:00,83.06885394820938,83.28365007997127,82.73265564412219,82.85406494140625,2952100,0.0,0.0
2015-04-17 00:00:00-04:00,82.17234759434636,82.47118981268454,80.86491021725665,81.18243408203125,4352800,0.0,0.0
2015-04-20 00:00:00-04:00,81.45324920198057,82.07894889306266,81.2571346924605,81.55597686767578,2681000,0.0,0.0
2015-04-21 00:00:00-04:00,81.71472800038316,82.34976845727022,81.49993186608599,81.96687316894531,3148200,0.0,0.0
2015-04-22 00:00:00-04:00,82.62992024729552,86.31875298268369,82.62992024729552,85.17007446289062,12232000,0.0,0.0
2015-04-23 00:00:00-04:00,85.17010379112378,85.35688461575128,84.21754652288323,84.87126159667969,4322300,0.0,0.0
2015-04-24 00:00:00-04:00,84.72183990478516,85.13275057384308,84.24555773155525,84.72183990478516,3519200,0.0,0.0
2015-04-27 00:00:00-04:00,84.91793777360736,85.23545441022182,83.75992544454556,83.81595611572266,4854300,0.0,0.0
2015-04-28 00:00:00-04:00,83.72257521124541,84.46034330875179,83.40505142721139,84.26422882080078,4786300,0.0,0.0
2015-04-29 00:00:00-04:00,85.10471200689653,87.40206216525421,83.87198735790075,84.28289794921875,9364700,0.0,0.0
2015-04-30 00:00:00-04:00,84.28288532523456,85.34751067513568,83.73189813754765,84.24552917480469,7470700,0.0,0.0
2015-05-01 00:00:00-04:00,84.38564183712006,85.2728275573417,84.29225499156404,85.216796875,4663100,0.0,0.0
2015-05-04 00:00:00-04:00,85.4409066250645,85.90784786793286,84.80586624976522,85.15140533447266,4596900,0.0,0.0
2015-05-05 00:00:00-04:00,85.11406851947474,85.84249588386773,84.5724148446842,84.77787017822266,3707000,0.0,0.0
2015-05-06 00:00:00-04:00,85.03000808703159,85.40355540293334,84.01207241381181,84.58174133300781,3495800,0.0,0.0
2015-05-07 00:00:00-04:00,84.71249129389821,86.06662536289734,84.37629298193698,85.96389770507812,4369800,0.0,0.0
2015-05-08 00:00:00-04:00,86.70165531690839,88.0931454912341,86.51488165087098,87.32736206054688,9933400,0.0,0.0
2015-05-11 00:00:00-04:00,87.2993349395221,87.71023837433262,86.38412699957227,86.40280151367188,4731400,0.0,0.0
2015-05-12 00:00:00-04:00,85.81446893150054,86.59893399659715,85.52496761430082,86.28141021728516,5191800,0.0,0.0
2015-05-13 00:00:00-04:00,86.61759761308463,86.83239371249738,85.93586028664716,86.40280151367188,3443200,0.0,0.0
2015-05-14 00:00:00-04:00,86.94446509298957,87.69157399253673,86.66430459937827,87.63553619384766,3467200,0.0,0.0
2015-05-15 00:00:00-04:00,87.63553644356489,88.2519023561914,86.87909384621284,87.05653381347656,3403800,0.0,0.0
2015-05-18 00:00:00-04:00,86.75769735116732,87.00050882883406,85.75844322668229,86.92579650878906,4281200,0.0,0.0
2015-05-19 00:00:00-04:00,87.42075794842626,87.85034312477477,86.99117277207775,87.59819793701172,3279700,0.0,0.0
2015-05-20 00:00:00-04:00,87.87834246776548,87.87834246776548,86.67363317895907,87.07520294189453,2701100,0.0,0.0
2015-05-21 00:00:00-04:00,86.93513091443795,87.17794239408593,86.59893972141026,86.75769805908203,2891000,0.0,0.0
2015-05-22 00:00:00-04:00,86.80440413149195,87.12192799111043,86.52424356413958,86.56159973144531,2448200,0.0,0.0
2015-05-26 00:00:00-04:00,86.47750108534434,86.5148572330002,85.49692892796571,85.81444549560547,2965400,0.0,0.0
2015-05-27 00:00:00-04:00,86.01992577242822,86.64562539655634,85.81447046302287,86.46818542480469,2597800,0.0,0.0
2015-05-28 00:00:00-04:00,86.47753569597444,86.81373403447604,86.01993517272041,86.68299102783203,1777700,0.0,0.0
2015-05-29 00:00:00-04:00,86.67363477535162,86.77636242299171,86.05727601446928,86.16000366210938,3561400,0.0,0.0
2015-06-01 00:00:00-04:00,86.29075277859936,86.79505023241418,85.55298467718276,86.44017028808594,2635400,0.0,0.0
2015-06-02 00:00:00-04:00,86.04795150623528,87.33670706872107,85.39423646547283,87.00984954833984,2795500,0.0,0.0
2015-06-03 00:00:00-04:00,87.13127284960568,87.84101868640472,86.75771828420787,87.31804656982422,3638000,0.0,0.0
2015-06-04 00:00:00-04:00,86.8043891370504,87.46745208599019,86.21604563477554,86.44951629638672,3320300,0.0,0.0
2015-06-05 00:00:00-04:00,86.32810142487993,86.70164872856941,85.63702323814655,86.49620056152344,2655000,0.0,0.0
2015-06-08 00:00:00-04:00,86.2814072118362,86.48686251041815,85.70239747264688,85.82380676269531,2561500,0.0,0.0
2015-06-09 00:00:00-04:00,85.66506761575437,86.2067141946674,85.26349774908442,86.00125885009766,2375100,0.0,0.0
2015-06-10 00:00:00-04:00,86.38414330331645,88.12116556568256,86.29075646527764,87.9437255859375,3727600,0.0,0.0
2015-06-11 00:00:00-04:00,88.11182353102414,88.84025083263849,87.7662915225429,88.25190734863281,3403600,0.0,0.0
2015-06-12 00:00:00-04:00,87.83165300012618,88.03710116755936,87.04718798599198,87.57015991210938,2777500,0.0,0.0
2015-06-15 00:00:00-04:00,86.78570935092661,87.35537830067383,86.05728207091114,87.1312484741211,3229000,0.0,0.0
2015-06-16 00:00:00-04:00,87.15928050167585,88.17720929944855,86.92580980953055,87.92506408691406,2446100,0.0,0.0
2015-06-17 00:00:00-04:00,88.1118057480128,88.69081541895683,87.6915615049608,88.20519256591797,2962100,0.0,0.0
2015-06-18 00:00:00-04:00,88.31726787713025,89.94222143466503,88.28925254208004,89.69941711425781,4208000,0.0,0.0
2015-06-19 00:00:00-04:00,89.48464354192726,89.6153865550631,88.45737395659133,88.54141998291016,5011200,0.0,0.0
2015-06-22 00:00:00-04:00,89.26981940168105,89.77411677643427,88.96164361012987,89.1110610961914,3290100,0.0,0.0
2015-06-23 00:00:00-04:00,89.3445585108077,89.63406700027126,89.04571632407351,89.37257385253906,4195400,0.0,0.0
2015-06-24 00:00:00-04:00,89.07372771519495,89.79282137088558,88.98968169372846,89.19513702392578,3682500,0.0,0.0
2015-06-25 00:00:00-04:00,89.53133178305474,89.53133178305474,88.04645467183074,88.21455383300781,3214900,0.0,0.0
2015-06-26 00:00:00-04:00,88.5320495756842,88.5600649061739,87.6915540362083,88.26122283935547,3201100,0.0,0.0
2015-06-29 00:00:00-04:00,87.4861085803489,87.89701914011711,86.3000809986875,86.40280151367188,4426500,0.0,0.0
2015-06-30 00:00:00-04:00,87.03785381583249,87.82231888990205,86.60826868299196,87.29934692382812,4750400,0.0,0.0
2015-07-01 00:00:00-04:00,88.22389201010287,88.67215167649988,87.78496603990989,88.25190734863281,3737000,0.0,0.0
2015-07-02 00:00:00-04:00,88.24256488830585,88.49471718030934,87.69157757422803,88.00909423828125,3034700,0.0,0.0
2015-07-06 00:00:00-04:00,87.22464010833198,88.42000874900957,87.0658817693268,88.27058410644531,3042000,0.0,0.0
2015-07-07 00:00:00-04:00,88.43895642653656,88.43895642653656,86.33415792820034,87.83090209960938,4859200,0.16,0.0
2015-07-08 00:00:00-04:00,86.97025934360786,87.25089481034183,86.1844643352694,86.52123260498047,4367200,0.0,0.0
2015-07-09 00:00:00-04:00,87.68124817891592,88.06478560139891,86.98899806714763,87.03577423095703,2986000,0.0,0.0
2015-07-10 00:00:00-04:00,88.3547821509968,88.86929142988089,88.00866421523922,88.5138168334961,2721800,0.0,0.0
2015-07-13 00:00:00-04:00,89.21538998199937,89.52408832052348,88.97216683727963,89.33699798583984,3454400,0.0,0.0
2015-07-14 00:00:00-04:00,89.52410741816759,89.71120492980239,89.00960531951254,89.12185668945312,3148400,0.0,0.0
2015-07-15 00:00:00-04:00,89.34637260768474,89.4305611341077,88.54187116012211,89.1031494140625,3969400,0.0,0.0
2015-07-16 00:00:00-04:00,89.57087782785038,89.77668150891124,89.29959180618287,89.63636016845703,3100400,0.0,0.0
2015-07-17 00:00:00-04:00,89.39313130566788,90.04796180715338,88.3641201028071,89.87957763671875,2726300,0.0,0.0
2015-07-20 00:00:00-04:00,90.32860602001264,91.45116964321265,90.18829181202271,90.98343658447266,4621700,0.0,0.0
2015-07-21 00:00:00-04:00,90.92729419764723,91.11439168368247,90.10408667021011,90.46891784667969,3836200,0.0,0.0
2015-07-22 00:00:00-04:00,90.085395249283,91.0769871080898,89.94507389602683,90.62796020507812,3809900,0.0,0.0
2015-07-23 00:00:00-04:00,90.64666808926422,90.71215043191812,88.74767301526114,89.01895904541016,4896900,0.0,0.0
2015-07-24 00:00:00-04:00,91.02085779600932,91.19859150848309,89.35572208049139,89.64572143554688,6798800,0.0,0.0
2015-07-27 00:00:00-04:00,89.3089578418185,89.6457262394494,88.21446411803835,88.29865264892578,4538900,0.0,0.0
2015-07-28 00:00:00-04:00,88.9347633836894,89.30895125758597,88.59799501088648,89.01895904541016,6528700,0.0,0.0
2015-07-29 00:00:00-04:00,88.30799517592655,91.62889531962705,86.99834129885843,90.48763275146484,11420600,0.0,0.0
2015-07-30 00:00:00-04:00,90.4034479121355,92.44276439891219,89.90765199594894,92.0592269897461,4407300,0.0,0.0
2015-07-31 00:00:00-04:00,92.2837277098022,92.40533572756081,90.99277998680336,91.11439514160156,3956700,0.0,0.0
2015-08-03 00:00:00-04:00,91.43243755841024,91.56340221701487,90.09472099948694,91.15180206298828,2989800,0.0,0.0
2015-08-04 00:00:00-04:00,91.16118061792397,91.95633261746771,90.87118837251539,91.02086639404297,2976200,0.0,0.0
2015-08-05 00:00:00-04:00,91.75052707750257,92.35858153801634,91.47924102167211,91.92826080322266,3306100,0.0,0.0
2015-08-06 00:00:00-04:00,92.19953171061108,92.24630786798092,90.66536795780273,90.88988494873047,4109900,0.0,0.0
2015-08-07 00:00:00-04:00,90.82440822318347,91.47923883308599,90.32861228843933,91.46052551269531,3114900,0.0,0.0
2015-08-10 00:00:00-04:00,92.02179717822742,92.77952238886702,91.48858181943666,91.7505111694336,3445500,0.0,0.0
2015-08-11 00:00:00-04:00,90.92728424072266,91.46049952771494,90.45955128241228,90.92728424072266,4178100,0.0,0.0
2015-08-12 00:00:00-04:00,90.32860678649396,91.05826922239345,89.12185462826012,90.77763366699219,3924200,0.0,0.0
2015-08-13 00:00:00-04:00,91.0115089898751,91.58214395246539,90.34732883311479,90.95538330078125,2440200,0.0,0.0
2015-08-14 00:00:00-04:00,90.95538802996612,91.7411762663001,90.60926294279547,91.57279205322266,1849200,0.0,0.0
2015-08-17 00:00:00-04:00,91.26407318805708,91.62890440711072,90.55312406925725,91.54471588134766,2423900,0.0,0.0
2015-08-18 00:00:00-04:00,91.37635269222346,91.77860350529419,91.20796846496032,91.301513671875,2215000,0.0,0.0
2015-08-19 00:00:00-04:00,90.8805370646185,91.18924260417083,89.96377710574676,90.36602783203125,3737000,0.0,0.0
2015-08-20 00:00:00-04:00,89.77667500256784,89.9169963328526,88.4202449925342,88.4576644897461,4884000,0.0,0.0
2015-08-21 00:00:00-04:00,87.4941487203145,87.8683366113695,84.79065209142874,84.82807159423828,7992200,0.0,0.0
2015-08-24 00:00:00-04:00,79.9823719120845,84.70647977457403,69.79514406056128,82.1620101928711,11374700,0.0,0.0
2015-08-25 00:00:00-04:00,84.9683839868586,85.0245096666351,81.06749222752032,81.2171630859375,6600600,0.0,0.0
2015-08-26 00:00:00-04:00,83.17230944544785,85.9412887466704,82.27425554614858,85.79161071777344,6591600,0.0,0.0
2015-08-27 00:00:00-04:00,87.13867744722818,88.13026932956957,86.10966606066098,87.98059844970703,5435400,0.0,0.0
2015-08-28 00:00:00-04:00,87.64382052812864,88.09284025598075,87.05447232189292,88.00865173339844,3136600,0.0,0.0
2015-08-31 00:00:00-04:00,87.39119301457795,87.59699658467801,86.06283360015978,86.4089584350586,4963100,0.0,0.0
2015-09-01 00:00:00-04:00,84.24808416125362,85.16484418269972,82.82617866956663,83.30326843261719,6341900,0.0,0.0
2015-09-02 00:00:00-04:00,84.34162742630363,84.72516481797335,83.24712665964422,84.59420013427734,5175400,0.0,0.0
2015-09-03 00:00:00-04:00,85.11806255121684,86.39029707961977,85.07129352618219,85.7354736328125,3617900,0.0,0.0
2015-09-04 00:00:00-04:00,84.8935478227277,85.06193200471718,84.08904641289348,84.687744140625,3595400,0.0,0.0
2015-09-08 00:00:00-04:00,86.2593265348304,87.11995361708207,85.66998547270931,86.90480041503906,4176300,0.0,0.0
2015-09-09 00:00:00-04:00,85.31452180940363,87.51287327518709,83.97680474464747,84.16390228271484,8118200,0.0,0.0
2015-09-10 00:00:00-04:00,84.00485951569513,84.83742378246224,83.7709929882428,83.8926010131836,7370000,0.0,0.0
2015-09-11 00:00:00-04:00,83.73356469015506,85.52030106091127,83.68678853476301,85.45481872558594,4572400,0.0,0.0
2015-09-14 00:00:00-04:00,85.38935176731074,85.54837930501884,84.70646545266274,85.07129669189453,3740400,0.0,0.0
2015-09-15 00:00:00-04:00,85.38934057327684,86.62415548350153,84.3603293375962,86.16577911376953,4670200,0.0,0.0
2015-09-16 00:00:00-04:00,86.36222879430058,86.7831856782834,85.94127191031775,86.74577331542969,4128600,0.0,0.0
2015-09-17 00:00:00-04:00,86.67095013988548,88.71961638956124,86.65223681800212,87.19480895996094,4627000,0.0,0.0
2015-09-18 00:00:00-04:00,86.10967135493877,87.29771035472928,85.91321716141456,86.20321655273438,8342900,0.0,0.0
2015-09-21 00:00:00-04:00,86.87677413518557,87.99933105078968,86.61483752697131,87.04515838623047,3998800,0.0,0.0
2015-09-22 00:00:00-04:00,85.81030190977468,86.35286678199776,85.51095306622287,86.12835693359375,3457100,0.0,0.0
2015-09-23 00:00:00-04:00,85.97868683521577,86.75511822131311,85.88513452193995,86.19384002685547,2557000,0.0,0.0
2015-09-24 00:00:00-04:00,85.51094050579854,85.6606113370701,84.29483199291488,85.23965454101562,3513900,0.0,0.0
2015-09-25 00:00:00-04:00,86.14706241280184,86.15641907137903,84.84676521510795,85.40805053710938,3880800,0.0,0.0
2015-09-28 00:00:00-04:00,85.09936937364537,85.22097742176813,82.4613547265839,82.64844512939453,4966800,0.0,0.0
2015-09-29 00:00:00-04:00,82.94777913043694,83.77099388357317,82.33972472515408,83.03197479248047,4501200,0.0,0.0
2015-09-30 00:00:00-04:00,84.37908452841454,84.46328023374038,83.20975127753826,84.30425262451172,4550800,0.0,0.0
2015-10-01 00:00:00-04:00,84.7251465536595,85.01513869975236,83.63065315998148,84.87482452392578,4496000,0.0,0.0
2015-10-02 00:00:00-04:00,83.50904919973584,86.17513308982097,83.18163751726345,86.12835693359375,3543600,0.0,0.0
2015-10-05 00:00:00-04:00,86.80189696840574,88.27993506298401,86.57738711133047,88.24251556396484,3837600,0.0,0.0
2015-10-06 00:00:00-04:00,87.93381727567248,88.72896206831041,87.71865692289174,87.85897827148438,3641700,0.0,0.0
2015-10-07 00:00:00-04:00,88.56177557709536,89.27393790312316,88.2712813514495,89.18960571289062,3754300,0.16,0.0
2015-10-08 00:00:00-04:00,88.73981311648839,89.95799718809828,88.6929642824845,89.836181640625,2970500,0.0,0.0
2015-10-09 00:00:00-04:00,89.61127013541473,90.13602991392929,89.12400085809948,89.78931427001953,4733200,0.0,0.0
2015-10-12 00:00:00-04:00,89.7986980580137,90.72638789990108,89.78932543154879,90.5577163696289,2577900,0.0,0.0
2015-10-13 00:00:00-04:00,90.25788708037258,90.58585762496989,89.84557716760929,89.8924331665039,2415100,0.0,0.0
2015-10-14 00:00:00-04:00,89.68625985560053,90.13605304558386,88.82416398645438,89.04905700683594,2832500,0.0,0.0
2015-10-15 00:00:00-04:00,89.92048117595418,91.04496002197266,89.50817155082574,91.04496002197266,2896900,0.0,0.0
2015-10-16 00:00:00-04:00,91.24177015769956,91.54162984530454,90.57645669923913,91.4947738647461,3388300,0.0,0.0
2015-10-19 00:00:00-04:00,91.09186650630775,91.8227742868649,90.90445682126995,91.58850860595703,4024100,0.0,0.0
2015-10-20 00:00:00-04:00,91.34485117876928,91.67282160788717,90.96065214093176,91.52288818359375,2451600,0.0,0.0
2015-10-21 00:00:00-04:00,91.93519948549911,92.16946510295288,90.4077902334194,90.52023315429688,2899600,0.0,0.0
2015-10-22 00:00:00-04:00,91.30737737820446,92.52555440658703,91.04500100745192,91.85086822509766,4033400,0.0,0.0
2015-10-23 00:00:00-04:00,93.00346105694523,93.57506980263332,92.00080438240087,93.50947570800781,5240400,0.0,0.0
2015-10-26 00:00:00-04:00,92.30064961275251,93.64064917736326,92.30064961275251,93.35952758789062,3652000,0.0,0.0
2015-10-27 00:00:00-04:00,93.09712662205972,93.20957665794424,91.68216072135216,92.23503112792969,3789300,0.0,0.0
2015-10-28 00:00:00-04:00,92.51621244932684,93.82809463661549,92.169496643131,93.79061126708984,4583800,0.0,0.0
2015-10-29 00:00:00-04:00,93.59377328120019,95.25237743757741,92.76916108967691,94.25908660888672,4940600,0.0,0.0
2015-10-30 00:00:00-04:00,94.42779697822915,94.6433245262727,92.5068228986638,92.75982666015625,5539000,0.0,0.0
2015-11-02 00:00:00-05:00,92.67547344778335,93.39700835524957,92.47869120029257,93.12525939941406,5480700,0.0,0.0
2015-11-03 00:00:00-05:00,93.19087295012537,94.22164753215415,92.77857026653416,93.81871032714844,4497500,0.0,0.0
2015-11-04 00:00:00-05:00,93.7999094720018,94.35277979730732,93.24704629591234,94.19347381591797,3292200,0.0,0.0
2015-11-05 00:00:00-05:00,93.70626111941226,94.83073339315706,93.52821693553486,94.35283660888672,3032300,0.0,0.0
2015-11-06 00:00:00-05:00,94.45589085807106,95.12120429062963,93.95924179083117,95.11183166503906,4333200,0.0,0.0
2015-11-09 00:00:00-05:00,94.68079280226209,94.80260834961169,93.51883734154347,94.14666748046875,3722700,0.0,0.0
2015-11-10 00:00:00-05:00,93.67812779743157,94.4277734161013,93.53756700980017,94.3153305053711,2991700,0.0,0.0
2015-11-11 00:00:00-05:00,94.91506761170709,95.35548815902078,94.41842559851332,94.53086853027344,4663300,0.0,0.0
2015-11-12 00:00:00-05:00,94.46528021876489,94.46528021876489,92.0757748327529,92.09451293945312,5274800,0.0,0.0
2015-11-13 00:00:00-05:00,91.91646078512807,92.3006598567665,90.60457895324022,90.76387786865234,4363900,0.0,0.0
2015-11-16 00:00:00-05:00,90.49213688433153,92.16947983123909,90.42654278693159,92.1132583618164,3979900,0.0,0.0
2015-11-17 00:00:00-05:00,92.35688663388164,92.78793456761433,91.65408969099178,91.8977279663086,3767500,0.0,0.0
2015-11-18 00:00:00-05:00,92.23506201897075,92.97534225073741,91.95394040971574,92.91912078857422,4502400,0.0,0.0
2015-11-19 00:00:00-05:00,92.7785571064386,93.01282272381225,92.16009244494694,92.7035903930664,3620800,0.0,0.0
2015-11-20 00:00:00-05:00,93.16276520718095,93.84682407456184,93.02220438246208,93.23773193359375,3319700,0.0,0.0
2015-11-23 00:00:00-05:00,93.66876922031086,93.66876922031086,92.82541151725368,93.11590576171875,2115900,0.0,0.0
2015-11-24 00:00:00-05:00,92.51617141276584,92.6942084025152,91.41980300080694,92.30064392089844,2588400,0.0,0.0
2015-11-25 00:00:00-05:00,92.33813682962968,92.61925128163978,91.8883436975065,91.9820556640625,2196200,0.0,0.0
2015-11-27 00:00:00-05:00,92.09449951235955,92.72232965897747,92.08512688576572,92.45995330810547,1502600,0.0,0.0
2015-11-30 00:00:00-05:00,92.58176053446718,92.66609271206038,91.75714111328125,91.75714111328125,3847500,0.0,0.0
2015-12-01 00:00:00-05:00,92.02888630613035,92.45993410004638,91.05434067019144,91.76651000976562,4891600,0.0,0.0
2015-12-02 00:00:00-05:00,91.5884582551624,91.83209643114833,90.81070205552821,90.98873901367188,3584400,0.0,0.0
2015-12-03 00:00:00-05:00,91.20427969450623,91.78525377252329,89.67686349766393,89.92050170898438,3479200,0.0,0.0
2015-12-04 00:00:00-05:00,90.36093140374234,92.4880599975586,90.18288725233595,92.4880599975586,3868100,0.0,0.0
2015-12-07 00:00:00-05:00,92.11326062130249,92.47871447995517,91.29801354857388,91.66346740722656,2855600,0.0,0.0
2015-12-08 00:00:00-05:00,91.06373098839138,92.36624724786326,90.67016646737525,92.00079345703125,3664000,0.0,0.0
2015-12-09 00:00:00-05:00,92.4037477527391,93.64067015492215,91.35423501937565,91.66346740722656,5111300,0.0,0.0
2015-12-10 00:00:00-05:00,91.94456336180443,92.45057790525455,91.31672613337162,91.46665954589844,2907900,0.0,0.0
2015-12-11 00:00:00-05:00,91.46668145793534,91.46668145793534,88.55241618406704,88.86164855957031,4558700,0.0,0.0
2015-12-14 00:00:00-05:00,89.095903103792,90.2484859608435,88.7398147827359,90.23912048339844,3930200,0.0,0.0
2015-12-15 00:00:00-05:00,91.26985822154313,92.63796815332785,91.1574081856586,92.23503112792969,4579900,0.0,0.0
2015-12-16 00:00:00-05:00,93.37827485303431,93.97799425089951,92.66610538711221,93.74372863769531,4493600,0.0,0.0
2015-12-17 00:00:00-05:00,94.21226734643862,94.45590560530208,93.01282845544883,93.07842254638672,4581200,0.0,0.0
2015-12-18 00:00:00-05:00,92.43183146443577,92.70358040922913,90.15476962282645,90.229736328125,6039600,0.0,0.0
2015-12-21 00:00:00-05:00,90.81072534892408,91.5884817480566,90.17352259774262,90.93254089355469,2748400,0.0,0.0
2015-12-22 00:00:00-05:00,91.372974166381,91.63535054487362,90.688915337408,91.40108489990234,3341900,0.0,0.0
2015-12-23 00:00:00-05:00,91.7759092958432,92.65674323963815,91.56038176166425,92.51618957519531,2054200,0.0,0.0
2015-12-24 00:00:00-05:00,92.56303103717379,92.87226337274495,92.12261052576383,92.3849868774414,932700,0.0,0.0
2015-12-28 00:00:00-05:00,91.9726846971482,92.41310521071901,91.70093571751474,92.32876586914062,1673400,0.0,0.0
2015-12-29 00:00:00-05:00,92.98473471216198,93.69689721553956,92.98473471216198,93.44389343261719,2362300,0.0,0.0
2015-12-30 00:00:00-05:00,93.39698430998033,93.67810581928825,92.51615073596834,92.6473388671875,1856700,0.0,0.0
2015-12-31 00:00:00-05:00,92.06639167881941,92.63800038229978,91.23240661621094,91.23240661621094,3219200,0.0,0.0
2016-01-04 00:00:00-05:00,89.36765538210243,89.57380313179452,87.8215007894837,88.8428955078125,6378700,0.0,0.0
2016-01-05 00:00:00-05:00,89.37702763118205,89.79871008796314,88.46808292045706,89.0115737915039,4352500,0.0,0.0
2016-01-06 00:00:00-05:00,87.78156709629388,88.62661518845265,87.30271248036165,87.65011596679688,4370000,0.19,0.0
2016-01-07 00:00:00-05:00,85.96937005758713,86.7299165583684,85.14310518705416,86.04448699951172,6600000,0.0,0.0
2016-01-08 00:00:00-05:00,86.35434967870788,86.6078604345845,84.24173378006466,84.40135192871094,5912100,0.0,0.0
2016-01-11 00:00:00-05:00,84.73938799926081,85.5374860657132,83.83800589512714,85.04924011230469,5845600,0.0,0.0
2016-01-12 00:00:00-05:00,86.01634577697824,86.26047232979725,84.61732634020206,85.85672760009766,4441800,0.0,0.0
2016-01-13 00:00:00-05:00,86.44824844197794,86.52336539853005,83.330966380538,83.74410247802734,4895000,0.0,0.0
2016-01-14 00:00:00-05:00,83.94127783690367,86.09145233149135,83.71593413422923,85.1712875366211,6235800,0.0,0.0
2016-01-15 00:00:00-05:00,82.71126556349307,83.8286070556509,82.45775477935977,83.29341125488281,6459800,0.0,0.0
2016-01-19 00:00:00-05:00,84.09148605722088,84.26049558787749,80.26999954627843,80.95542907714844,10175200,0.0,0.0
2016-01-20 00:00:00-05:00,79.53764593049446,80.71132151174402,78.42030448480976,79.93199920654297,11672100,0.0,0.0
2016-01-21 00:00:00-05:00,80.02590810026828,82.18546711765165,79.39681247275732,80.86156463623047,5989700,0.0,0.0
2016-01-22 00:00:00-05:00,82.37326682400982,83.40610011191166,82.06341468857467,82.62677764892578,4912500,0.0,0.0
2016-01-25 00:00:00-05:00,82.65495303130164,82.80518698972352,81.35921737588535,81.47188568115234,5110500,0.0,0.0
2016-01-26 00:00:00-05:00,81.68782806396484,82.15729834019453,81.12446516519881,81.68782806396484,4872500,0.0,0.0
2016-01-27 00:00:00-05:00,81.58455190682474,81.73478584822581,79.19025040147243,79.63155364990234,6750900,0.0,0.0
2016-01-28 00:00:00-05:00,80.12918046684909,80.42025689900197,78.2606908395085,78.33580780029297,9169600,0.0,0.0
2016-01-29 00:00:00-05:00,76.47671527802301,83.80045542421422,76.05419483878266,83.59388732910156,16410500,0.0,0.0
2016-02-01 00:00:00-05:00,83.11502345020503,83.75350338077627,81.90379631177818,83.21830749511719,5956400,0.0,0.0
2016-02-02 00:00:00-05:00,82.3263203480317,82.38265449734394,80.15736963692257,80.68317413330078,7096900,0.0,0.0
2016-02-03 00:00:00-05:00,81.27469439004709,81.46248680435522,79.30292060287452,81.19019317626953,5253600,0.0,0.0
2016-02-04 00:00:00-05:00,80.97423795611336,81.56577513790873,80.50476764093533,81.05874633789062,4490600,0.0,0.0
2016-02-05 00:00:00-05:00,80.78646596007889,81.04936823357768,77.16215395873192,77.70674133300781,8474000,0.0,0.0
2016-02-08 00:00:00-05:00,76.46733470888043,76.74901262741304,74.99319806155728,75.72557067871094,9213800,0.0,0.0
2016-02-09 00:00:00-05:00,74.05425859425084,78.14804078552963,73.72562360507004,76.96497344970703,7802700,0.0,0.0
2016-02-10 00:00:00-05:00,77.9883941519328,79.65970706392555,77.86633446813522,78.22312927246094,4858900,0.0,0.0
2016-02-11 00:00:00-05:00,75.25609740344919,77.73490024100472,75.09647920610672,77.09642028808594,6285400,0.0,0.0
2016-02-12 00:00:00-05:00,78.51421365777563,80.06345987958223,78.22313720758112,79.7066650390625,5213300,0.0,0.0
2016-02-16 00:00:00-05:00,80.86155831847377,81.30285433543676,80.14796153374301,80.91789245605469,4908000,0.0,0.0
2016-02-17 00:00:00-05:00,81.622077121308,82.25116537651111,81.3028337077353,81.88497924804688,4143400,0.0,0.0
2016-02-18 00:00:00-05:00,81.29349740510608,82.11037132871195,80.58929179452176,80.78646850585938,3551500,0.0,0.0
2016-02-19 00:00:00-05:00,80.42026230103652,81.55637954591366,80.01651756413405,81.49065399169922,3490500,0.0,0.0
2016-02-22 00:00:00-05:00,81.49065599457235,82.84273275855573,81.49065599457235,82.457763671875,3010800,0.0,0.0
2016-02-23 00:00:00-05:00,81.93197374455514,82.48594536135582,80.68318079893889,80.94608306884766,4236900,0.0,0.0
2016-02-24 00:00:00-05:00,79.94141413845837,81.46250071819001,79.42499386534132,81.14325714111328,3361300,0.0,0.0
2016-02-25 00:00:00-05:00,81.26532522436369,82.09159051002511,80.29821022916917,82.08219909667969,3280500,0.0,0.0
2016-02-26 00:00:00-05:00,82.73006656294713,83.18075409233265,82.14792074364593,82.22303771972656,3294900,0.0,0.0
2016-02-29 00:00:00-05:00,81.96952635652953,83.40610448804092,81.5939486420735,81.61272430419922,4302900,0.0,0.0
2016-03-01 00:00:00-05:00,82.41080064922213,84.62670069787605,82.36385792456294,84.5985336303711,4967500,0.0,0.0
2016-03-02 00:00:00-05:00,84.27929225566616,84.58913714317163,83.5563041365443,84.40135192871094,3898300,0.0,0.0
2016-03-03 00:00:00-05:00,84.25112905899279,84.6360909153802,83.49058242934217,84.26051330566406,4202500,0.0,0.0
2016-03-04 00:00:00-05:00,84.50464770329391,85.03045210777913,84.03517743827561,84.55159759521484,3181300,0.0,0.0
2016-03-07 00:00:00-05:00,84.2135972084807,84.2699313605085,82.10098054484679,82.9084701538086,4939800,0.0,0.0
2016-03-08 00:00:00-05:00,82.11973609536122,82.40142111361007,81.50942333152042,81.54698181152344,4251700,0.0,0.0
2016-03-09 00:00:00-05:00,81.88499384889307,82.25118004265168,81.40613222492145,81.85682678222656,3477800,0.0,0.0
2016-03-10 00:00:00-05:00,82.30752953377188,82.8145511113403,80.68315927999919,81.58454132080078,3239100,0.0,0.0
2016-03-11 00:00:00-05:00,82.54227531935317,83.71595112245933,82.42020845115903,83.1713638305664,4003200,0.0,0.0
2016-03-14 00:00:00-04:00,83.12439817960929,83.68776102562418,82.64553653690037,83.44364166259766,4407400,0.0,0.0
2016-03-15 00:00:00-04:00,82.96477661500923,84.22295334735526,82.81454270834567,83.90371704101562,4468800,0.0,0.0
2016-03-16 00:00:00-04:00,83.77228177904213,84.80511501004197,83.58448936023869,84.51404571533203,3005000,0.0,0.0
2016-03-17 00:00:00-04:00,84.42954829588845,86.06331031559168,84.18542886507699,85.82857513427734,4568900,0.0,0.0
2016-03-18 00:00:00-04:00,86.39190616915648,86.79565081816162,85.86609468636472,86.673583984375,5972900,0.0,0.0
2016-03-21 00:00:00-04:00,86.25108747556534,86.97406861399055,85.96940241908622,86.71116638183594,3176900,0.0,0.0
2016-03-22 00:00:00-04:00,86.08207907367445,86.57971647197853,85.95062795576577,86.15719604492188,3541300,0.0,0.0
2016-03-23 00:00:00-04:00,86.26988057701993,86.99286902515605,86.04453678440933,86.5046157836914,2816100,0.0,0.0
2016-03-24 00:00:00-04:00,85.72528032434877,86.35436881207946,85.72528032434877,86.29803466796875,2618700,0.0,0.0
2016-03-28 00:00:00-04:00,86.55153642469516,86.6642118646764,85.6125959154941,85.66893005371094,2304300,0.0,0.0
2016-03-29 00:00:00-04:00,85.65017629332033,87.35904817042467,85.53750082453179,87.11492156982422,3326300,0.0,0.0
2016-03-30 00:00:00-04:00,87.83791180780891,88.42005049993335,87.60317661555239,88.08203125,3477900,0.0,0.0
2016-03-31 00:00:00-04:00,87.95993520175143,89.14300208791559,87.80970130224956,88.72986602783203,5647100,0.0,0.0
2016-04-01 00:00:00-04:00,87.93180103787856,90.24159438037454,87.79095849528322,90.01625061035156,5276900,0.0,0.0
2016-04-04 00:00:00-04:00,90.14770490714697,90.23220613754353,88.69234385511017,89.24632263183594,4449900,0.0,0.0
2016-04-05 00:00:00-04:00,88.35430751758513,89.58432455378072,88.15713085458006,88.58904266357422,5378300,0.0,0.0
2016-04-06 00:00:00-04:00,88.62667229422183,89.2288062433985,88.2879710505596,89.14413452148438,3334200,0.19,0.0
2016-04-07 00:00:00-04:00,88.59846377689011,88.68314269151624,87.53532240839051,87.9775161743164,3046500,0.0,0.0
2016-04-08 00:00:00-04:00,88.52319019272188,89.05947320618759,87.89283226258307,88.2409439086914,2564000,0.0,0.0
2016-04-11 00:00:00-04:00,88.3632380706074,89.07827481472127,87.86459657545002,87.93986511230469,3858200,0.0,0.0
2016-04-12 00:00:00-04:00,88.21271112767442,88.4290992058714,87.62939071452918,88.30679321289062,2673700,0.0,0.0
2016-04-13 00:00:00-04:00,88.90892459082541,90.08496856689453,88.8054321466911,90.08496856689453,3698600,0.0,0.0
2016-04-14 00:00:00-04:00,90.05676002422663,91.04463282586063,89.76510336536383,90.48013305664062,3292200,0.0,0.0
2016-04-15 00:00:00-04:00,90.5553938588109,91.55267693837283,90.45190140587485,90.95995330810547,4127600,0.0,0.0
2016-04-18 00:00:00-04:00,90.92231356872183,92.00427548926041,90.88467929918971,91.89137268066406,3079700,0.0,0.0
2016-04-19 00:00:00-04:00,92.20185319597807,92.3523902792906,90.6494736198329,91.48681640625,3635900,0.0,0.0
2016-04-20 00:00:00-04:00,91.88198959735097,92.5782057909954,91.30807942293997,92.1077880859375,3627300,0.0,0.0
2016-04-21 00:00:00-04:00,92.1547892317112,92.28650556297804,91.59028964371025,91.76905059814453,2913600,0.0,0.0
2016-04-22 00:00:00-04:00,90.68709664734483,92.66284896384862,90.68709664734483,91.68437957763672,7176300,0.0,0.0
2016-04-25 00:00:00-04:00,91.06344177009692,91.56208328802441,90.82823296518748,91.24220275878906,3276100,0.0,0.0
2016-04-26 00:00:00-04:00,91.4115598882566,91.83493289601016,91.0070004279128,91.51504516601562,2929200,0.0,0.0
2016-04-27 00:00:00-04:00,91.48682784790918,92.77577486746081,90.83765633444511,92.55937957763672,5211900,0.0,0.0
2016-04-28 00:00:00-04:00,92.14538022244811,94.08349798395723,91.00697075820239,91.43034362792969,6261400,0.0,0.0
2016-04-29 00:00:00-04:00,91.10106465968114,91.88195951714997,90.39543833310137,91.25159454345703,5338500,0.0,0.0
2016-05-02 00:00:00-04:00,91.40216028042765,92.14542110563185,90.78120547278701,91.9854736328125,3813100,0.0,0.0
2016-05-03 00:00:00-04:00,91.27041808673549,91.76905955778663,90.24490406117542,90.74354553222656,3362100,0.0,0.0
2016-05-04 00:00:00-04:00,90.0567403016612,90.68709811960746,89.59573309519328,90.55538177490234,3187500,0.0,0.0
2016-05-05 00:00:00-04:00,90.64008197458608,91.10109650392668,90.28256709489769,90.49896240234375,2848600,0.0,0.0
2016-05-06 00:00:00-04:00,90.13202086262042,91.03522185169594,89.99089413788913,90.95995330810547,2042700,0.0,0.0
2016-05-09 00:00:00-04:00,91.08223793130917,91.49620764589639,90.79058136585091,90.99756622314453,1972600,0.0,0.0
2016-05-10 00:00:00-04:00,91.05401755150648,91.91958409913099,90.96934584006586,91.8631362915039,1903500,0.0,0.0
2016-05-11 00:00:00-04:00,91.8631096293171,92.05127371879627,90.65884222945057,90.70588684082031,2540600,0.0,0.0
2016-05-12 00:00:00-04:00,91.0164047307391,91.09167327730995,89.6051517835521,90.17906188964844,4216800,0.0,0.0
2016-05-13 00:00:00-04:00,89.93444382668963,90.58362248747311,89.51107080844184,89.71805572509766,3371600,0.0,0.0
2016-05-16 00:00:00-04:00,89.94384907809997,90.80941579128508,89.80272235403639,90.46131134033203,2273600,0.0,0.0
2016-05-17 00:00:00-04:00,90.30136964195977,90.59302626987817,89.62396711956573,89.94384765625,3463300,0.0,0.0
2016-05-18 00:00:00-04:00,89.68982252967503,90.48012066272766,89.25703919328862,89.9720687866211,2469900,0.0,0.0
2016-05-19 00:00:00-04:00,89.51106146490443,89.84976271534913,88.51377843748561,89.09709167480469,2268900,0.0,0.0
2016-05-20 00:00:00-04:00,89.53930260229131,90.21670523352928,89.40758622155109,89.8215560913086,2446700,0.0,0.0
2016-05-23 00:00:00-04:00,89.85917215592751,90.06615704885505,89.36993383118917,89.4546127319336,2231800,0.0,0.0
2016-05-24 00:00:00-04:00,89.87796907916875,91.01637860172413,89.68980494476351,90.77176666259766,2446500,0.0,0.0
2016-05-25 00:00:00-04:00,91.05402284824036,91.16692564806422,90.45188893851795,90.74354553222656,2689500,0.0,0.0
2016-05-26 00:00:00-04:00,90.82821038299996,91.00697132724763,90.38601679123022,90.67767333984375,1738300,0.0,0.0
2016-05-27 00:00:00-04:00,90.81879945543372,91.43034362792969,90.67767277285753,91.43034362792969,2724300,0.0,0.0
2016-05-31 00:00:00-04:00,91.43038047678897,91.44919402564757,89.94385888681467,90.22611236572266,4028800,0.0,0.0
2016-06-01 00:00:00-04:00,90.22605908124852,90.82819278118178,89.61451502344134,90.70588684082031,2677500,0.0,0.0
2016-06-02 00:00:00-04:00,90.5742221474385,91.14813232421875,90.32961010796186,91.14813232421875,2662100,0.0,0.0
2016-06-03 00:00:00-04:00,90.5177774864127,90.89411310077999,89.68984487720849,90.34842681884766,2814800,0.0,0.0
2016-06-06 00:00:00-04:00,90.69654949770806,91.23282548024967,90.30140028488913,90.92234802246094,2160700,0.0,0.0
2016-06-07 00:00:00-04:00,90.87527440206533,91.42096057609119,90.73415485533744,90.95995330810547,2394900,0.0,0.0
2016-06-08 00:00:00-04:00,90.9317205369997,92.19243621826172,90.85645200074453,92.19243621826172,4365200,0.0,0.0
2016-06-09 00:00:00-04:00,91.740845363865,91.8537409976374,91.2422038400285,91.27983093261719,2044700,0.0,0.0
2016-06-10 00:00:00-04:00,90.3201725408304,90.40484425714628,89.28525533273387,89.57691192626953,4080700,0.0,0.0
2016-06-13 00:00:00-04:00,89.12533097522781,89.97207700137987,88.58905514226313,88.61727905273438,3082200,0.0,0.0
2016-06-14 00:00:00-04:00,88.31619377244228,88.74897705880383,87.82695549881466,88.5419921875,5338200,0.0,0.0
2016-06-15 00:00:00-04:00,88.77722197054871,88.90893834200025,87.81756591796875,87.81756591796875,4025900,0.0,0.0
2016-06-16 00:00:00-04:00,87.43180921831234,88.52317424029948,86.60387688514959,88.5137710571289,4976200,0.0,0.0
2016-06-17 00:00:00-04:00,88.4197017036007,88.63608979570226,87.20602334571538,87.77052307128906,6941700,0.0,0.0
2016-06-20 00:00:00-04:00,88.90891845102992,89.54868661695107,88.67370967205893,88.76779174804688,4949500,0.0,0.0
2016-06-21 00:00:00-04:00,89.07827445086676,89.66159484210367,88.88069992593233,89.48283386230469,4203000,0.0,0.0
2016-06-22 00:00:00-04:00,89.59572416532299,89.73684367915443,88.49494171142578,88.49494171142578,2876700,0.0,0.0
2016-06-23 00:00:00-04:00,89.52047495308796,90.0473403930664,89.01242305967877,90.0473403930664,2992400,0.0,0.0
2016-06-24 00:00:00-04:00,86.06761501356809,87.61998749111666,85.74772728416775,86.0582046508789,8356800,0.0,0.0
2016-06-27 00:00:00-04:00,84.9291699967292,85.42781856277594,83.56496215479329,83.8001708984375,7444800,0.0,0.0
2016-06-28 00:00:00-04:00,84.93861900604786,85.14560394311958,84.4117534775049,85.0703353881836,4820400,0.0,0.0
2016-06-29 00:00:00-04:00,85.65364641274755,86.75442198896256,85.47488540912157,86.67915344238281,3987900,0.0,0.0
2016-06-30 00:00:00-04:00,87.13076412884864,87.25307014278137,82.4077665550778,82.84996032714844,12706800,0.0,0.0
2016-07-01 00:00:00-04:00,83.88487211380601,84.18593909871232,83.04752215971963,83.59320831298828,8342100,0.0,0.0
2016-07-05 00:00:00-04:00,82.90639149143888,84.05420428246832,82.71822016487508,83.019287109375,7077000,0.0,0.0
2016-07-06 00:00:00-04:00,82.18019655045089,82.57619850805246,81.69933291993695,81.86904907226562,9412800,0.19,0.0
2016-07-07 00:00:00-04:00,81.98214964759288,83.27387792970839,81.98214964759288,82.79301452636719,4707200,0.0,0.0
2016-07-08 00:00:00-04:00,83.37757506459536,83.62272204588788,82.91557310228683,83.5001449584961,5621800,0.0,0.0
2016-07-11 00:00:00-04:00,83.96216853368817,84.20730836358918,83.56615959020908,83.67930603027344,5274700,0.0,0.0
2016-07-12 00:00:00-04:00,83.99046036494741,84.93332586380808,83.79245947340581,84.85789489746094,6122200,0.0,0.0
2016-07-13 00:00:00-04:00,85.2916208873629,85.38590600819388,84.51847138695895,85.17847442626953,3996900,0.0,0.0
2016-07-14 00:00:00-04:00,86.10248956629144,86.41363695251788,85.33877070327559,86.22505950927734,4240100,0.0,0.0
2016-07-15 00:00:00-04:00,86.77189931418013,86.77189931418013,85.53674797479219,85.73474884033203,3262400,0.0,0.0
2016-07-18 00:00:00-04:00,85.97048377897072,86.40420108208147,85.64990574150153,86.36648559570312,3407300,0.0,0.0
2016-07-19 00:00:00-04:00,85.99873993069566,87.13018256443857,85.99873993069566,87.10189056396484,3423800,0.0,0.0
2016-07-20 00:00:00-04:00,87.27163465208774,88.10136095557267,86.88506350991324,87.9693603515625,3794100,0.0,0.0
2016-07-21 00:00:00-04:00,87.6864858468789,88.31820396471393,86.77190521988277,87.17733764648438,4305900,0.0,0.0
2016-07-22 00:00:00-04:00,87.36590390712058,88.30876922607422,86.84732510429947,88.30876922607422,4348200,0.0,0.0
2016-07-25 00:00:00-04:00,88.25218007591883,88.25218007591883,87.25274527948649,87.68646240234375,3773500,0.0,0.0
2016-07-26 00:00:00-04:00,87.47906254276717,88.31821228726419,87.45077772788417,88.09192657470703,4469600,0.0,0.0
2016-07-27 00:00:00-04:00,88.18619944311678,88.91220982726662,87.45076558430989,88.39363098144531,5696800,0.0,0.0
2016-07-28 00:00:00-04:00,89.572224681651,90.98652296609811,89.15736154962872,90.52452087402344,5209400,0.0,0.0
2016-07-29 00:00:00-04:00,90.58109547325994,90.60938028954185,89.68537605469656,89.79851531982422,4364100,0.0,0.0
2016-08-01 00:00:00-04:00,89.78908367182107,90.0153693749759,89.05364254795546,89.63822174072266,3512100,0.0,0.0
2016-08-02 00:00:00-04:00,89.60046800514169,89.93990001170785,89.1007506603331,89.80789947509766,3948600,0.0,0.0
2016-08-03 00:00:00-04:00,89.63821337478205,89.99649963746273,89.36478154530518,89.64764404296875,3006100,0.0,0.0
2016-08-04 00:00:00-04:00,89.65706504446332,90.56222213462102,89.38364041602102,90.43022155761719,2875600,0.0,0.0
2016-08-05 00:00:00-04:00,90.78854602158958,91.40141021190287,90.59996855114974,91.34483337402344,2632200,0.0,0.0
2016-08-08 00:00:00-04:00,91.45793505917314,91.55222015146369,91.10907230485752,91.25050354003906,2873000,0.0,0.0
2016-08-09 00:00:00-04:00,91.10908668073111,91.589950078826,91.0336629110926,91.17508697509766,1937100,0.0,0.0
2016-08-10 00:00:00-04:00,91.19396093345665,91.28824605367284,90.7319588089518,90.78852844238281,2004700,0.0,0.0
2016-08-11 00:00:00-04:00,90.98651621275997,91.38251797657418,90.6753688868377,91.01480102539062,2971100,0.0,0.0
2016-08-12 00:00:00-04:00,90.47736531302168,90.90165907033537,90.0530787492003,90.62822723388672,1988600,0.0,0.0
2016-08-15 00:00:00-04:00,90.80734692894129,91.04306323366265,90.58106129058619,90.92992401123047,2081200,0.0,0.0
2016-08-16 00:00:00-04:00,90.70364047355275,90.76021728405688,90.00592215426153,90.15678405761719,2866200,0.0,0.0
2016-08-17 00:00:00-04:00,90.31709458258072,90.58109579346977,89.6005147291008,90.1285171508789,4054700,0.0,0.0
2016-08-18 00:00:00-04:00,89.85508186249454,90.3925148908252,89.63821963999607,89.82678985595703,3134200,0.0,0.0
2016-08-19 00:00:00-04:00,89.74192472035854,89.84564048482284,89.01592156260024,89.7796401977539,3090800,0.0,0.0
2016-08-22 00:00:00-04:00,89.75136741635023,90.46794000242015,89.52507452165081,90.31708526611328,2390800,0.0,0.0
2016-08-23 00:00:00-04:00,90.51509655831035,91.23167642024184,90.50566588824066,90.78852844238281,3099700,0.0,0.0
2016-08-24 00:00:00-04:00,90.78850964520892,90.95822570385688,89.93992935196911,90.07192993164062,2008100,0.0,0.0
2016-08-25 00:00:00-04:00,90.0153778853513,90.33594872900416,89.88337727990677,90.1285171508789,1983000,0.0,0.0
2016-08-26 00:00:00-04:00,90.36421924097768,91.4579465912337,90.29821894870308,90.9582290649414,3123100,0.0,0.0
2016-08-29 00:00:00-04:00,90.93935626133796,91.3165038239916,90.73193193569531,91.25050354003906,2590200,0.0,0.0
2016-08-30 00:00:00-04:00,91.25995319698573,91.63710083811749,90.83565940315265,91.54280853271484,2634100,0.0,0.0
2016-08-31 00:00:00-04:00,91.27877821951103,91.54277932602592,90.63762959219315,91.10906219482422,3499300,0.0,0.0
2016-09-01 00:00:00-04:00,91.14679976683485,92.11795001277346,90.99594503802993,92.04252624511719,4198100,0.0,0.0
2016-09-02 00:00:00-04:00,91.8350942064938,92.49509712927609,91.80680939458776,92.2970962524414,2572400,0.0,0.0
2016-09-06 00:00:00-04:00,92.22167949031868,93.25883737650553,92.10854022527535,93.14569091796875,3879300,0.0,0.0
2016-09-07 00:00:00-04:00,92.86279965474198,93.9093806937455,92.64594466813259,93.88109588623047,4198200,0.0,0.0
2016-09-08 00:00:00-04:00,93.76798300372083,94.9182802107378,93.71141336845567,94.26770782470703,4605400,0.0,0.0
2016-09-09 00:00:00-04:00,93.41909369713574,93.99424209358925,92.54222869873047,92.54222869873047,5458500,0.0,0.0
2016-09-12 00:00:00-04:00,91.96710235481873,94.58826731157616,91.91995620210292,94.39026641845703,4264300,0.0,0.0
2016-09-13 00:00:00-04:00,93.6736645303024,94.34309801874919,93.3248089790434,93.71138000488281,4732200,0.0,0.0
2016-09-14 00:00:00-04:00,93.66423877649945,93.93767058643193,92.75908891956341,93.07023620605469,4400300,0.0,0.0
2016-09-15 00:00:00-04:00,92.93823918673334,94.11682089864459,92.82509275273279,93.78681945800781,3485700,0.0,0.0
2016-09-16 00:00:00-04:00,93.39082710616093,93.99426042776794,92.95710266235658,93.68311309814453,4498800,0.0,0.0
2016-09-19 00:00:00-04:00,94.23941858212669,94.65428176890912,93.73970093995368,93.98484802246094,3056900,0.0,0.0
2016-09-20 00:00:00-04:00,94.52227232436886,95.15399052269181,94.29598660430412,94.7485580444336,3848700,0.0,0.0
2016-09-21 00:00:00-04:00,95.05026220736191,95.52169492489628,94.25825869478052,95.47455596923828,3251900,0.0,0.0
2016-09-22 00:00:00-04:00,95.76683681057126,96.38913141718263,95.71026718942186,96.28541564941406,3390600,0.0,0.0
2016-09-23 00:00:00-04:00,96.09684730221363,96.26656337512954,95.46512916160718,95.8517074584961,2759400,0.0,0.0
2016-09-26 00:00:00-04:00,95.05968631581027,96.0119823536895,94.99368602764984,95.38026428222656,3468900,0.0,0.0
2016-09-27 00:00:00-04:00,95.22939999491624,95.8422639088294,94.81453694054579,95.6536865234375,3547700,0.0,0.0
2016-09-28 00:00:00-04:00,95.63485040369885,95.77628167102208,95.06913252789904,95.71028137207031,3629500,0.0,0.0
2016-09-29 00:00:00-04:00,95.77626727850487,96.46455497935796,94.8428253705379,94.86168670654297,3010000,0.0,0.0
2016-09-30 00:00:00-04:00,95.02196392534994,96.38912292849227,94.92767883390701,95.95539855957031,5503900,0.0,0.0
2016-10-03 00:00:00-04:00,95.59713335192524,96.53056819136326,95.45570208692119,96.05913543701172,3696700,0.0,0.0
2016-10-04 00:00:00-04:00,96.200562599634,96.37027867170289,95.26712780000142,95.43684387207031,2881900,0.0,0.0
2016-10-05 00:00:00-04:00,95.71076865111344,96.98602913300388,95.71076865111344,96.7309799194336,3768100,0.19,0.0
2016-10-06 00:00:00-04:00,96.73097562627265,97.45834403841026,96.3720084142662,97.24108123779297,3875600,0.0,0.0
2016-10-07 00:00:00-04:00,97.34500817749604,97.76064425032395,96.33424518906345,96.58929443359375,4225600,0.0,0.0
2016-10-10 00:00:00-04:00,97.01436016383963,97.64727336504217,96.87267017037988,96.96713256835938,2376500,0.0,0.0
2016-10-11 00:00:00-04:00,96.86323500249534,96.94824901018632,95.23845558999275,95.7391128540039,3412900,0.0,0.0
2016-10-12 00:00:00-04:00,95.93747521541702,96.26810442660721,95.45571481234747,95.74855041503906,3467800,0.0,0.0
2016-10-13 00:00:00-04:00,95.17235091924539,95.87138155319244,94.25605020888455,95.07788848876953,3657400,0.0,0.0
2016-10-14 00:00:00-04:00,95.50295713471856,96.54205811105668,95.22901108701681,95.29513549804688,3280200,0.0,0.0
2016-10-17 00:00:00-04:00,95.37073366089533,95.65412818750097,95.04955992396299,95.2668228149414,1975500,0.0,0.0
2016-10-18 00:00:00-04:00,96.14531873283698,96.46649961510391,95.46517776523251,96.09809112548828,2623700,0.0,0.0
2016-10-19 00:00:00-04:00,96.16421044065414,97.15607662661613,96.0036164045285,97.042724609375,3305200,0.0,0.0
2016-10-20 00:00:00-04:00,97.09939953242508,97.64729163303318,96.68375625513336,96.87268829345703,2945300,0.0,0.0
2016-10-21 00:00:00-04:00,96.4759336071172,97.29777174943095,96.31534678148746,97.15607452392578,3018800,0.0,0.0
2016-10-24 00:00:00-04:00,97.43947036709308,98.16683889811542,97.25998673175415,97.47725677490234,2565600,0.0,0.0
2016-10-25 00:00:00-04:00,97.47726824723601,97.52449585729065,96.62709198901918,97.1844253540039,4869300,0.0,0.0
2016-10-26 00:00:00-04:00,96.88215776586914,97.73233416890491,96.85381975360502,97.50562286376953,3356000,0.0,0.0
2016-10-27 00:00:00-04:00,97.47725728908445,98.52580668850634,97.47725728908445,97.86455535888672,5096100,0.0,0.0
2016-10-28 00:00:00-04:00,99.23430750204672,101.86040217797108,98.81866412933167,100.98188781738281,9282800,0.0,0.0
2016-10-31 00:00:00-04:00,101.45416679367163,102.89946240953338,100.57565278306676,101.09519958496094,5820000,0.0,0.0
2016-11-01 00:00:00-04:00,101.07631720632737,101.1896764182821,98.98866703354372,99.14925384521484,7076500,0.0,0.0
2016-11-02 00:00:00-04:00,98.50691404204834,99.18705500089206,98.24241638183594,98.24241638183594,3527500,0.0,0.0
2016-11-03 00:00:00-04:00,97.78899123382531,98.67695388339332,97.77955003624939,98.03459930419922,3127300,0.0,0.0
2016-11-04 00:00:00-04:00,98.1479720727892,98.648629480153,97.32613372802734,97.32613372802734,3067200,0.0,0.0
2016-11-07 00:00:00-05:00,98.79028888826004,100.16001173102065,98.743054083881,100.09388732910156,3067500,0.0,0.0
2016-11-08 00:00:00-05:00,99.88607589569447,100.57566519196743,99.68770266973048,99.8482894897461,2864300,0.0,0.0
2016-11-09 00:00:00-05:00,99.10205887597472,100.55679626977448,98.11018526408924,100.31119537353516,4775000,0.0,0.0
2016-11-10 00:00:00-05:00,100.75516762787869,101.20859016986613,96.77823234186508,98.7147445678711,6584300,0.0,0.0
2016-11-11 00:00:00-05:00,98.11016711715347,99.24373057219144,97.92124227698737,98.82809448242188,3300300,0.0,0.0
2016-11-14 00:00:00-05:00,99.20595965865694,99.28153248933607,94.8039467734134,95.54076385498047,7106800,0.0,0.0
2016-11-15 00:00:00-05:00,95.76745613300315,97.28832481521998,95.76745613300315,96.80656433105469,4633100,0.0,0.0
2016-11-16 00:00:00-05:00,96.75933403819867,98.24241638183594,96.75933403819867,98.24241638183594,4567900,0.0,0.0
2016-11-17 00:00:00-05:00,98.62027574900648,99.42321715397645,97.99681078539298,98.6675033569336,3096800,0.0,0.0
2016-11-18 00:00:00-05:00,98.85646284255114,99.28154746696143,98.53528186722231,98.97926330566406,3275000,0.0,0.0
2016-11-21 00:00:00-05:00,98.97922800870633,100.13168821486863,98.89421399695024,100.07501220703125,2650800,0.0,0.0
2016-11-22 00:00:00-05:00,100.1316914302086,100.25449185347297,98.94144477826113,100.06556701660156,4570100,0.0,0.0
2016-11-23 00:00:00-05:00,99.75385618953717,100.04669911934245,98.51638166343072,98.77143096923828,4952300,0.0,0.0
2016-11-25 00:00:00-05:00,98.8280909185667,99.87664031982422,98.74306969864344,99.87664031982422,1566900,0.0,0.0
2016-11-28 00:00:00-05:00,99.58380114258719,99.58380114258719,97.34501223575502,97.63784790039062,5401700,0.0,0.0
2016-11-29 00:00:00-05:00,97.94011599905015,98.59191884388079,97.61893517441638,98.0723648071289,3356600,0.0,0.0
2016-11-30 00:00:00-05:00,97.80788803759039,98.50691863028543,95.76746506602079,96.54206848144531,6889200,0.0,0.0
2016-12-01 00:00:00-05:00,96.6648703191144,96.90102997070589,94.00098973744319,94.63389587402344,5452100,0.0,0.0
2016-12-02 00:00:00-05:00,94.70004153907303,95.54076951083817,94.29384655890384,95.50298309326172,3981100,0.0,0.0
2016-12-05 00:00:00-05:00,96.23032126743824,97.93066614918753,96.1641968643761,97.81731414794922,5427900,0.0,0.0
2016-12-06 00:00:00-05:00,98.07236053361146,98.22350614026928,96.1641940951813,96.35311889648438,4975200,0.0,0.0
2016-12-07 00:00:00-05:00,97.31666294804934,99.72549420014309,96.93881328318948,99.42321014404297,5423500,0.0,0.0
2016-12-08 00:00:00-05:00,99.35709931908863,99.64993501150647,98.1101765162812,99.01702880859375,3024700,0.0,0.0
2016-12-09 00:00:00-05:00,99.00754930487794,99.28149530823016,98.24239450011355,98.62969970703125,2541000,0.0,0.0
2016-12-12 00:00:00-05:00,98.56357799623743,98.62026120722115,97.44891148084174,97.56226348876953,3827700,0.0,0.0
2016-12-13 00:00:00-05:00,97.83622680627484,98.80920348367567,97.24110703844298,97.60006713867188,4297700,0.0,0.0
2016-12-14 00:00:00-05:00,97.21275185496575,99.03589724798942,97.21275185496575,97.56226348876953,3515800,0.0,0.0
2016-12-15 00:00:00-05:00,98.64858610559071,99.85772207634164,98.24239131475855,98.57301330566406,3774100,0.0,0.0
2016-12-16 00:00:00-05:00,99.01701122411627,99.01701122411627,97.34500418363345,97.70396423339844,4659700,0.0,0.0
2016-12-19 00:00:00-05:00,97.95903793120947,98.43135731796944,97.72287823782948,97.80789947509766,2980900,0.0,0.0
2016-12-20 00:00:00-05:00,98.28965440908502,98.77141493149944,97.43947818273466,98.75252532958984,2354400,0.0,0.0
2016-12-21 00:00:00-05:00,98.69587334907014,99.15874438228306,98.14798106900923,98.40303039550781,1952500,0.0,0.0
2016-12-22 00:00:00-05:00,98.6485993884935,98.96033182490113,97.44891165795175,98.53524017333984,2463900,0.0,0.0
2016-12-23 00:00:00-05:00,98.52583353851938,99.3382235145434,98.25188741106733,98.91313171386719,1610700,0.0,0.0
2016-12-27 00:00:00-05:00,99.09260085612489,99.79163147464027,98.90366879232255,98.99813842773438,2160700,0.0,0.0
2016-12-28 00:00:00-05:00,98.90366035978005,98.97923317885763,97.80788331123784,97.94013214111328,2552300,0.0,0.0
2016-12-29 00:00:00-05:00,98.06292526170438,98.59192774881903,97.71341361179346,98.02513885498047,2858600,0.0,0.0
2016-12-30 00:00:00-05:00,98.11015799554,98.29908281814117,97.27887868626689,97.53392791748047,3834700,0.0,0.0
2017-01-03 00:00:00-05:00,98.62973142537615,100.07502750228805,98.34633692883516,99.55547332763672,4711300,0.0,0.0
2017-01-04 00:00:00-05:00,99.50821822405966,100.84016199645028,99.05479577045176,100.50009155273438,3299000,0.0,0.0
2017-01-05 00:00:00-05:00,101.33310682446984,102.37436100202436,100.77461141728277,101.27630615234375,3262200,0.22,0.0
2017-01-06 00:00:00-05:00,101.58866823666281,102.3364798388095,101.16270298496248,102.00517272949219,3044600,0.0,0.0
2017-01-09 00:00:00-05:00,102.00519605420887,102.37436794928566,101.57922348315142,101.80641174316406,2500700,0.0,0.0
2017-01-10 00:00:00-05:00,101.80640434322932,102.77192910126007,101.21004423148713,101.58868408203125,3162200,0.0,0.0
2017-01-11 00:00:00-05:00,101.3236601001201,102.09040072611887,101.12487576085952,102.05253601074219,2499000,0.0,0.0
2017-01-12 00:00:00-05:00,101.9199963206071,103.0464479460574,101.57922116033566,102.90445709228516,3288500,0.0,0.0
2017-01-13 00:00:00-05:00,102.82874282719669,103.55762594705922,102.73408465138434,102.89500427246094,4661900,0.0,0.0
2017-01-17 00:00:00-05:00,102.45010333879966,103.04645630668207,101.8632111325028,102.61102294921875,2898200,0.0,0.0
2017-01-18 00:00:00-05:00,102.90444979521158,103.38721577502174,102.14717733205009,102.85712432861328,2652300,0.0,0.0
2017-01-19 00:00:00-05:00,103.02751994465915,103.52922196303051,102.54476111525247,102.73407745361328,1885300,0.0,0.0
2017-01-20 00:00:00-05:00,103.40613442564822,104.12554933410358,103.09376326633064,104.08768463134766,4173300,0.0,0.0
2017-01-23 00:00:00-05:00,103.8037259082814,104.1066363542323,103.30202393727878,103.77532196044922,3678200,0.0,0.0
2017-01-24 00:00:00-05:00,103.94573192797866,104.24864243917764,103.34937889023085,104.04985809326172,2899600,0.0,0.0
2017-01-25 00:00:00-05:00,104.75034420184117,105.13844490785058,103.55763090799199,104.3054428100586,3848300,0.0,0.0
2017-01-26 00:00:00-05:00,104.09718416717081,104.42849138927124,103.17898470738119,103.53868865966797,2568700,0.0,0.0
2017-01-27 00:00:00-05:00,103.71854330244405,103.97412109375,103.10325434017064,103.97412109375,2591600,0.0,0.0
2017-01-30 00:00:00-05:00,103.52919782654102,103.70904613946787,102.3270169701611,103.46293640136719,4304400,0.0,0.0
2017-01-31 00:00:00-05:00,100.31076756559871,101.38041832082801,99.86586634202217,100.65154266357422,6470200,0.0,0.0
2017-02-01 00:00:00-05:00,100.93551148032614,101.04910558064779,98.45543500990496,99.39256286621094,6149100,0.0,0.0
2017-02-02 00:00:00-05:00,99.31687127729376,99.85643082082137,99.02342876718663,99.5251235961914,4112000,0.0,0.0
2017-02-03 00:00:00-05:00,100.63260628973192,101.79692240670978,99.96052407757284,100.88819122314453,7132600,0.0,0.0
2017-02-06 00:00:00-05:00,100.8882214280592,100.92608614145492,100.04575141538253,100.8976821899414,3445100,0.0,0.0
2017-02-07 00:00:00-05:00,101.28577486486631,101.42776571327339,100.37704354579739,100.90713500976562,3204800,0.0,0.0
2017-02-08 00:00:00-05:00,100.85980947376707,101.1911166385244,100.14986245416371,101.0207290649414,2993600,0.0,0.0
2017-02-09 00:00:00-05:00,101.02073571900124,101.79694422268358,100.81248342402098,101.56976318359375,2679200,0.0,0.0
2017-02-10 00:00:00-05:00,101.80641191822441,101.8916020994094,101.47509751062503,101.5413589477539,2078400,0.0,0.0
2017-02-13 00:00:00-05:00,101.94840898804588,102.54476922274766,101.79695734977409,102.4974365234375,2337100,0.0,0.0
2017-02-14 00:00:00-05:00,102.2418196273396,103.37773175685506,102.00517066519444,103.06535339355469,2336800,0.0,0.0
2017-02-15 00:00:00-05:00,103.17897692090838,104.18236649553558,102.96125663598377,103.8037338256836,2920000,0.0,0.0
2017-02-16 00:00:00-05:00,103.88890167434842,104.31486694732965,103.07482860966785,103.46293640136719,2146400,0.0,0.0
2017-02-17 00:00:00-05:00,103.40615812485677,104.12557319819176,103.16004833346884,103.57654571533203,2850900,0.0,0.0
2017-02-21 00:00:00-05:00,103.60493377117791,104.35274551000406,103.50080762893917,104.27702331542969,3117200,0.0,0.0
2017-02-22 00:00:00-05:00,103.93624174515332,104.51366587211173,103.33042089423864,103.59546661376953,3049300,0.0,0.0
2017-02-23 00:00:00-05:00,103.96465867816457,104.83552541789261,103.74693838225475,104.82605743408203,4162200,0.0,0.0
2017-02-24 00:00:00-05:00,104.6367483017835,105.07218170166016,104.31490182764051,105.07218170166016,2471700,0.0,0.0
2017-02-27 00:00:00-05:00,104.5042033936436,105.06269158607333,103.8983825108246,104.66512298583984,2361200,0.0,0.0
2017-02-28 00:00:00-05:00,104.5988388207854,104.9490818764685,104.11607292715802,104.56097412109375,3367200,0.0,0.0
2017-03-01 00:00:00-05:00,105.46975523474337,106.88964964734451,104.86393419645674,106.31222534179688,3218700,0.0,0.0
2017-03-02 00:00:00-05:00,106.20806297030548,106.2932603614374,105.35613239071021,105.38452911376953,2690800,0.0,0.0
2017-03-03 00:00:00-05:00,105.34667869540473,105.86730220665466,105.03430025548181,105.77264404296875,2938200,0.0,0.0
2017-03-06 00:00:00-05:00,105.20467345540497,105.81996226817398,105.08161858163275,105.41292572021484,2175800,0.0,0.0
2017-03-07 00:00:00-05:00,105.42240196543175,105.73477316517786,104.82604184728419,105.03429412841797,2474200,0.0,0.0
2017-03-08 00:00:00-05:00,105.34668039378265,105.49813201373077,104.87338234576778,105.05323791503906,2355400,0.0,0.0
2017-03-09 00:00:00-05:00,105.14788865406022,105.4224023691556,104.74085207263667,104.87337493896484,3195400,0.0,0.0
2017-03-10 00:00:00-05:00,105.49811606514957,105.59278143800566,104.70297893122718,105.27093505859375,2735400,0.0,0.0
2017-03-13 00:00:00-04:00,105.34667913028207,105.82944515561448,105.19522029019542,105.57386016845703,3123000,0.0,0.0
2017-03-14 00:00:00-04:00,105.38455341328637,105.51707629942287,104.24863367531626,104.58940887451172,2891400,0.0,0.0
2017-03-15 00:00:00-04:00,105.1289729710836,106.41634439688319,104.58941341923787,106.03770446777344,3305500,0.0,0.0
2017-03-16 00:00:00-04:00,106.12287791250212,106.93695104853053,105.6211831890797,106.65296936035156,2746400,0.0,0.0
2017-03-17 00:00:00-04:00,106.82336447361729,107.43865336015894,106.73817429431936,106.80443572998047,4119200,0.0,0.0
2017-03-20 00:00:00-04:00,106.79496095806117,106.95588054558613,105.87676167801797,106.4068603515625,2435400,0.0,0.0
2017-03-21 00:00:00-04:00,106.40688639195936,106.7476543928371,104.53262266637292,104.79766845703125,3734000,0.0,0.0
2017-03-22 00:00:00-04:00,105.0626822700073,105.93355603104821,104.87336596914629,105.49811553955078,2576200,0.0,0.0
2017-03-23 00:00:00-04:00,105.36560011957938,106.4447189989328,105.32773541234451,105.6401138305664,3107000,0.0,0.0
2017-03-24 00:00:00-04:00,105.99035654166546,106.46365454731945,105.7063748494913,105.99982452392578,3221900,0.0,0.0
2017-03-27 00:00:00-04:00,104.78820576431644,106.30276559648833,104.43796976124082,105.96199035644531,2724200,0.0,0.0
2017-03-28 00:00:00-04:00,105.83890432084269,106.72870693804799,105.51706512344369,106.46366119384766,2986100,0.0,0.0
2017-03-29 00:00:00-04:00,106.04718004935127,106.33116182201728,105.56441392460164,106.07557678222656,1783800,0.0,0.0
2017-03-30 00:00:00-04:00,106.01875177496679,106.6813660847786,105.61171520695258,106.65296936035156,2029400,0.0,0.0
2017-03-31 00:00:00-04:00,106.60565204879923,107.1357435371999,106.43526446724832,106.46366119384766,2507700,0.0,0.0
2017-04-03 00:00:00-04:00,106.68138214951537,106.93696715175486,105.41294678773703,106.2459487915039,3170100,0.0,0.0
2017-04-04 00:00:00-04:00,106.23646531723904,106.82335017684711,105.92408692437766,106.10393524169922,2169700,0.0,0.0
2017-04-05 00:00:00-04:00,106.46437043130689,107.34643632878094,106.13241170347419,106.29364776611328,2486600,0.22,0.0
2017-04-06 00:00:00-04:00,106.29364835668055,106.80581635510698,105.95220302439627,106.63509368896484,2238500,0.0,0.0
2017-04-07 00:00:00-04:00,106.39798224522097,106.93860283039395,106.07550287299688,106.45488739013672,1995100,0.0,0.0
2017-04-10 00:00:00-04:00,106.50230914736635,107.2421049479714,106.50230914736635,106.53076171875,1862800,0.0,0.0
2017-04-11 00:00:00-04:00,106.13242112014015,106.76788606068156,105.72458400800078,106.33159637451172,2045800,0.0,0.0
2017-04-12 00:00:00-04:00,105.89528624601712,106.5117850969136,105.61074608832433,105.72456359863281,2651200,0.0,0.0
2017-04-13 00:00:00-04:00,105.49695150776128,106.40747001720618,105.28828965923388,105.48746490478516,2690300,0.0,0.0
2017-04-17 00:00:00-04:00,106.00909581417349,106.92910078360875,105.7814680312293,106.86270904541016,1731200,0.0,0.0
2017-04-18 00:00:00-04:00,106.69199115596896,107.33694259986297,106.32209327863417,106.72044372558594,2141000,0.0,0.0
2017-04-19 00:00:00-04:00,106.69199270144736,107.32746478877883,106.33158142081653,106.50230407714844,2242400,0.0,0.0
2017-04-20 00:00:00-04:00,107.08085049453896,108.97776544666132,106.86270209113613,108.6837387084961,3459600,0.0,0.0
2017-04-21 00:00:00-04:00,108.8829529698326,109.65120143441042,108.13367047641047,108.38026428222656,4067400,0.0,0.0
2017-04-24 00:00:00-04:00,109.83138566126237,110.01158767267658,109.07261673732265,109.73653411865234,3207800,0.0,0.0
2017-04-25 00:00:00-04:00,110.35305577992979,110.4763599163528,109.91676609111798,110.14439392089844,2873700,0.0,0.0
2017-04-26 00:00:00-04:00,110.06851697971665,110.55222518789479,109.97366542251355,110.18232727050781,2202700,0.0,0.0
2017-04-27 00:00:00-04:00,110.50479035407528,111.2635520467333,110.1348924912212,111.06437683105469,3350800,0.0,0.0
2017-04-28 00:00:00-04:00,110.77036117948329,111.32046831029116,110.08747056691587,110.3245849609375,3536000,0.0,0.0
2017-05-01 00:00:00-04:00,110.53326060755226,111.24460387857003,110.22975443469767,110.37202453613281,3556600,0.0,0.0
2017-05-02 00:00:00-04:00,111.75676100222259,113.53985868931515,111.58603834438286,112.03181457519531,6802600,0.0,0.0
2017-05-03 00:00:00-04:00,112.07923264744814,112.42067796170744,110.54273596943851,111.28253173828125,3640900,0.0,0.0
2017-05-04 00:00:00-04:00,111.49118502685,111.9938663576244,110.87468618798913,111.84210968017578,2560400,0.0,0.0
2017-05-05 00:00:00-04:00,112.17408055242925,112.27841147046954,111.1592311792571,111.44377136230469,2335900,0.0,0.0
2017-05-08 00:00:00-04:00,111.64294949329347,111.64294949329347,110.39098568047697,110.59964752197266,2562400,0.0,0.0
2017-05-09 00:00:00-04:00,110.61858955775227,110.88416372156944,110.0590031367744,110.4099349975586,2350700,0.0,0.0
2017-05-10 00:00:00-04:00,110.12539770931146,110.75137587835135,110.03055340929404,110.63756561279297,1812500,0.0,0.0
2017-05-11 00:00:00-04:00,110.5711837068724,110.85571663221428,109.81241476698028,110.52375793457031,2239000,0.0,0.0
2017-05-12 00:00:00-04:00,110.33406516806316,111.17819178296358,110.16334252481607,111.09282684326172,3195200,0.0,0.0
2017-05-15 00:00:00-04:00,111.31097715237208,112.44912330262798,111.05488956506261,112.1171646118164,2998200,0.0,0.0
2017-05-16 00:00:00-04:00,112.16461785947817,112.45863745248464,111.6334765879122,112.38275909423828,2375700,0.0,0.0
2017-05-17 00:00:00-04:00,111.24457304809194,111.83261926084487,110.63756087061097,110.77983093261719,4195000,0.0,0.0
2017-05-18 00:00:00-04:00,109.95469108860242,110.63758172603386,109.59427980158351,110.24871063232422,5088400,0.0,0.0
2017-05-19 00:00:00-04:00,110.8936602052322,111.81366522962402,110.50479635431358,111.51964569091797,4360500,0.0,0.0
2017-05-22 00:00:00-04:00,111.72830884574968,112.9612993914634,111.51964701471084,112.866455078125,2578200,0.0,0.0
2017-05-23 00:00:00-04:00,112.90440525023966,113.7485320226566,112.83801350081895,113.43553924560547,2857100,0.0,0.0
2017-05-24 00:00:00-04:00,113.43551140675024,114.49778637294088,113.36911967362309,114.47881317138672,2509000,0.0,0.0
2017-05-25 00:00:00-04:00,114.78232732582246,116.16708169020464,114.7159355880362,115.63594055175781,4689200,0.0,0.0
2017-05-26 00:00:00-04:00,115.6264674512025,115.78770350368265,115.06687371426473,115.36089324951172,2141600,0.0,0.0
2017-05-30 00:00:00-04:00,115.0384298483977,115.51265867591876,114.7918288319626,115.37987518310547,3405500,0.0,0.0
2017-05-31 00:00:00-04:00,115.61697865099987,116.64131455814571,114.90563547706364,116.54646301269531,4708500,0.0,0.0
2017-06-01 00:00:00-04:00,116.47059972146337,117.0396728515625,115.81616164196278,117.0396728515625,3279000,0.0,0.0
2017-06-02 00:00:00-04:00,117.03018128710869,118.84173875482396,116.99224211522302,118.74688720703125,3731900,0.0,0.0
2017-06-05 00:00:00-04:00,119.06936706563718,119.68586594817404,118.79431349539281,119.41081237792969,4617400,0.0,0.0
2017-06-06 00:00:00-04:00,119.06936836142786,119.44875284989904,118.53823441926255,118.78482818603516,2712100,0.0,0.0
2017-06-07 00:00:00-04:00,119.01245742948205,119.3918346633349,118.33904619623239,118.7374038696289,3219700,0.0,0.0
2017-06-08 00:00:00-04:00,118.55720238742072,118.93658688229195,117.66564990989696,118.32957458496094,3332400,0.0,0.0
2017-06-09 00:00:00-04:00,118.48130916492974,118.50028236717762,115.43676145822721,116.69821166992188,3556700,0.0,0.0
2017-06-12 00:00:00-04:00,115.69286316247289,115.79718684294909,114.00460252792885,114.5357437133789,6574200,0.0,0.0
2017-06-13 00:00:00-04:00,114.99099912296306,116.38523297366442,114.8487290335973,116.01533508300781,3938200,0.0,0.0
2017-06-14 00:00:00-04:00,116.51800911185065,116.81203587430396,115.48419385090071,116.18605041503906,2940000,0.0,0.0
2017-06-15 00:00:00-04:00,114.82977677727952,115.36091078910104,113.71059636939975,115.16173553466797,3492600,0.0,0.0
2017-06-16 00:00:00-04:00,115.22810532601387,115.90150931585282,114.49779619894134,115.67388153076172,3804900,0.0,0.0
2017-06-19 00:00:00-04:00,116.30935398393174,116.77410342236412,115.95842929975062,116.74564361572266,2547100,0.0,0.0
2017-06-20 00:00:00-04:00,116.55594815862668,117.39058820060359,116.34728633909323,116.59388732910156,3015300,0.0,0.0
2017-06-21 00:00:00-04:00,117.17244294831134,117.17244294831134,116.1291411230158,116.75511932373047,2384100,0.0,0.0
2017-06-22 00:00:00-04:00,116.53700997230183,117.15350174005059,115.98690272351321,116.9448471069336,2160600,0.0,0.0
2017-06-23 00:00:00-04:00,117.30523236336866,118.55719606436205,116.77409844057055,117.61822509765625,3381500,0.0,0.0
2017-06-26 00:00:00-04:00,117.76997942207734,118.158850514625,116.8404950186954,117.15348052978516,2376700,0.0,0.0
2017-06-27 00:00:00-04:00,117.12503188937583,117.14400509441626,116.41368865966797,116.41368865966797,2516400,0.0,0.0
2017-06-28 00:00:00-04:00,116.84048705384667,118.4338960157526,116.25244077208916,118.37698364257812,2574900,0.0,0.0
2017-06-29 00:00:00-04:00,118.18729487454047,118.25368661302691,114.9530511833202,115.24707794189453,4147400,0.0,0.0
2017-06-30 00:00:00-04:00,115.50317832666236,116.11019067986076,114.96255772346511,115.190185546875,3574000,0.0,0.0
2017-07-03 00:00:00-04:00,115.94893652758066,116.00584166552092,114.4977976208488,114.55470275878906,2314200,0.0,0.0
2017-07-05 00:00:00-04:00,115.10581446834648,116.07501063092168,115.08681389134145,115.90397644042969,3856500,0.22,0.0
2017-07-06 00:00:00-04:00,115.29585597220999,115.61892379506477,114.64023091148603,114.78276062011719,2702600,0.0,0.0
2017-07-07 00:00:00-04:00,115.34338670897986,116.60713921161044,115.03932666505163,116.113037109375,2119000,0.0,0.0
2017-07-10 00:00:00-04:00,116.07500065091804,117.05369339316796,115.7519328747161,116.61660766601562,2886900,0.0,0.0
2017-07-11 00:00:00-04:00,116.69263522501673,118.49799463706769,116.39807914045718,118.04190826416016,3885700,0.0,0.0
2017-07-12 00:00:00-04:00,118.77356020145305,119.48620156266176,118.39348335893584,119.03961181640625,2770400,0.0,0.0
2017-07-13 00:00:00-04:00,119.362660619777,120.10380635725062,119.12511353728614,119.22013092041016,3330900,0.0,0.0
2017-07-14 00:00:00-04:00,119.30565597091575,121.17752832253643,119.30565597091575,120.68343353271484,2690800,0.0,0.0
2017-07-17 00:00:00-04:00,120.92097398941664,121.22503397782555,120.23683720315609,121.08250427246094,2291700,0.0,0.0
2017-07-18 00:00:00-04:00,120.77844954492753,121.77615027657573,120.67392823973154,121.36756896972656,3732800,0.0,0.0
2017-07-19 00:00:00-04:00,121.36758338983111,121.88068606283979,121.20604583119575,121.6621322631836,2550400,0.0,0.0
2017-07-20 00:00:00-04:00,122.00415857782535,122.42224370389815,121.56708012691016,122.0706787109375,2350300,0.0,0.0
2017-07-21 00:00:00-04:00,122.12767377172,123.71448613858648,121.92814239255405,122.83081817626953,4375500,0.0,0.0
2017-07-24 00:00:00-04:00,122.94486839851687,123.42945923105943,122.19422599139526,123.06839752197266,3065400,0.0,0.0
2017-07-25 00:00:00-04:00,123.5245162542266,123.6955432404203,122.78337031659942,123.50550842285156,2476000,0.0,0.0
2017-07-26 00:00:00-04:00,123.44849363225164,124.64572597558605,123.29645998584286,124.46520233154297,3547800,0.0,0.0
2017-07-27 00:00:00-04:00,125.42486729480224,125.61490207277679,120.2463434766935,122.50778198242188,4914500,0.0,0.0
2017-07-28 00:00:00-04:00,122.53629778877985,123.51499064370532,120.96847828910036,121.5385971069336,5257900,0.0,0.0
2017-07-31 00:00:00-04:00,121.62410917269307,122.0516910317586,121.05399761081843,121.43407440185547,3347500,0.0,0.0
2017-08-01 00:00:00-04:00,122.25125877870303,123.50550008900547,122.099225135416,123.0399169921875,4010500,0.0,0.0
2017-08-02 00:00:00-04:00,123.27743627080785,124.10409545898438,122.74531863952424,124.10409545898438,3578600,0.0,0.0
2017-08-03 00:00:00-04:00,123.90456616322217,124.06611095610054,122.80235859730873,123.41997528076172,2568100,0.0,0.0
2017-08-04 00:00:00-04:00,123.73354707683818,123.76205157181269,122.992401210049,123.35347747802734,2208100,0.0,0.0
2017-08-07 00:00:00-04:00,123.51500903306814,123.99959995126737,123.09692377090757,123.88558197021484,1585600,0.0,0.0
2017-08-08 00:00:00-04:00,123.64803746209004,123.81906443729031,122.85937924608311,123.37247467041016,2062800,0.0,0.0
2017-08-09 00:00:00-04:00,122.65982997460058,123.55300948431878,122.35577719396458,123.25845336914062,1789900,0.0,0.0
2017-08-10 00:00:00-04:00,122.73586029928008,122.96391078389428,121.2345605643734,121.31057739257812,2590400,0.0,0.0
2017-08-11 00:00:00-04:00,121.77613278021177,122.97336478694082,121.49107339802224,122.1467056274414,2484300,0.0,0.0
2017-08-14 00:00:00-04:00,122.79285241100781,124.75023834726328,122.57431312167432,124.5602035522461,2793300,0.0,0.0
2017-08-15 00:00:00-04:00,124.87375373475678,125.4153680645637,124.42716404135511,125.02578735351562,2155600,0.0,0.0
2017-08-16 00:00:00-04:00,125.58643915813522,126.0235323410342,125.24437064504485,125.77647399902344,2000700,0.0,0.0
2017-08-17 00:00:00-04:00,125.57691978673175,125.89998040770625,124.30367063437834,124.36067962646484,2673000,0.0,0.0
2017-08-18 00:00:00-04:00,124.05657796844126,125.39634690621071,123.86654321455791,124.6076889038086,3167300,0.0,0.0
2017-08-21 00:00:00-04:00,124.8072284287327,125.51035843196914,124.59818586054845,125.36783599853516,1807600,0.0,0.0
2017-08-22 00:00:00-04:00,125.90947211220518,127.55330864580078,125.69093281824263,127.13522338867188,2180100,0.0,0.0
2017-08-23 00:00:00-04:00,126.5461114420191,126.83117092323646,126.06152047305883,126.44160461425781,2006400,0.0,0.0
2017-08-24 00:00:00-04:00,126.5936376803948,126.81219152261875,125.40590179376981,126.33709716796875,2046600,0.0,0.0
2017-08-25 00:00:00-04:00,126.66011873550588,126.94517816001245,125.95697408821961,126.13751220703125,2215500,0.0,0.0
2017-08-28 00:00:00-04:00,126.51757292605461,127.32523882255278,126.09950223123674,127.1827163696289,2154700,0.0,0.0
2017-08-29 00:00:00-04:00,126.47009519178147,127.5248050070832,126.12802675171805,127.17322540283203,2122000,0.0,0.0
2017-08-30 00:00:00-04:00,127.25873803375029,127.55330864580078,126.83115611122327,127.13522338867188,3224500,0.0,0.0
2017-08-31 00:00:00-04:00,127.51531259717409,127.80037208893962,126.6411407881603,126.66014862060547,4374700,0.0,0.0
2017-09-01 00:00:00-04:00,127.17323861545938,127.23024761160524,126.50810949587874,126.60313415527344,2446600,0.0,0.0
2017-09-05 00:00:00-04:00,126.22301363347611,126.30852710304622,125.12079169660642,126.05198669433594,2726500,0.0,0.0
2017-09-06 00:00:00-04:00,126.36557060653561,127.00219514542594,125.9854865170093,126.27054595947266,3652100,0.0,0.0
2017-09-07 00:00:00-04:00,129.30162045228784,131.73410008357877,128.8930319602307,129.7292022705078,7269000,0.0,0.0
2017-09-08 00:00:00-04:00,129.43466875026144,130.87895921966324,129.28263512217183,130.38485717773438,4451300,0.0,0.0
2017-09-11 00:00:00-04:00,132.41823656341538,134.917236328125,132.24719513718955,134.917236328125,5457600,0.0,0.0
2017-09-12 00:00:00-04:00,135.553947765294,136.37111077399422,134.7462814257568,135.32589721679688,3775000,0.0,0.0
2017-09-13 00:00:00-04:00,134.94574342254595,135.05026471316884,132.5892660519068,133.1213836669922,3613800,0.0,0.0
2017-09-14 00:00:00-04:00,132.5512242085265,134.7366594787333,132.4276951306062,134.423095703125,4179400,0.0,0.0
2017-09-15 00:00:00-04:00,135.23079342288557,135.58235842207696,132.8458117292618,134.52764892578125,6152500,0.0,0.0
2017-09-18 00:00:00-04:00,134.60371724465517,134.6322217420558,133.51099168229806,134.35665893554688,2843500,0.0,0.0
2017-09-19 00:00:00-04:00,134.86021636570973,136.43753239891305,134.80320738839055,135.392333984375,4179000,0.0,0.0
2017-09-20 00:00:00-04:00,135.16431233916134,135.9434738582552,134.37565415473426,135.15481567382812,2749700,0.0,0.0
2017-09-21 00:00:00-04:00,134.6321553067042,135.0977382003203,134.15706125282986,134.66065979003906,2835300,0.0,0.0
2017-09-22 00:00:00-04:00,134.45167741829331,135.30684129849507,134.45167741829331,134.82225036621094,1860400,0.0,0.0
2017-09-25 00:00:00-04:00,134.993324237796,135.02182874072827,131.54413439569234,131.66766357421875,5541200,0.0,0.0
2017-09-26 00:00:00-04:00,132.09520076426494,132.43726918203342,130.8884573878699,131.47756958007812,3162600,0.0,0.0
2017-09-27 00:00:00-04:00,131.88618537616176,133.1974358327145,131.6486382175227,132.7128448486328,3716800,0.0,0.0
2017-09-28 00:00:00-04:00,132.49427741574297,133.22592656878723,131.9241585564598,133.21641540527344,2732000,0.0,0.0
2017-09-29 00:00:00-04:00,133.81503040032723,134.6797053000383,133.42544968743888,134.16659545898438,2603200,0.0,0.0
2017-10-02 00:00:00-04:00,134.83170908948193,135.81040184315455,134.42313509465964,134.75570678710938,2300700,0.0,0.0
2017-10-03 00:00:00-04:00,134.91728771378953,136.04799999551147,134.64172489400667,135.89598083496094,2514500,0.0,0.0
2017-10-04 00:00:00-04:00,135.62040339803767,135.87695835807736,134.28064860388852,135.0122833251953,3245700,0.0,0.0
2017-10-05 00:00:00-04:00,135.66894193611714,136.82997081945123,135.54522122063065,136.80142211914062,2723000,0.22,0.0
2017-10-06 00:00:00-04:00,136.56346697070836,136.8299311104181,135.86875792940845,136.58250427246094,3067400,0.0,0.0
2017-10-09 00:00:00-04:00,136.54441339932188,138.162235346565,135.992447883918,137.5626983642578,2557700,0.0,0.0
2017-10-10 00:00:00-04:00,137.78160168275554,139.29474054137813,137.78160168275554,138.6095428466797,2593400,0.0,0.0
2017-10-11 00:00:00-04:00,138.56197901660693,140.00849465526795,138.56197901660693,139.75155639648438,3341900,0.0,0.0
2017-10-12 00:00:00-04:00,139.73254246289028,140.99825474931663,139.361394839142,139.6468963623047,3226200,0.0,0.0
2017-10-13 00:00:00-04:00,140.37963049905937,141.2741949374487,140.1702637359807,140.2178497314453,2337300,0.0,0.0
2017-10-16 00:00:00-04:00,140.88400976315413,140.88400976315413,138.14323358975565,139.15199279785156,2590100,0.0,0.0
2017-10-17 00:00:00-04:00,139.2567111347994,139.38043184952224,138.49537858172377,138.87603759765625,3002400,0.0,0.0
2017-10-18 00:00:00-04:00,138.7808447679246,139.6754092009238,138.56196661555467,139.12344360351562,2525900,0.0,0.0
2017-10-19 00:00:00-04:00,138.3621392554643,139.05684845784185,137.66743005308675,137.97195434570312,4169900,0.0,0.0
2017-10-20 00:00:00-04:00,138.59046969767252,138.68562713550457,137.58171082519902,138.35255432128906,3547300,0.0,0.0
2017-10-23 00:00:00-04:00,138.9426134922249,139.41844436034896,138.27645318109234,138.5238800048828,2514500,0.0,0.0
2017-10-24 00:00:00-04:00,139.12345162700953,139.40895309333527,138.32405913826375,138.75230407714844,2918400,0.0,0.0
2017-10-25 00:00:00-04:00,139.4184779087196,139.8752715860997,138.1908403628827,139.17105102539062,3439700,0.0,0.0
2017-10-26 00:00:00-04:00,139.89435065674522,140.24646104222217,139.27577600314297,139.50416564941406,2574900,0.0,0.0
2017-10-27 00:00:00-04:00,139.7325245672867,141.34083557128906,138.9997408066329,141.34083557128906,3491900,0.0,0.0
2017-10-30 00:00:00-04:00,143.98644168719758,144.1577338510625,141.3979202777175,141.75003051757812,6555700,0.0,0.0
2017-10-31 00:00:00-04:00,143.34885784579433,144.65263019484212,139.08540144793807,141.57876586914062,7613700,0.0,0.0
2017-11-01 00:00:00-04:00,142.70170673296101,144.16727427024844,141.58826399217477,141.6929473876953,4531700,0.0,0.0
2017-11-02 00:00:00-04:00,141.15993592338432,141.99740259456772,140.34150654596434,141.08380126953125,3883600,0.0,0.0
2017-11-03 00:00:00-04:00,141.23617091231185,142.14024697212778,140.5700103693533,142.07362365722656,2338700,0.0,0.0
2017-11-06 00:00:00-05:00,141.9974626569226,143.1870398992957,141.759547208448,142.8349151611328,3142900,0.0,0.0
2017-11-07 00:00:00-05:00,143.04431049083507,143.20609128556902,141.72150091393095,142.7207489013672,2683400,0.0,0.0
2017-11-08 00:00:00-05:00,142.2449179093699,142.97770170298438,141.0363031237581,142.7207489013672,3786800,0.0,0.0
2017-11-09 00:00:00-05:00,142.05460087114972,142.625589398881,140.45580104683845,142.07362365722656,2716400,0.0,0.0
2017-11-10 00:00:00-05:00,141.7975715524895,142.52082910592958,141.52159609114617,142.31146240234375,1795900,0.0,0.0
2017-11-13 00:00:00-05:00,141.56923147207073,142.93962705203575,141.55020868766695,142.45428466796875,1750500,0.0,0.0
2017-11-14 00:00:00-05:00,142.06410936180023,143.21562682919708,141.84523115670214,142.70172119140625,3062300,0.0,0.0
2017-11-15 00:00:00-05:00,142.14969486319077,142.28292691226423,140.94109503274,141.15997314453125,3058100,0.0,0.0
2017-11-16 00:00:00-05:00,141.79762712789966,143.26318010619852,141.41696816556995,143.06333923339844,2715400,0.0,0.0
2017-11-17 00:00:00-05:00,142.1116785259326,142.29249661701397,141.11243058973108,141.81666564941406,3186400,0.0,0.0
2017-11-20 00:00:00-05:00,142.14019119532566,143.02522960055873,142.01647052832124,142.3305206298828,2048700,0.0,0.0
2017-11-21 00:00:00-05:00,142.72076982509958,145.25219455873776,142.68269520828053,145.1379852294922,3999000,0.0,0.0
2017-11-22 00:00:00-05:00,145.0427585363788,145.1759905892632,143.653326109552,143.93882751464844,2658600,0.0,0.0
2017-11-24 00:00:00-05:00,144.0815738247816,145.60423833480402,143.89124439133005,145.3568115234375,1577500,0.0,0.0
2017-11-27 00:00:00-05:00,145.670886104651,146.49882726597198,145.33779864922832,145.57571411132812,3260200,0.0,0.0
2017-11-28 00:00:00-05:00,146.08958732440658,147.1744811185784,145.94684387301777,146.73672485351562,3874500,0.0,0.0
2017-11-29 00:00:00-05:00,146.88900207231652,147.0031968395354,138.2574227269319,141.1790313720703,7217000,0.0,0.0
2017-11-30 00:00:00-05:00,142.1021735133666,143.8627394597951,141.04582813702575,143.1965789794922,6943700,0.0,0.0
2017-12-01 00:00:00-05:00,143.1299565445399,143.69144815105992,140.22739911113032,142.45428466796875,3933000,0.0,0.0
2017-12-04 00:00:00-05:00,142.67311562939034,143.3107272048767,136.44925470540358,136.496826171875,7490100,0.0,0.0
2017-12-05 00:00:00-05:00,136.75384642560314,139.2472111033967,133.81321390213992,138.11473083496094,6807100,0.0,0.0
2017-12-06 00:00:00-05:00,138.05763945444886,140.91262599510372,137.62937985638067,140.29403686523438,3752000,0.0,0.0
2017-12-07 00:00:00-05:00,140.3796342830835,143.13946236114646,140.3796342830835,142.22586059570312,3417900,0.0,0.0
2017-12-08 00:00:00-05:00,143.14898721023005,143.16802451496028,141.9594097857455,142.6446075439453,2521500,0.0,0.0
2017-12-11 00:00:00-05:00,142.95860032642724,143.938810568936,142.8444055863145,143.58670043945312,3394800,0.0,0.0
2017-12-12 00:00:00-05:00,143.53920494358925,146.29901939157213,143.3298381072637,145.12847900390625,3360300,0.0,0.0
2017-12-13 00:00:00-05:00,145.12838748330677,146.02295167053077,144.32899526029072,144.3575439453125,3618700,0.0,0.0
2017-12-14 00:00:00-05:00,144.5764718851482,146.12768540511235,144.44323980204263,144.5859832763672,3016700,0.0,0.0
2017-12-15 00:00:00-05:00,145.27116273330444,146.19427580777875,143.56769456194206,145.9849090576172,5067300,0.0,0.0
2017-12-18 00:00:00-05:00,146.689097809246,147.17443992934244,145.6613016832757,145.71839904785156,3531500,0.0,0.0
2017-12-19 00:00:00-05:00,145.56619342620021,145.75652287948623,144.1101375316065,144.34805297851562,2712700,0.0,0.0
2017-12-20 00:00:00-05:00,145.13795548780817,145.34732227377472,143.73901129121737,144.1291961669922,1992500,0.0,0.0
2017-12-21 00:00:00-05:00,144.12920465137773,144.8714998376069,143.15850536122824,143.25367736816406,2789000,0.0,0.0
2017-12-22 00:00:00-05:00,143.64382783568263,144.19579339694425,143.0442762823594,143.5581817626953,1892300,0.0,0.0
2017-12-26 00:00:00-05:00,143.30126200677392,144.02451988048546,142.6446129203155,143.96742248535156,1200700,0.0,0.0
2017-12-27 00:00:00-05:00,144.23388866595857,144.44325546514318,143.7961322830886,144.0816192626953,1730200,0.0,0.0
2017-12-28 00:00:00-05:00,144.51928555825535,145.24254291842055,143.891185615344,144.4336395263672,1570600,0.0,0.0
2017-12-29 00:00:00-05:00,144.8524516788201,145.50908613529802,144.0435333251953,144.0435333251953,2258800,0.0,0.0
2018-01-02 00:00:00-05:00,144.6620977701438,145.9944329363697,143.81511939126554,144.5669403076172,3168900,0.0,0.0
2018-01-03 00:00:00-05:00,144.92863277811693,146.5369442498004,144.80492656421185,146.3846893310547,3732400,0.0,0.0
2018-01-04 00:00:00-05:00,147.06984280513745,149.79159677472782,146.86049051936288,148.27845764160156,3247200,0.0,0.0
2018-01-05 00:00:00-05:00,148.64957874069327,151.352294921875,148.64006734978474,151.352294921875,2747700,0.0,0.0
2018-01-08 00:00:00-05:00,151.15213165164224,152.96313003897157,150.6755515977062,151.809814453125,3143100,0.25,0.0
2018-01-09 00:00:00-05:00,152.17195985497773,152.61041977274638,151.11395187016728,152.02899169921875,2573900,0.0,0.0
2018-01-10 00:00:00-05:00,151.7717119925798,152.47705585739786,150.18947693247938,152.37220764160156,2416900,0.0,0.0
2018-01-11 00:00:00-05:00,152.60096922071426,153.58272316215525,151.97187993472141,153.38255310058594,2804000,0.0,0.0
2018-01-12 00:00:00-05:00,153.9353463692439,154.9075736818097,152.74389631994632,154.72647094726562,3041000,0.0,0.0
2018-01-16 00:00:00-05:00,155.97512651354714,156.2610774676348,153.75426161663282,154.6883544921875,4673400,0.0,0.0
2018-01-17 00:00:00-05:00,155.4794719932286,156.79483759493564,155.25072287576236,156.62327575683594,3136000,0.0,0.0
2018-01-18 00:00:00-05:00,157.1093641726122,158.20549235238514,156.42308781071472,157.72891235351562,4150600,0.0,0.0
2018-01-19 00:00:00-05:00,158.5106036558309,159.13015220071142,157.42400120180562,159.01577758789062,2947800,0.0,0.0
2018-01-22 00:00:00-05:00,158.77744231099908,160.44547281279995,158.5010176831633,160.39781188964844,2275900,0.0,0.0
2018-01-23 00:00:00-05:00,160.6074629797086,161.03638207885277,158.84411112936664,159.35882568359375,3035300,0.0,0.0
2018-01-24 00:00:00-05:00,160.073702275165,160.22621137483807,158.17690852616033,159.187255859375,3912400,0.0,0.0
2018-01-25 00:00:00-05:00,160.14041797809492,161.01732349640318,159.30164700723006,160.69325256347656,2088900,0.0,0.0
2018-01-26 00:00:00-05:00,161.09356257437867,162.38033436173407,160.8838662157864,162.36126708984375,2191600,0.0,0.0
2018-01-29 00:00:00-05:00,162.151620688903,162.80930360310865,160.4073356472489,160.65516662597656,3082800,0.0,0.0
2018-01-30 00:00:00-05:00,159.56852205100958,160.13088297086674,158.51051384961792,159.35882568359375,4227100,0.0,0.0
2018-01-31 00:00:00-05:00,159.66389222362645,161.72272216344592,159.19685293918133,161.0841064453125,5815300,0.0,0.0
2018-02-01 00:00:00-05:00,164.42966103314745,168.4424718786143,162.99039436555094,164.82998657226562,6848400,0.0,0.0
2018-02-02 00:00:00-05:00,163.84818908689522,168.81415881061588,162.43751643754283,162.56143188476562,6556500,0.0,0.0
2018-02-05 00:00:00-05:00,159.53041462932129,163.90543090783052,156.32779584362527,156.88063049316406,7196000,0.0,0.0
2018-02-06 00:00:00-05:00,152.98222150050648,161.42722197320072,149.45553145261127,161.35096740722656,7259900,0.0,0.0
2018-02-07 00:00:00-05:00,161.08403267567616,164.52494070098433,159.60663183403855,160.82667541503906,4364800,0.0,0.0
2018-02-08 00:00:00-05:00,160.86483653250232,161.31282294966462,152.94407831120978,153.09657287597656,6557700,0.0,0.0
2018-02-09 00:00:00-05:00,154.09739727861097,158.69163611041807,151.14260958658238,157.46205139160156,6303000,0.0,0.0
2018-02-12 00:00:00-05:00,158.98710452822857,160.91249196550314,157.82424806508865,160.31199645996094,5227400,0.0,0.0
2018-02-13 00:00:00-05:00,159.49224069011007,162.7711129267415,159.18722255457914,162.15155029296875,3471000,0.0,0.0
2018-02-14 00:00:00-05:00,161.4272191297704,164.57265083646146,161.08408086096645,164.439208984375,4203700,0.0,0.0
2018-02-15 00:00:00-05:00,165.80223972435854,166.51710998578355,163.3335579121483,166.50758361816406,3915000,0.0,0.0
2018-02-16 00:00:00-05:00,166.18346518112088,168.39478899602747,165.98329516563476,167.4225616455078,4213100,0.0,0.0
2018-02-20 00:00:00-05:00,166.68859513884723,168.16598123490468,165.8879298309711,167.13658142089844,3750100,0.0,0.0
2018-02-21 00:00:00-05:00,167.13662426662893,168.08978433762408,164.2104158675209,164.24855041503906,5999500,0.0,0.0
2018-02-22 00:00:00-05:00,165.22077667601448,165.68783038471693,162.79975629784,164.8490447998047,5605800,0.0,0.0
2018-02-23 00:00:00-05:00,165.75454161158828,167.54648731897933,164.41059687511444,167.5274200439453,3093800,0.0,0.0
2018-02-26 00:00:00-05:00,168.23276473961147,169.7959467877238,167.8133719508865,169.53858947753906,4088100,0.0,0.0
2018-02-27 00:00:00-05:00,169.39561788645824,170.77769715324789,167.689453125,167.689453125,3815900,0.0,0.0
2018-02-28 00:00:00-05:00,168.03259375182566,170.58707047581305,167.51789367846303,167.5274200439453,4145700,0.0,0.0
2018-03-01 00:00:00-05:00,168.0898238150836,169.04298410993732,164.08653894144044,165.36378479003906,4658500,0.0,0.0
2018-03-02 00:00:00-05:00,163.5242170043912,167.11763624856457,161.3414858060401,166.82215881347656,4190100,0.0,0.0
2018-03-05 00:00:00-05:00,165.97375026419743,170.87299192923825,164.8108939370339,170.1676483154297,4826500,0.0,0.0
2018-03-06 00:00:00-05:00,170.7872009724303,171.65458005870775,168.6616582553033,169.21449279785156,3820900,0.0,0.0
2018-03-07 00:00:00-05:00,167.52741246472155,171.2924064618184,167.3272569901629,170.81582641601562,2766100,0.0,0.0
2018-03-08 00:00:00-05:00,170.9492494285995,171.4639494220169,169.24308490776554,170.8539276123047,2235300,0.0,0.0
2018-03-09 00:00:00-05:00,171.80711984369486,174.74285489893376,171.5402361608613,174.65707397460938,4168900,0.0,0.0
2018-03-12 00:00:00-04:00,174.26627750222812,174.92396035365877,173.18920184443186,173.98985290527344,3589000,0.0,0.0
2018-03-13 00:00:00-04:00,174.87625877953778,175.1240751329263,171.71176073562256,172.53147888183594,3286600,0.0,0.0
2018-03-14 00:00:00-04:00,173.4656317619985,173.47515812822806,171.20663217552556,171.68321228027344,2820700,0.0,0.0
2018-03-15 00:00:00-04:00,172.1121285052039,173.6371759588504,171.58788753448485,172.4743194580078,2258200,0.0,0.0
2018-03-16 00:00:00-04:00,172.53149973124516,174.59032898133188,172.53149973124516,173.99937438964844,4605000,0.0,0.0
2018-03-19 00:00:00-04:00,173.27497393985684,173.76109491522124,170.72051176809094,172.1216583251953,3770000,0.0,0.0
2018-03-20 00:00:00-04:00,172.81746863580926,174.66660169844013,172.73168771081794,173.9612579345703,2859300,0.0,0.0
2018-03-21 00:00:00-04:00,174.39019711272735,174.90489722287506,172.27418029887593,172.28370666503906,3238400,0.0,0.0
2018-03-22 00:00:00-04:00,170.80631352727104,171.81666106306702,166.90789160365398,167.29869079589844,4387300,0.0,0.0
2018-03-23 00:00:00-04:00,167.92773165709693,168.58541442267884,163.61945867642004,163.781494140625,4324100,0.0,0.0
2018-03-26 00:00:00-04:00,167.117557364251,169.15731933895083,164.95387992594453,168.87136840820312,5470100,0.0,0.0
2018-03-27 00:00:00-04:00,170.0056613057982,170.13910315788468,162.96180770080045,164.439208984375,5069100,0.0,0.0
2018-03-28 00:00:00-04:00,164.1818327842797,164.82997469307304,160.655143203678,162.37083435058594,5166600,0.0,0.0
2018-03-29 00:00:00-04:00,163.6766925535652,168.38530689707844,162.8188540766971,166.95556640625,3719200,0.0,0.0
2018-04-02 00:00:00-04:00,166.45990234175346,167.5369780580617,161.12219922469947,163.5623016357422,4222400,0.0,0.0
2018-04-03 00:00:00-04:00,164.28664657662029,164.79182017740965,161.85608583950065,164.39149475097656,3612600,0.0,0.0
2018-04-04 00:00:00-04:00,161.255695220066,165.85946243191086,160.0737854436929,165.55445861816406,4628300,0.0,0.0
2018-04-05 00:00:00-04:00,166.92689062173505,169.1286875671407,166.3645152519039,167.5655059814453,3434100,0.0,0.0
2018-04-06 00:00:00-04:00,165.4847061456486,167.18374625193948,161.27529473892918,161.98162841796875,5005500,0.25,0.0
2018-04-09 00:00:00-04:00,163.48022292271693,166.1719548080233,162.4016134433123,162.59251403808594,3910700,0.0,0.0
2018-04-10 00:00:00-04:00,165.26519100201884,167.47012451871618,164.19613585811322,166.77333068847656,3149900,0.0,0.0
2018-04-11 00:00:00-04:00,165.79969516026296,167.6132872401748,164.29155568677993,164.52064514160156,2783000,0.0,0.0
2018-04-12 00:00:00-04:00,165.44655870945252,168.45328371160818,165.28429244428324,166.84970092773438,3065600,0.0,0.0
2018-04-13 00:00:00-04:00,167.99506101020063,168.0905185753228,164.84515070330346,166.34375,3059600,0.0,0.0
2018-04-16 00:00:00-04:00,167.6323809444221,168.09055989189315,165.1029150595185,165.96197509765625,4668200,0.0,0.0
2018-04-17 00:00:00-04:00,167.77555047353437,171.03999868122654,166.7255753636999,170.22865295410156,4210200,0.0,0.0
2018-04-18 00:00:00-04:00,170.38137103947244,171.6222466826881,169.0164180272819,171.29771423339844,3150600,0.0,0.0
2018-04-19 00:00:00-04:00,170.93503306959138,171.4027519903076,170.1523215571419,170.8682098388672,3560400,0.0,0.0
2018-04-20 00:00:00-04:00,170.41001800136598,171.3263612630594,168.47234852907533,169.02597045898438,4233000,0.0,0.0
2018-04-23 00:00:00-04:00,170.0568008945158,170.23816150679426,166.7541647206317,167.45095825195312,4355000,0.0,0.0
2018-04-24 00:00:00-04:00,168.64413880872644,169.47457890773904,163.40384724473768,165.36061096191406,5369000,0.0,0.0
2018-04-25 00:00:00-04:00,165.48471616545052,165.96197497846944,162.88842705744491,164.6256561279297,3396200,0.0,0.0
2018-04-26 00:00:00-04:00,166.5824258130404,171.46001162979027,166.29606760257926,170.05686950683594,4784400,0.0,0.0
2018-04-27 00:00:00-04:00,170.41960378381702,170.85868838594033,167.2124233521934,167.9378662109375,3781000,0.0,0.0
2018-04-30 00:00:00-04:00,169.4172970578326,171.81313046713703,169.04503585774498,170.1618194580078,4323900,0.0,0.0
2018-05-01 00:00:00-04:00,170.1618325686723,172.15677057503336,168.86368823364305,172.05177307128906,4828300,0.0,0.0
2018-05-02 00:00:00-04:00,177.7311301559641,179.68789366393221,174.7912149288551,177.36842346191406,10133100,0.0,0.0
2018-05-03 00:00:00-04:00,176.20396036277245,179.3443169576604,175.57397523128554,177.99844360351562,5785700,0.0,0.0
2018-05-04 00:00:00-04:00,177.33983081783214,180.20338381680415,176.690765795828,179.61158752441406,3593600,0.0,0.0
2018-05-07 00:00:00-04:00,179.73565065458294,180.90016318590878,179.09612566849114,180.499267578125,4077300,0.0,0.0
2018-05-08 00:00:00-04:00,180.29883422589978,181.9883345061198,179.46840855001443,181.86424255371094,3396400,0.0,0.0
2018-05-09 00:00:00-04:00,181.84511901939356,182.96190271798687,180.40380287466837,181.9596710205078,2933900,0.0,0.0
2018-05-10 00:00:00-04:00,182.35101803440818,184.9091325255306,182.25557502262635,184.2696075439453,2821200,0.0,0.0
2018-05-11 00:00:00-04:00,184.22188227870257,185.26230288514353,183.30553904642898,184.55596923828125,3301700,0.0,0.0
2018-05-14 00:00:00-04:00,184.69916651682152,185.86367922283378,182.8760342975157,183.38192749023438,2877200,0.0,0.0
2018-05-15 00:00:00-04:00,182.32238691041857,183.45826509368635,181.5015012576623,183.26736450195312,2747500,0.0,0.0
2018-05-16 00:00:00-04:00,183.9260098379305,184.136004887859,182.73286276551133,183.63011169433594,2109300,0.0,0.0
2018-05-17 00:00:00-04:00,183.31513006328302,183.68739138951034,181.92152779099513,182.5037841796875,2378300,0.0,0.0
2018-05-18 00:00:00-04:00,182.9046708006833,183.35329526962795,181.73061814770105,181.7401580810547,4208500,0.0,0.0
2018-05-21 00:00:00-04:00,182.7901424071203,184.05965271573763,181.36790576856757,182.5037841796875,2632600,0.0,0.0
2018-05-22 00:00:00-04:00,182.48465777580083,183.87825980392864,182.16012530513476,182.90464782714844,2620200,0.0,0.0
2018-05-23 00:00:00-04:00,182.06467688998728,184.22188124046622,181.64468685109475,184.21234130859375,2529900,0.0,0.0
2018-05-24 00:00:00-04:00,184.13594434605403,184.60364852320504,181.35829537917346,183.18142700195312,2912900,0.0,0.0
2018-05-25 00:00:00-04:00,183.02873482551846,183.16236669599405,181.09106542123132,182.47511291503906,2459600,0.0,0.0
2018-05-29 00:00:00-04:00,181.59693692668841,181.82602634799812,178.11295421235113,180.90968322753906,4545000,0.0,0.0
2018-05-30 00:00:00-04:00,181.768743877736,183.20051999653685,181.26285081427542,183.0382537841797,2764200,0.0,0.0
2018-05-31 00:00:00-04:00,183.16238539624092,183.68737299984508,181.1865414978546,181.47288513183594,4641400,0.0,0.0
2018-06-01 00:00:00-04:00,183.2959550361485,186.48403930664062,183.17186312704075,186.48403930664062,4194900,0.0,0.0
2018-06-04 00:00:00-04:00,187.0281602056266,189.09946142095032,186.3504463760173,188.7367401123047,3917200,0.0,0.0
2018-06-05 00:00:00-04:00,189.0994405438564,190.626674192382,188.83217684008133,190.29258728027344,2655500,0.0,0.0
2018-06-06 00:00:00-04:00,190.7698894880081,194.04387788841427,190.68398639893928,193.967529296875,3233100,0.0,0.0
2018-06-07 00:00:00-04:00,194.1297436867927,194.7215397842312,189.28079379145112,190.46438598632812,4084100,0.0,0.0
2018-06-08 00:00:00-04:00,190.1398440918204,191.4093538542341,189.94894354392787,190.94163513183594,2296700,0.0,0.0
2018-06-11 00:00:00-04:00,191.48574579057131,191.85800701263148,189.24262396227266,189.46217346191406,2616900,0.0,0.0
2018-06-12 00:00:00-04:00,190.06353109636123,191.04668301389165,189.17583676034687,191.02760314941406,2660500,0.0,0.0
2018-06-13 00:00:00-04:00,191.50484450887194,192.44980748193282,190.1494314503636,190.34033203125,2686100,0.0,0.0
2018-06-14 00:00:00-04:00,191.54304810377994,192.2303019519402,189.99673422781086,190.24490356445312,2846900,0.0,0.0
2018-06-15 00:00:00-04:00,189.51944148464835,190.58849636156808,188.58401846734358,190.45486450195312,4162100,0.0,0.0
2018-06-18 00:00:00-04:00,188.65084525486157,192.28755473708856,188.43131029969436,191.98211669921875,2081300,0.0,0.0
2018-06-19 00:00:00-04:00,189.4335525146663,190.8366798627045,188.29767434097602,190.60760498046875,2666200,0.0,0.0
2018-06-20 00:00:00-04:00,191.38078220792127,194.20616076273723,191.142152803672,192.37347412109375,3898600,0.0,0.0
2018-06-21 00:00:00-04:00,193.2039244883376,194.41615143887944,190.88443898365614,191.64805603027344,2678200,0.0,0.0
2018-06-22 00:00:00-04:00,192.4020950104081,192.68843860195193,190.53123434523013,192.31617736816406,2993600,0.0,0.0
2018-06-25 00:00:00-04:00,191.2757438484163,191.32347263203226,184.89957451933935,186.11180114746094,4780600,0.0,0.0
2018-06-26 00:00:00-04:00,187.25725780232148,189.62447196256934,186.85636215375922,187.5245361328125,4271200,0.0,0.0
2018-06-27 00:00:00-04:00,188.47902490451352,189.18535850661843,184.37459689516905,184.3936767578125,3233000,0.0,0.0
2018-06-28 00:00:00-04:00,184.66097832753348,188.75585235701448,184.4223489313805,188.1354217529297,2621100,0.0,0.0
2018-06-29 00:00:00-04:00,189.18536955188702,189.29036706167875,187.2572400833396,187.581787109375,3006900,0.0,0.0
2018-07-02 00:00:00-04:00,186.83723185976825,188.96580147813918,185.89225443728014,188.679443359375,3018300,0.0,0.0
2018-07-03 00:00:00-04:00,189.30946761240244,189.54809700012066,187.2190718456256,187.36224365234375,1567400,0.0,0.0
2018-07-05 00:00:00-04:00,188.99443419024604,189.9107772493681,188.1830886215986,189.82485961914062,3101900,0.0,0.0
2018-07-06 00:00:00-04:00,189.33749130641388,191.39228131918614,188.73538367098402,190.68505859375,2050300,0.25,0.0
2018-07-09 00:00:00-04:00,191.9082982365103,192.66330951567315,190.42693148649303,192.03253173828125,2377300,0.0,0.0
2018-07-10 00:00:00-04:00,192.4244290888339,193.77199616258727,191.25845092924607,192.59646606445312,2265100,0.0,0.0
2018-07-11 00:00:00-04:00,191.59299796697454,195.11003704991052,191.38273861059082,194.8137664794922,2827900,0.0,0.0
2018-07-12 00:00:00-04:00,195.92235701219133,199.92682117905545,195.6834273085179,198.57925415039062,3970800,0.0,0.0
2018-07-13 00:00:00-04:00,197.92939157343994,198.34034370376426,194.43145687209676,196.79208374023438,2590800,0.0,0.0
2018-07-16 00:00:00-04:00,196.5149220761883,196.8780999368429,194.7372842798418,195.04312133789062,2955000,0.0,0.0
2018-07-17 00:00:00-04:00,194.01095169536188,197.54710898205352,192.7016213677582,197.23171997070312,2919000,0.0,0.0
2018-07-18 00:00:00-04:00,197.4993200953226,199.15272441977854,196.2855674984831,199.13360595703125,3595400,0.0,0.0
2018-07-19 00:00:00-04:00,199.1336428028528,199.46815033881043,196.64876717803963,196.93548583984375,2264600,0.0,0.0
2018-07-20 00:00:00-04:00,197.05969320386853,198.168330689023,197.050126681148,197.55667114257812,2801000,0.0,0.0
2018-07-23 00:00:00-04:00,197.54707780475186,198.75129285496783,196.54357012394252,198.6365966796875,2717900,0.0,0.0
2018-07-24 00:00:00-04:00,199.4967754015805,201.0832577478084,199.08580867701232,200.29957580566406,3509100,0.0,0.0
2018-07-25 00:00:00-04:00,200.70097875411733,204.79145467826643,200.36647128961496,204.67677307128906,4967900,0.0,0.0
2018-07-26 00:00:00-04:00,200.84432108247344,202.42126601797509,195.50185592927346,198.1874237060547,7279900,0.0,0.0
2018-07-27 00:00:00-04:00,202.31613848900363,202.37347929033325,192.3097603298172,193.95359802246094,4913000,0.0,0.0
2018-07-30 00:00:00-04:00,193.96313135224202,194.32630916996948,187.51202932556137,189.1080780029297,5939300,0.0,0.0
2018-07-31 00:00:00-04:00,190.20719829713926,191.73633993789554,187.54073413694277,189.23236083984375,4416600,0.0,0.0
2018-08-01 00:00:00-04:00,190.44611884438345,192.44356794568432,189.56685916222875,192.2906494140625,4614200,0.0,0.0
2018-08-02 00:00:00-04:00,190.27409110454727,193.23682582057944,189.1081127646725,193.06478881835938,3615000,0.0,0.0
2018-08-03 00:00:00-04:00,193.06477942861645,193.46617963678835,189.4999518359765,192.2906494140625,2722800,0.0,0.0
2018-08-06 00:00:00-04:00,192.09951874319785,193.49487489790295,191.63121118390262,192.6156005859375,3061300,0.0,0.0
2018-08-07 00:00:00-04:00,193.53309975732935,194.1543112813292,193.01701790788033,193.6477813720703,2422200,0.0,0.0
2018-08-08 00:00:00-04:00,193.4566023563603,194.56523969072742,193.1316614565633,193.8771209716797,2697900,0.0,0.0
2018-08-09 00:00:00-04:00,194.19254806806973,195.5974561800908,193.67645163587864,194.5843963623047,2444900,0.0,0.0
2018-08-10 00:00:00-04:00,193.9822438728873,194.8806218683217,193.20811398668442,193.67640686035156,2567000,0.0,0.0
2018-08-13 00:00:00-04:00,193.67644241297788,195.29160979703417,192.9501012495403,193.35150146484375,2014000,0.0,0.0
2018-08-14 00:00:00-04:00,193.82939379796824,195.01449076527481,192.47227438771148,194.85202026367188,2076600,0.0,0.0
2018-08-15 00:00:00-04:00,193.67645598789161,194.0587523505337,190.66594687055002,191.37318420410156,2955700,0.0,0.0
2018-08-16 00:00:00-04:00,192.9978993049984,195.1864894223746,191.92749867988323,194.5843963623047,2894000,0.0,0.0
2018-08-17 00:00:00-04:00,194.83289676386687,195.54013414943867,193.0648105914955,194.21168518066406,2308900,0.0,0.0
2018-08-20 00:00:00-04:00,194.46013732274292,195.9032676977086,193.39928869728308,195.68345642089844,2469300,0.0,0.0
2018-08-21 00:00:00-04:00,195.92238100526038,196.81119261187752,193.65733180364956,194.09695434570312,1979600,0.0,0.0
2018-08-22 00:00:00-04:00,193.53310558296477,196.13266253818517,193.2941758229858,195.26295471191406,1905300,0.0,0.0
2018-08-23 00:00:00-04:00,195.43495869656144,196.83986661447733,195.13867359443876,196.13262939453125,2247600,0.0,0.0
2018-08-24 00:00:00-04:00,196.87810952488036,200.22312594884676,196.46715736411647,200.12754821777344,2722600,0.0,0.0
2018-08-27 00:00:00-04:00,200.87299688315105,202.37348259698777,200.87299688315105,202.16322326660156,2550200,0.0,0.0
2018-08-28 00:00:00-04:00,202.3256971161008,203.5968050590056,201.59935597006108,203.2145233154297,2240200,0.0,0.0
2018-08-29 00:00:00-04:00,203.0903189148674,206.30153583491656,203.04253004085228,205.06866455078125,3172100,0.0,0.0
2018-08-30 00:00:00-04:00,204.7627885136862,205.7471778822487,203.40566933162052,204.3327178955078,3083000,0.0,0.0
2018-08-31 00:00:00-04:00,204.12249646291255,206.2441941285914,204.046037181442,206.0148162841797,3020000,0.0,0.0
2018-09-04 00:00:00-04:00,206.129475693252,207.72553932432348,205.17375665257532,207.21900939941406,3776500,0.0,0.0
2018-09-05 00:00:00-04:00,206.20593008073607,206.21549660410992,200.9972643490828,201.80963134765625,3869500,0.0,0.0
2018-09-06 00:00:00-04:00,202.0772348306387,203.82620241238575,201.1501862012463,203.3483428955078,3032800,0.0,0.0
2018-09-07 00:00:00-04:00,201.6758440641196,203.79754158541525,200.41428788038021,201.74273681640625,3298500,0.0,0.0
2018-09-10 00:00:00-04:00,203.24320992468574,204.02689193644522,202.0198907479527,202.2970428466797,3326300,0.0,0.0
2018-09-11 00:00:00-04:00,201.1979349928747,204.1033138601985,200.79653482862608,203.99818420410156,2728500,0.0,0.0
2018-09-12 00:00:00-04:00,203.61596585365686,204.963533342064,202.4786577428643,204.5525665283203,2291300,0.0,0.0
2018-09-13 00:00:00-04:00,205.25980931981496,209.00622669973447,204.877512903629,207.601318359375,3898000,0.0,0.0
2018-09-14 00:00:00-04:00,208.34670927590273,209.13040573270598,206.8366717431039,208.30848693847656,2638000,0.0,0.0
2018-09-17 00:00:00-04:00,210.2295074323603,210.2390593723407,206.54043154701435,206.88449096679688,2500900,0.0,0.0
2018-09-18 00:00:00-04:00,207.8306756030469,211.1756923516566,207.67775705173412,210.3059844970703,2851000,0.0,0.0
2018-09-19 00:00:00-04:00,210.86029231634188,211.60575198623712,207.54394614609112,208.52833557128906,2883000,0.0,0.0
2018-09-20 00:00:00-04:00,210.2391023701976,212.09319992360608,209.20692389975005,211.586669921875,3108500,0.0,0.0
2018-09-21 00:00:00-04:00,212.30341344945313,213.47894371055997,211.10876472549091,212.07403564453125,7177800,0.0,0.0
2018-09-24 00:00:00-04:00,210.65006829137738,212.3034583920761,208.54748900873068,211.54844665527344,2520000,0.0,0.0
2018-09-25 00:00:00-04:00,212.09313038240452,213.16353085274187,211.42413008844366,212.28427124023438,2181300,0.0,0.0
2018-09-26 00:00:00-04:00,212.76216551277463,214.4251218727136,211.88290575630236,212.41810607910156,2963600,0.0,0.0
2018-09-27 00:00:00-04:00,212.82910507654506,213.70836496617665,212.22699733065235,212.46592712402344,2645200,0.0,0.0
2018-09-28 00:00:00-04:00,212.29382253405436,213.78474153453956,211.2616444760773,212.7525634765625,2955000,0.0,0.0
2018-10-01 00:00:00-04:00,214.8838636118699,215.3712896512859,213.21135530620506,213.8612518310547,2955500,0.0,0.0
2018-10-02 00:00:00-04:00,213.6031909856696,213.8230022667229,211.2234454871833,212.52322387695312,3060700,0.0,0.0
2018-10-03 00:00:00-04:00,213.87078423458874,214.396432570689,212.69525401611995,213.24957275390625,2662400,0.0,0.0
2018-10-04 00:00:00-04:00,212.23654413074624,212.31298882437716,205.08775487763234,206.57867431640625,5664900,0.0,0.0
2018-10-05 00:00:00-04:00,207.10491913073923,207.81297540229784,202.7035296859196,204.05264282226562,4268300,0.25,0.0
2018-10-08 00:00:00-04:00,202.56000706495985,202.65569547935135,194.47483244895218,199.26852416992188,5611000,0.0,0.0
2018-10-09 00:00:00-04:00,199.07716499951135,201.88067206422744,197.76631838222224,200.70376586914062,5659400,0.0,0.0
2018-10-10 00:00:00-04:00,200.29228725853207,200.29228725853207,187.54736436199778,188.19801330566406,8455000,0.0,0.0
2018-10-11 00:00:00-04:00,186.24612237650632,191.10679883356616,184.5812549514517,186.11216735839844,9185200,0.0,0.0
2018-10-12 00:00:00-04:00,191.91053099893816,195.99616608419177,190.9249871301288,195.40293884277344,6160300,0.0,0.0
2018-10-15 00:00:00-04:00,194.9245426471947,195.0010904590729,190.9154404250868,191.6713409423828,3969200,0.0,0.0
2018-10-16 00:00:00-04:00,193.9294030251423,199.13453655603223,193.78588502704784,198.80921936035156,4694900,0.0,0.0
2018-10-17 00:00:00-04:00,198.66568953688233,199.01971031110918,195.85262014167742,198.42648315429688,4431200,0.0,0.0
2018-10-18 00:00:00-04:00,198.03422957173987,198.2734360127745,193.52757379864659,194.828857421875,6264500,0.0,0.0
2018-10-19 00:00:00-04:00,195.0680409683564,198.48391555342096,194.235607323257,194.2930145263672,4832500,0.0,0.0
2018-10-22 00:00:00-04:00,194.9245753963011,197.35490678174278,193.16401922731936,195.6708984375,4045100,0.0,0.0
2018-10-23 00:00:00-04:00,190.87717585670106,194.9341077295373,188.11194999809237,193.6902313232422,5076800,0.0,0.0
2018-10-24 00:00:00-04:00,193.89113038317754,194.68529734788353,186.94458209189293,187.24119567871094,4415900,0.0,0.0
2018-10-25 00:00:00-04:00,188.49464750515432,196.2449408821684,187.26034887696335,195.3837890625,4940700,0.0,0.0
2018-10-26 00:00:00-04:00,190.5996492547194,193.67106573635394,187.27946338267188,188.96348571777344,6523600,0.0,0.0
2018-10-29 00:00:00-04:00,191.7000365388898,193.60411035481283,179.52921235871165,182.79197692871094,6623800,0.0,0.0
2018-10-30 00:00:00-04:00,184.26553520205812,185.2702053259357,175.81676067840937,179.6249237060547,9239200,0.0,0.0
2018-10-31 00:00:00-04:00,184.9065294178448,191.32683500041463,184.9065294178448,189.1356964111328,7683500,0.0,0.0
2018-11-01 00:00:00-04:00,190.30308807490204,191.36516532646402,186.5905991955675,191.0876922607422,4439000,0.0,0.0
2018-11-02 00:00:00-04:00,190.3317357079257,192.31237159458027,186.82018770888033,189.1835479736328,4261500,0.0,0.0
2018-11-05 00:00:00-05:00,189.64286062096508,190.53271615995467,185.90166843661552,189.43235778808594,3110800,0.0,0.0
2018-11-06 00:00:00-05:00,189.92988802661213,192.00619789686772,189.00176599520748,190.55181884765625,2916000,0.0,0.0
2018-11-07 00:00:00-05:00,193.46059122529542,199.38334466285724,193.03002257894633,199.2493896484375,4922800,0.0,0.0
2018-11-08 00:00:00-05:00,198.40738226683425,199.84262084960938,197.10609870111804,199.84262084960938,3922200,0.0,0.0
2018-11-09 00:00:00-05:00,198.4264998359686,199.00058644243768,194.63746399327184,196.7424774169922,3229700,0.0,0.0
2018-11-12 00:00:00-05:00,195.78568320446445,196.3884881079293,190.14998003715783,190.5422821044922,3507300,0.0,0.0
2018-11-13 00:00:00-05:00,191.15464099271892,193.51800168688274,189.0209237271385,189.61415100097656,2852000,0.0,0.0
2018-11-14 00:00:00-05:00,191.90097353915772,193.4988708184274,187.16468891138183,189.0496368408203,3218600,0.0,0.0
2018-11-15 00:00:00-05:00,188.5137904456503,192.4654703849583,185.93992715491424,192.0444793701172,3424600,0.0,0.0
2018-11-16 00:00:00-05:00,190.40826660871025,192.2358067419692,188.92518422517549,190.446533203125,2939500,0.0,0.0
2018-11-19 00:00:00-05:00,190.4465528754374,190.79101066074264,180.40946210362563,181.10794067382812,4488100,0.0,0.0
2018-11-20 00:00:00-05:00,174.12314903402296,180.6487077745893,169.74088526807128,178.98382568359375,7892900,0.0,0.0
2018-11-21 00:00:00-05:00,180.39990375843993,181.88298645346285,178.19921641743923,179.5579071044922,3950200,0.0,0.0
2018-11-23 00:00:00-05:00,176.89791549482624,178.18962125024638,174.39102258134517,174.7163543701172,2601000,0.0,0.0
2018-11-26 00:00:00-05:00,177.56771536748445,183.9306004399904,175.7497377753388,183.5670166015625,6917200,0.0,0.0
2018-11-27 00:00:00-05:00,182.5144915208873,184.70561582078128,181.27061526417862,184.64820861816406,3976300,0.0,0.0
2018-11-28 00:00:00-05:00,186.58100230963817,193.72849110457668,184.9256980181734,193.54669189453125,6203000,0.0,0.0
2018-11-29 00:00:00-05:00,193.32667891165542,193.32667891165542,187.83449290736317,188.1693878173828,5447700,0.0,0.0
2018-11-30 00:00:00-05:00,188.10235697374162,192.96303318134443,187.34647111035514,192.38894653320312,7944700,0.0,0.0
2018-12-03 00:00:00-05:00,197.11562379822954,200.8472521558771,197.04865360257895,200.79940795898438,6599900,0.0,0.0
2018-12-04 00:00:00-05:00,198.4360598926779,200.4741030854133,191.00152091917818,191.83396911621094,6628600,0.0,0.0
2018-12-06 00:00:00-05:00,186.389639301691,194.58962751970648,185.83467867340045,194.22604370117188,6558900,0.0,0.0
2018-12-07 00:00:00-05:00,194.98194055911154,197.60364824092565,186.48532364578827,188.01625061035156,4968100,0.0,0.0
2018-12-10 00:00:00-05:00,186.24613172793002,190.14041964988704,184.66737503524638,189.5089111328125,4101000,0.0,0.0
2018-12-11 00:00:00-05:00,192.39850724262527,192.704683864654,187.59523829704125,189.2027130126953,3582400,0.0,0.0
2018-12-12 00:00:00-05:00,191.80532767107997,197.06787015765548,191.6139508097462,191.6426544189453,5160100,0.0,0.0
2018-12-13 00:00:00-05:00,192.13059661464482,193.4701467067784,186.87761845334765,190.3700408935547,5246200,0.0,0.0
2018-12-14 00:00:00-05:00,188.11194707464182,188.7243149666853,184.84916778422152,186.8967742919922,3801700,0.0,0.0
2018-12-17 00:00:00-05:00,185.1457842516956,185.18405085803082,180.6200025024326,182.2274627685547,5459900,0.0,0.0
2018-12-18 00:00:00-05:00,183.76795576313083,185.95909496093284,181.89258542265674,183.33738708496094,4345200,0.0,0.0
2018-12-19 00:00:00-05:00,182.6867018720415,185.95905821959477,176.78308976665994,179.04119873046875,6100600,0.0,0.0
2018-12-20 00:00:00-05:00,177.58685036078754,180.20854335507863,172.44868658000325,174.82162475585938,6562600,0.0,0.0
2018-12-21 00:00:00-05:00,173.37682998985977,177.2711179578122,167.44451302000863,167.62631225585938,8374300,0.0,0.0
2018-12-24 00:00:00-05:00,165.674319938173,170.295788588865,164.46872513364372,167.10955810546875,4351900,0.0,0.0
2018-12-26 00:00:00-05:00,168.40129790153378,178.4479662422503,168.40129790153378,178.3809814453125,5261400,0.0,0.0
2018-12-27 00:00:00-05:00,176.03675659299077,180.55297425416535,172.38169066720903,180.5434112548828,4695200,0.0,0.0
2018-12-28 00:00:00-05:00,181.51943046128216,181.89259194240532,176.22817031099257,178.12269592285156,4830300,0.0,0.0
2018-12-31 00:00:00-05:00,178.8498077869236,180.84000643514074,178.3139878816339,180.50511169433594,3658500,0.0,0.0
2019-01-02 00:00:00-05:00,177.80690408039274,182.581469109404,177.30935067736948,181.548095703125,4294000,0.0,0.0
2019-01-03 00:00:00-05:00,179.40479540184737,179.41435840160227,173.16628856174057,173.35765075683594,5070900,0.0,0.0
2019-01-04 00:00:00-05:00,176.8692571035193,182.99293645738607,176.47695501678632,181.5672607421875,4452900,0.0,0.0
2019-01-07 00:00:00-05:00,182.3996944602305,184.68650738194236,181.51941653639184,182.96421813964844,4219200,0.0,0.0
2019-01-08 00:00:00-05:00,182.01532201150937,184.49779599747575,180.67345603956176,184.2965087890625,5069700,0.33,0.0
2019-01-09 00:00:00-05:00,186.23265017797166,188.38922998403999,185.25499657081934,187.64161682128906,5471500,0.0,0.0
2019-01-10 00:00:00-05:00,185.01535911443955,189.05056560548306,183.376366806795,188.77259826660156,3693600,0.0,0.0
2019-01-11 00:00:00-05:00,187.9291440136685,188.53297635088285,186.6256108825721,187.7661895751953,2500100,0.0,0.0
2019-01-14 00:00:00-05:00,186.30935776455104,188.820570828486,185.9451306635852,187.3157501220703,3336500,0.0,0.0
2019-01-15 00:00:00-05:00,187.1144165247771,189.15598305663985,185.08244415049435,188.36044311523438,3783000,0.0,0.0
2019-01-16 00:00:00-05:00,189.30931863485867,190.17195913249716,188.34125941136736,189.55853271484375,3546300,0.0,0.0
2019-01-17 00:00:00-05:00,189.2517734518879,192.07928503842308,188.9163144036217,191.0345458984375,2764100,0.0,0.0
2019-01-18 00:00:00-05:00,192.82695460146164,194.1209081510764,191.71512917483614,193.6129150390625,4866600,0.0,0.0
2019-01-22 00:00:00-05:00,191.49464540387874,192.65441223102138,189.44349951040877,191.17835998535156,4457700,0.0,0.0
2019-01-23 00:00:00-05:00,192.70236393313905,192.71194346591398,188.43713180976144,190.11447143554688,3086100,0.0,0.0
2019-01-24 00:00:00-05:00,190.18156202383219,191.88765491452435,189.71190165214497,191.4946746826172,2792000,0.0,0.0
2019-01-25 00:00:00-05:00,193.7949952707993,195.42440768766912,191.49463542471403,194.51385498046875,4677500,0.0,0.0
2019-01-28 00:00:00-05:00,192.40522419165617,192.63524996422348,189.83649093781565,191.84930419921875,3277200,0.0,0.0
2019-01-29 00:00:00-05:00,191.87806689166834,192.33813308475115,189.4531142512294,190.96751403808594,3661900,0.0,0.0
2019-01-30 00:00:00-05:00,192.09850881457302,196.32540800176844,191.60009525190677,195.54904174804688,4079500,0.0,0.0
2019-01-31 00:00:00-05:00,201.0890659300489,204.12744515560075,199.36379935672133,202.3638458251953,11316200,0.0,0.0
2019-02-01 00:00:00-05:00,203.18816350423023,205.72812944211233,202.43095617730037,204.89425659179688,6470100,0.0,0.0
2019-02-04 00:00:00-05:00,205.45010070720653,206.02517967134216,204.34784043178095,205.98684692382812,4397500,0.0,0.0
2019-02-05 00:00:00-05:00,206.0731828797603,207.70259581934238,206.02525595869318,206.89747619628906,3091500,0.0,0.0
2019-02-06 00:00:00-05:00,206.31280611040432,206.93581221836402,204.80798559159615,206.36073303222656,2698000,0.0,0.0
2019-02-07 00:00:00-05:00,204.5971028124326,205.54598844625176,202.81432981450334,205.08592224121094,2742900,0.0,0.0
2019-02-08 00:00:00-05:00,203.197685860722,207.63545132162457,203.197685860722,207.5875244140625,3248400,0.0,0.0
2019-02-11 00:00:00-05:00,207.98053465579088,209.57159999016105,207.35751401786942,208.08596801757812,2974400,0.0,0.0
2019-02-12 00:00:00-05:00,209.48532702633048,210.37672077855777,208.60352743153743,209.82080078125,3411400,0.0,0.0
2019-02-13 00:00:00-05:00,210.66422744932953,212.09236733604416,210.32876836033145,211.38308715820312,2996600,0.0,0.0
2019-02-14 00:00:00-05:00,210.39589429888437,211.80486076597,209.5428478673028,210.68344116210938,2875600,0.0,0.0
2019-02-15 00:00:00-05:00,212.96461958872857,213.1179798599357,211.3256127688383,212.887939453125,2758500,0.0,0.0
2019-02-19 00:00:00-05:00,212.23619564972557,212.74420344814976,211.21062976952118,211.4310760498047,2836700,0.0,0.0
2019-02-20 00:00:00-05:00,212.0349225086881,212.61959582679876,210.29048208817224,211.9294891357422,3103600,0.0,0.0
2019-02-21 00:00:00-05:00,211.06686431428045,211.8528102238036,209.54287016459318,210.2042236328125,3528800,0.0,0.0
2019-02-22 00:00:00-05:00,210.86553927095076,214.34482534899823,210.57799242871513,214.04769897460938,3295300,0.0,0.0
2019-02-25 00:00:00-05:00,215.6579378907451,216.0413239302327,213.74097844282738,214.04769897460938,3359200,0.0,0.0
2019-02-26 00:00:00-05:00,212.9358636697954,215.83046196966566,212.83043031283057,214.699462890625,2852300,0.0,0.0
2019-02-27 00:00:00-05:00,213.7793163646785,215.2841365877873,212.53330439360224,215.2458038330078,2119500,0.0,0.0
2019-02-28 00:00:00-05:00,214.78571094469353,216.23302464161628,214.3735716967218,215.43748474121094,3240400,0.0,0.0
2019-03-01 00:00:00-05:00,217.45988134743095,218.67714004930852,216.00298809274474,217.81451416015625,3001400,0.0,0.0
2019-03-04 00:00:00-05:00,217.87203211330893,219.012625368835,214.38316636859182,216.89437866210938,2977700,0.0,0.0
2019-03-05 00:00:00-05:00,216.83691107720813,217.49826457080258,215.93593760044138,216.82733154296875,2779100,0.0,0.0
2019-03-06 00:00:00-05:00,216.4726394870277,217.10522495453523,214.65151933747566,215.14993286132812,2849300,0.0,0.0
2019-03-07 00:00:00-05:00,214.3352436764181,215.12120411596092,211.5748318557885,213.1754913330078,3879600,0.0,0.0
2019-03-08 00:00:00-05:00,209.31284301159806,212.96464905164487,206.9645555814278,212.65792846679688,2691800,0.0,0.0
2019-03-11 00:00:00-04:00,213.68351522787964,216.74106850589382,213.58766138599643,216.2714080810547,2670100,0.0,0.0
2019-03-12 00:00:00-04:00,217.18192125968886,218.7250742295314,216.8272884351768,217.51739501953125,2478700,0.0,0.0
2019-03-13 00:00:00-04:00,218.88798147295674,221.72508752277872,218.34165570632754,219.01258850097656,2690400,0.0,0.0
2019-03-14 00:00:00-04:00,219.20428570495025,220.6515992882392,217.96785343287235,219.98065185546875,2838700,0.0,0.0
2019-03-15 00:00:00-04:00,219.31938875829601,223.09578746884557,219.30979459865864,221.57180786132812,3894200,0.0,0.0
2019-03-18 00:00:00-04:00,222.64529423072577,222.84658144907698,219.5973351045711,220.82418823242188,2734100,0.0,0.0
2019-03-19 00:00:00-04:00,221.92640437409597,222.46316534226094,220.76665201711535,221.4184112548828,3212000,0.0,0.0
2019-03-20 00:00:00-04:00,220.19156464571427,222.30981148005927,218.38003837345636,220.3449249267578,3747400,0.0,0.0
2019-03-21 00:00:00-04:00,218.72507643851156,227.2363813146814,218.70590274840802,226.0766143798828,4441100,0.0,0.0
2019-03-22 00:00:00-04:00,225.08938646171188,226.20122650884704,221.102107094549,221.1787872314453,3709400,0.0,0.0
2019-03-25 00:00:00-04:00,220.82413679375932,222.30978324906934,219.06053766144112,220.85289001464844,3506500,0.0,0.0
2019-03-26 00:00:00-04:00,223.28750475692829,223.9296845947717,221.8401906128352,223.60379028320312,3046900,0.0,0.0
2019-03-27 00:00:00-04:00,224.20761920017287,224.47599240544184,220.11490588195718,222.86575317382812,2640700,0.0,0.0
2019-03-28 00:00:00-04:00,223.728353032931,225.55905295994117,222.72194631845878,225.1085662841797,2712100,0.0,0.0
2019-03-29 00:00:00-04:00,226.67091480169125,226.81468093531657,224.25554138008843,225.67408752441406,3453900,0.0,0.0
2019-04-01 00:00:00-04:00,228.40572819752805,229.79552091513668,227.10219514768178,229.1245880126953,3475900,0.0,0.0
2019-04-02 00:00:00-04:00,229.297098218987,229.9105246518305,228.18527286431055,229.3258514404297,3386400,0.0,0.0
2019-04-03 00:00:00-04:00,230.30352081635542,230.92652682447095,227.94566874310388,229.0095672607422,2911700,0.0,0.0
2019-04-04 00:00:00-04:00,228.7890985594101,228.85619915767293,224.05420656150324,226.2587127685547,3096300,0.0,0.0
2019-04-05 00:00:00-04:00,227.3609736861323,228.07983345358844,226.30664017710086,226.8050537109375,2590000,0.0,0.0
2019-04-08 00:00:00-04:00,226.2483421899213,226.785838026533,223.75280906775183,226.7762451171875,2714500,0.33,0.0
2019-04-09 00:00:00-04:00,225.83565826564194,227.71690871853727,225.55731738190204,226.43075561523438,2491300,0.0,0.0
2019-04-10 00:00:00-04:00,227.47694388323762,228.38876836629473,226.62270615659133,227.53453063964844,1984200,0.0,0.0
2019-04-11 00:00:00-04:00,228.4367156832546,228.4367156832546,225.59564756511926,226.5554656982422,1908200,0.0,0.0
2019-04-12 00:00:00-04:00,227.50572262797505,229.3965657853906,226.59389820356768,229.2333984375,3452100,0.0,0.0
2019-04-15 00:00:00-04:00,229.89570061810738,230.22203534970683,227.65932205332385,229.54055786132812,3437500,0.0,0.0
2019-04-16 00:00:00-04:00,230.356399406198,231.28742435878462,229.3485872296628,230.44277954101562,2564300,0.0,0.0
2019-04-17 00:00:00-04:00,230.9994356167779,231.54653899980752,229.34854720415706,231.31617736816406,2829200,0.0,0.0
2019-04-18 00:00:00-04:00,232.78471840557788,232.8998919086708,230.7979022489039,231.2106170654297,3016800,0.0,0.0
2019-04-22 00:00:00-04:00,230.16440436617722,233.3701935985063,229.463741189861,233.2838134765625,2217700,0.0,0.0
2019-04-23 00:00:00-04:00,234.09967586855595,234.67557270277962,232.7079422724577,233.70616149902344,3108400,0.0,0.0
2019-04-24 00:00:00-04:00,233.84056570730812,236.19211790069951,233.0535075751553,235.43385314941406,3255200,0.0,0.0
2019-04-25 00:00:00-04:00,234.8674830460581,236.9311007212633,234.21481377657594,235.7409210205078,3152400,0.0,0.0
2019-04-26 00:00:00-04:00,236.16326883463307,237.21906005737958,233.44698159650903,236.7679443359375,3349300,0.0,0.0
2019-04-29 00:00:00-04:00,236.95996605958186,238.23652626094568,235.9809472123581,237.19992065429688,3274900,0.0,0.0
2019-04-30 00:00:00-04:00,241.00073398436055,247.08597749535113,240.44403770400237,244.024169921875,7179600,0.0,0.0
2019-05-01 00:00:00-04:00,244.65768331391317,245.9534439010237,238.67801929566187,238.7548065185547,5146000,0.0,0.0
2019-05-02 00:00:00-04:00,237.61260487439287,238.29408227956353,234.46440216951484,237.25747680664062,4747300,0.0,0.0
2019-05-03 00:00:00-04:00,238.62042205333995,239.81060198737657,237.51663689480182,237.9869384765625,3194200,0.0,0.0
2019-05-06 00:00:00-04:00,231.78656533910174,239.07158394060997,230.40442441243334,238.64926147460938,3022000,0.0,0.0
2019-05-07 00:00:00-04:00,237.3342324597178,237.7757405967448,232.85188356230097,235.21302795410156,4257500,0.0,0.0
2019-05-08 00:00:00-04:00,234.71394912374234,237.60301143824162,233.95569914803175,235.4722137451172,3050700,0.0,0.0
2019-05-09 00:00:00-04:00,232.17044145254513,235.66417938017372,230.31799921571454,235.45301818847656,3891000,0.0,0.0
2019-05-10 00:00:00-04:00,234.07087284641557,238.7259972351901,231.63294092607643,237.48782348632812,2816200,0.0,0.0
2019-05-13 00:00:00-04:00,231.80572040376913,234.10929319109763,230.70193517873594,231.6809539794922,4136900,0.0,0.0
2019-05-14 00:00:00-04:00,232.39121092403266,237.4974515036326,232.18004971837007,236.05772399902344,3862100,0.0,0.0
2019-05-15 00:00:00-04:00,234.51244606672637,240.95281973113322,234.39727253815101,239.13876342773438,4186900,0.0,0.0
2019-05-16 00:00:00-04:00,240.37688258384864,244.89761829671917,240.27130199152768,243.2371368408203,4911900,0.0,0.0
2019-05-17 00:00:00-04:00,241.0199741712952,244.0721893388265,240.76081912921603,242.40211486816406,3129800,0.0,0.0
2019-05-20 00:00:00-04:00,240.4249420741842,244.1682283773877,239.31154909581204,243.3043975830078,2951500,0.0,0.0
2019-05-21 00:00:00-04:00,244.75363174535607,245.6654560717454,243.5922453231786,245.0991668701172,2881600,0.0,0.0
2019-05-22 00:00:00-04:00,244.51366739687901,248.45850583165037,244.2737128655769,246.5772705078125,2936000,0.0,0.0
2019-05-23 00:00:00-04:00,244.51369569979295,245.42552009515398,238.35166438016697,239.69540405273438,5072500,0.0,0.0
2019-05-24 00:00:00-04:00,242.9683626578203,243.18911672858428,240.2712760356738,241.37506103515625,2710800,0.0,0.0
2019-05-28 00:00:00-04:00,242.50771552862398,247.4027951273705,242.49810797159276,243.24676513671875,6252100,0.0,0.0
2019-05-29 00:00:00-04:00,242.1141917511549,244.03382855393906,241.17357381857727,243.37155151367188,4014300,0.0,0.0
2019-05-30 00:00:00-04:00,244.05298350433222,245.77105167829322,242.6324419903378,243.9761962890625,2817400,0.0,0.0
2019-05-31 00:00:00-04:00,241.85503675101162,243.4675392815571,240.76084435893904,241.38473510742188,5041400,0.0,0.0
2019-06-03 00:00:00-04:00,241.68226428096767,242.81484290789945,230.5963593716372,232.5255889892578,5452100,0.0,0.0
2019-06-04 00:00:00-04:00,235.28025868501808,239.34987880207643,232.00727484886346,239.16751098632812,4862200,0.0,0.0
2019-06-05 00:00:00-04:00,241.3654904502493,246.64449069295134,240.09852336208218,245.96302795410156,4742400,0.0,0.0
2019-06-06 00:00:00-04:00,246.0589909366275,248.30499140363347,244.61927821649863,247.4699249267578,3443500,0.0,0.0
2019-06-07 00:00:00-04:00,249.55274064627002,256.1466872221186,249.1880050310207,255.1196746826172,3691800,0.0,0.0
2019-06-10 00:00:00-04:00,258.19105930169684,259.0069105146322,254.6205349307788,255.4075927734375,4469000,0.0,0.0
2019-06-11 00:00:00-04:00,256.72257888030225,257.1257154183821,248.7656776843585,253.065673828125,3119600,0.0,0.0
2019-06-12 00:00:00-04:00,251.90442862839856,253.59368961622948,250.85820047276843,253.2481689453125,2295300,0.0,0.0
2019-06-13 00:00:00-04:00,254.35181081859778,254.5725795389024,249.79267458694366,250.7045135498047,4331000,0.0,0.0
2019-06-14 00:00:00-04:00,249.54311692789395,251.45317500646038,248.99604283178166,249.64871215820312,3158200,0.0,0.0
2019-06-17 00:00:00-04:00,250.5125733122379,251.19403609553797,247.68109764447578,248.784912109375,3332200,0.0,0.0
2019-06-18 00:00:00-04:00,251.184426285116,251.71231456099187,244.82082714458818,248.41053771972656,3921300,0.0,0.0
2019-06-19 00:00:00-04:00,248.4297440780016,250.14782694236175,247.92104157854982,249.42796325683594,4326500,0.0,0.0
2019-06-20 00:00:00-04:00,252.9024980130948,256.9433538825254,251.95228733124196,256.0699157714844,4667300,0.0,0.0
2019-06-21 00:00:00-04:00,255.13886950095923,257.375232918387,253.7951299395439,253.84310913085938,4285800,0.0,0.0
2019-06-24 00:00:00-04:00,255.1676881211448,256.36746093599754,254.4766178081365,254.6397705078125,2538100,0.0,0.0
2019-06-25 00:00:00-04:00,255.35007618434236,255.60921658802494,248.70812046635388,249.2936248779297,3138000,0.0,0.0
2019-06-26 00:00:00-04:00,250.39735361174604,252.09622112420408,249.5431014326856,250.8004608154297,3869400,0.0,0.0
2019-06-27 00:00:00-04:00,251.89468862880503,252.98886613609534,249.9366513157322,250.60853576660156,2186900,0.0,0.0
2019-06-28 00:00:00-04:00,252.51858566338473,254.19826763937053,250.8292961314537,253.90072631835938,4400300,0.0,0.0
2019-07-01 00:00:00-04:00,259.1413363471234,259.1413363471234,254.22707128267808,256.05072021484375,2646800,0.0,0.0
2019-07-02 00:00:00-04:00,256.15635711370675,259.72688298196084,255.72442708710005,259.6980895996094,2649100,0.0,0.0
2019-07-03 00:00:00-04:00,260.11076848803987,262.107177734375,259.8996072829277,262.107177734375,1896800,0.0,0.0
2019-07-05 00:00:00-04:00,260.59071919837476,261.80967813188045,258.2775531299409,261.20501708984375,2561000,0.0,0.0
2019-07-08 00:00:00-04:00,259.561636496145,261.4547750714516,258.94659300937707,260.6475524902344,2291700,0.33,0.0
2019-07-09 00:00:00-04:00,259.2925202504734,262.9730733743747,258.9849985569631,262.6751708984375,2477400,0.0,0.0
2019-07-10 00:00:00-04:00,263.472838385132,266.288512780316,263.45359994743546,264.6356201171875,2323000,0.0,0.0
2019-07-11 00:00:00-04:00,266.7690586384627,267.7780797081802,265.308344767612,267.4609680175781,2583900,0.0,0.0
2019-07-12 00:00:00-04:00,268.3450491423522,268.82554093888376,265.4813368042348,268.63336181640625,2299700,0.0,0.0
2019-07-15 00:00:00-04:00,269.51737798413194,269.6423105100119,267.6818962946366,268.46990966796875,3349500,0.0,0.0
2019-07-16 00:00:00-04:00,268.11450843773207,269.68091688900944,264.5684754961132,265.8273620605469,2976000,0.0,0.0
2019-07-17 00:00:00-04:00,266.5672720756065,267.6051215267196,264.5299620776022,264.5395812988281,2318900,0.0,0.0
2019-07-18 00:00:00-04:00,264.27058985545773,266.4328037724569,264.02072464043994,265.98114013671875,3241000,0.0,0.0
2019-07-19 00:00:00-04:00,268.5276615083207,268.57572828825056,264.67413691039286,264.84710693359375,3048200,0.0,0.0
2019-07-22 00:00:00-04:00,266.1059998473911,268.46039231591044,265.29877705873633,267.7396545410156,2092400,0.0,0.0
2019-07-23 00:00:00-04:00,269.0753525022565,269.47897843483975,266.0962980913186,268.0855407714844,2275400,0.0,0.0
2019-07-24 00:00:00-04:00,267.31681040497324,269.3636807579012,265.59664161708025,269.3156433105469,2805200,0.0,0.0
2019-07-25 00:00:00-04:00,269.0753168567911,269.9401959384544,266.72089610354135,268.45068359375,2312200,0.0,0.0
2019-07-26 00:00:00-04:00,269.65195888429906,271.27602324257396,269.1522287267454,271.0646057128906,2942100,0.0,0.0
2019-07-29 00:00:00-04:00,272.07364323608294,272.2754415591152,269.4885952805529,270.4591979980469,3677700,0.0,0.0
2019-07-30 00:00:00-04:00,268.44111285405296,271.35289152851465,264.70290249118966,267.3071594238281,3957900,0.0,0.0
2019-07-31 00:00:00-04:00,267.79732188594556,268.09522446599516,255.32374377313496,261.6470031738281,5513100,0.0,0.0
2019-08-01 00:00:00-04:00,263.2421895670564,268.4122852232457,261.04155858068646,263.4632263183594,4988100,0.0,0.0
2019-08-02 00:00:00-04:00,261.3875386807029,261.8680304797483,255.31411530231483,258.9370422363281,4438000,0.0,0.0
2019-08-05 00:00:00-04:00,249.85569619681627,252.4022964657525,243.9936913052827,246.81898498535156,6861300,0.0,0.0
2019-08-06 00:00:00-04:00,251.58557213758365,254.80487405322728,250.02878291901422,254.35321044921875,4918500,0.0,0.0
2019-08-07 00:00:00-04:00,253.12307365528793,259.465571262642,250.09598118926883,258.802490234375,4476000,0.0,0.0
2019-08-08 00:00:00-04:00,261.38757509619063,267.2303432827418,261.00318746878133,267.1919250488281,4135500,0.0,0.0
2019-08-09 00:00:00-04:00,264.76049933738756,266.09625077839854,262.42528779780474,264.22235107421875,3410500,0.0,0.0
2019-08-12 00:00:00-04:00,262.20438534129,264.25128513450426,258.39889843563236,259.465576171875,3322600,0.0,0.0
2019-08-13 00:00:00-04:00,259.3021826487809,264.62603981469454,257.5435956272478,263.8188171386719,3899800,0.0,0.0
2019-08-14 00:00:00-04:00,259.2925845487058,261.8391850520261,255.4774787402596,256.72674560546875,3750300,0.0,0.0
2019-08-15 00:00:00-04:00,258.77364753436376,262.4926491570412,257.6300747709448,261.2818298339844,3364300,0.0,0.0
2019-08-16 00:00:00-04:00,264.2512604458923,265.1930055318375,263.1076877041961,263.6554260253906,2718100,0.0,0.0
2019-08-19 00:00:00-04:00,266.1923828864512,267.7011337557038,264.47221451114484,267.22064208984375,2502300,0.0,0.0
2019-08-20 00:00:00-04:00,267.5378195721856,268.65256403073573,265.08732320356785,266.23089599609375,2583600,0.0,0.0
2019-08-21 00:00:00-04:00,268.7294621352364,271.0934735282823,268.3931120171746,271.0069885253906,2492200,0.0,0.0
2019-08-22 00:00:00-04:00,271.10311388638536,271.85270937142957,265.96187424271824,269.8153991699219,2975800,0.0,0.0
2019-08-23 00:00:00-04:00,269.07539229828814,271.0838443858592,259.66735519175796,261.2818298339844,4415000,0.0,0.0
2019-08-26 00:00:00-04:00,264.1552013669105,265.64471435546875,262.3293382215147,265.64471435546875,2184400,0.0,0.0
2019-08-27 00:00:00-04:00,265.9426325302872,268.20095019916437,264.18404517863183,265.8465576171875,2169400,0.0,0.0
2019-08-28 00:00:00-04:00,264.4914928802097,267.77803994784387,262.7040483633604,267.384033203125,2306900,0.0,0.0
2019-08-29 00:00:00-04:00,270.0364328120899,270.97820744150164,267.9991519614694,270.401611328125,2297200,0.0,0.0
2019-08-30 00:00:00-04:00,271.56427706223593,271.9198362038109,267.8548954668077,270.3918762207031,2600300,0.0,0.0
2019-09-03 00:00:00-04:00,269.06577797352753,271.8045869889135,267.63392185163735,269.18109130859375,2350800,0.0,0.0
2019-09-04 00:00:00-04:00,271.7372865364303,275.04307203497996,271.1414814745211,274.9373779296875,2631000,0.0,0.0
2019-09-05 00:00:00-04:00,278.96394247168183,282.0102441153989,278.3008614296074,280.68408203125,3808300,0.0,0.0
2019-09-06 00:00:00-04:00,280.54947032982045,281.63538616421107,278.7331977940238,280.0113220214844,2783300,0.0,0.0
2019-09-09 00:00:00-04:00,282.0390906526576,282.23129911927504,269.1715344368382,272.3043212890625,4795900,0.0,0.0
2019-09-10 00:00:00-04:00,270.3631855538358,270.51694648492014,259.7923634887057,261.7047119140625,8683800,0.0,0.0
2019-09-11 00:00:00-04:00,264.1935380586998,265.2313871044105,258.6967124862142,259.4174499511719,6342300,0.0,0.0
2019-09-12 00:00:00-04:00,262.72336458245456,267.8934325837286,262.531156099433,265.61590576171875,5497900,0.0,0.0
2019-09-13 00:00:00-04:00,267.1438276904957,267.29758858924015,262.38697635781466,265.53900146484375,4631100,0.0,0.0
2019-09-16 00:00:00-04:00,262.8001666636923,265.0008271550822,262.06980979756173,263.3863525390625,2755100,0.0,0.0
2019-09-17 00:00:00-04:00,263.83802641152124,267.75885578530136,263.2614597332221,265.4717102050781,2929500,0.0,0.0
2019-09-18 00:00:00-04:00,265.97146463938066,266.04835976322613,259.888450343745,264.36663818359375,2975900,0.0,0.0
2019-09-19 00:00:00-04:00,265.1929959398837,267.29755213112685,264.1263183418807,265.14495849609375,2623800,0.0,0.0
2019-09-20 00:00:00-04:00,266.95170455753663,267.720479885623,260.34013115915803,260.5899963378906,5540800,0.0,0.0
2019-09-23 00:00:00-04:00,259.7538061395753,263.05959144345445,259.4655228449467,262.49261474609375,3092000,0.0,0.0
2019-09-24 00:00:00-04:00,264.8758535069202,266.61523107715897,258.5621856669873,260.54180908203125,4120300,0.0,0.0
2019-09-25 00:00:00-04:00,259.70578713421423,262.33887250168294,256.2077931676924,262.1082458496094,4083600,0.0,0.0
2019-09-26 00:00:00-04:00,262.56954372979254,264.69330914601414,261.9929477392333,263.20379638671875,2924600,0.0,0.0
2019-09-27 00:00:00-04:00,264.6452832207829,264.87590989629064,257.2456978947329,258.6295166015625,3175700,0.0,0.0
2019-09-30 00:00:00-04:00,260.416947781333,261.45482653783444,258.8121215221278,260.9743347167969,3128700,0.0,0.0
2019-10-01 00:00:00-04:00,260.8973339900739,262.97306133592053,259.50392586925824,260.3688049316406,3066400,0.0,0.0
2019-10-02 00:00:00-04:00,257.6974396250708,258.4470058750353,252.27747648924986,254.16102600097656,4308900,0.0,0.0
2019-10-03 00:00:00-04:00,253.93994427689927,258.06257258662447,250.24977036557496,257.82232666015625,3948100,0.0,0.0
2019-10-04 00:00:00-04:00,258.99475345608397,263.7708441176213,258.65840326053103,263.3672180175781,2671400,0.0,0.0
2019-10-07 00:00:00-04:00,260.7244287121975,262.82898490456796,259.8595494352933,261.5700988769531,2861900,0.0,0.0
2019-10-08 00:00:00-04:00,259.6073693008221,260.8196585643311,256.49961364070975,256.9614562988281,2818900,0.33,0.0
2019-10-09 00:00:00-04:00,259.74205922118597,262.8017191662106,259.2994783516203,261.9357604980469,2169600,0.0,0.0
2019-10-10 00:00:00-04:00,261.2815057898204,264.3122730453128,260.9928724750093,263.465576171875,2194700,0.0,0.0
2019-10-11 00:00:00-04:00,265.7458285826762,269.40198665659256,264.70669019115127,265.466796875,3493000,0.0,0.0
2019-10-14 00:00:00-04:00,267.0544588266081,268.016609212743,265.1301580543382,265.91912841796875,2042500,0.0,0.0
2019-10-15 00:00:00-04:00,266.7175712270799,269.3634835083236,265.5148838265145,268.0164794921875,3006600,0.0,0.0
2019-10-16 00:00:00-04:00,266.6118190501225,268.4687618386811,264.39885603274024,267.7375183105469,2689400,0.0,0.0
2019-10-17 00:00:00-04:00,268.7766619568103,269.8254021423925,265.4860953812961,266.0441589355469,2396600,0.0,0.0
2019-10-18 00:00:00-04:00,264.8221550955852,266.2076534366924,259.6842776483489,260.38665771484375,4052300,0.0,0.0
2019-10-21 00:00:00-04:00,261.6374338820726,263.9754512584849,259.29941650566036,263.917724609375,2921200,0.0,0.0
2019-10-22 00:00:00-04:00,264.495065695343,264.9280450001998,251.13081561615846,251.37135314941406,5619500,0.0,0.0
2019-10-23 00:00:00-04:00,252.737558765267,254.1904146831778,248.72540964774137,250.97683715820312,5367000,0.0,0.0
2019-10-24 00:00:00-04:00,253.58431869024454,259.13591508740603,253.58431869024454,258.577880859375,3791900,0.0,0.0
2019-10-25 00:00:00-04:00,256.18201516857033,261.87792554212706,255.50849856351306,259.9632568359375,2760200,0.0,0.0
2019-10-28 00:00:00-04:00,262.91715952549794,265.486083984375,261.0986816470298,265.486083984375,3796600,0.0,0.0
2019-10-29 00:00:00-04:00,267.09285636596485,267.7567422410464,262.7439194031129,263.90814208984375,4706700,0.0,0.0
2019-10-30 00:00:00-04:00,264.244904922766,266.96777665607226,262.6669647402218,266.6598815917969,3485500,0.0,0.0
2019-10-31 00:00:00-04:00,265.91901571060913,268.5264339304044,264.6489706922082,266.3327331542969,5356000,0.0,0.0
2019-11-01 00:00:00-04:00,268.4398803137826,269.777283058804,265.6688833028676,268.48797607421875,2880000,0.0,0.0
2019-11-04 00:00:00-05:00,270.01789735810075,271.5573144796411,265.370694569015,265.8710021972656,3726600,0.0,0.0
2019-11-05 00:00:00-05:00,266.03451600482475,266.46749531655644,258.260355726061,258.8183898925781,4717500,0.0,0.0
2019-11-06 00:00:00-05:00,260.069161383068,261.3873316901259,258.7029246782943,259.64581298828125,3742900,0.0,0.0
2019-11-07 00:00:00-05:00,259.79970030513607,264.6681763541475,259.6457528006732,262.4648742675781,4277800,0.0,0.0
2019-11-08 00:00:00-05:00,261.4162725764137,264.54326134233975,261.4162725764137,264.48553466796875,2241300,0.0,0.0
2019-11-11 00:00:00-05:00,262.74395293342656,266.64067870129696,262.72472050071224,266.5155944824219,2132600,0.0,0.0
2019-11-12 00:00:00-05:00,267.09287990716547,268.9209592676134,265.33212873980625,266.6502990722656,2217200,0.0,0.0
2019-11-13 00:00:00-05:00,266.0440923706182,269.84456705991374,264.5912365484836,267.5450439453125,3320600,0.0,0.0
2019-11-14 00:00:00-05:00,266.948510186975,269.0459899902344,266.2268977384924,269.0459899902344,2365900,0.0,0.0
2019-11-15 00:00:00-05:00,270.01781059615774,270.2679496486588,267.6028045167928,270.1524963378906,2544200,0.0,0.0
2019-11-18 00:00:00-05:00,269.40202668196565,271.1050217801372,267.86258065699917,270.2294616699219,2715900,0.0,0.0
2019-11-19 00:00:00-05:00,270.8644902005985,275.73296744062213,270.30645605257826,274.51104736328125,3013800,0.0,0.0
2019-11-20 00:00:00-05:00,274.2127169690906,276.8393967231836,272.15370212311973,274.5783386230469,2903900,0.0,0.0
2019-11-21 00:00:00-05:00,273.8278798514807,275.67519130040574,272.8560990123412,273.6835632324219,2777000,0.0,0.0
2019-11-22 00:00:00-05:00,274.04922584099046,274.55916426745637,270.5662468493747,271.8747863769531,2968100,0.0,0.0
2019-11-25 00:00:00-05:00,273.2506509695467,278.05177096910535,272.96201766070294,276.7239990234375,3760200,0.0,0.0
2019-11-26 00:00:00-05:00,277.5803355878952,279.648952666918,276.926080492087,278.4270324707031,5712800,0.0,0.0
2019-11-27 00:00:00-05:00,278.0902261495389,280.9478129558151,277.9747728422129,280.6591796875,2163500,0.0,0.0
2019-11-29 00:00:00-05:00,279.24485856689853,281.91000400697885,279.24485856689853,281.1691589355469,1754400,0.0,0.0
2019-12-02 00:00:00-05:00,279.59118988563324,279.74513742284716,273.1448019288091,275.62713623046875,3062300,0.0,0.0
2019-12-03 00:00:00-05:00,271.5188246963405,276.7144304111454,270.84530774558016,276.2237243652344,2528300,0.0,0.0
2019-12-04 00:00:00-05:00,277.5803578144588,278.6579614379574,275.29043543327595,275.9831848144531,2743300,0.0,0.0
2019-12-05 00:00:00-05:00,277.051192749452,279.93764367153346,275.5598421555449,278.8792724609375,2580300,0.0,0.0
2019-12-06 00:00:00-05:00,281.2460657468165,281.42887659685283,278.7156065344604,279.4083557128906,2425200,0.0,0.0
2019-12-09 00:00:00-05:00,278.2442248517704,279.9472201730041,277.34943219294394,278.119140625,1903000,0.0,0.0
2019-12-10 00:00:00-05:00,278.06134878375906,279.18707719832975,276.8201670676914,277.68609619140625,2514300,0.0,0.0
2019-12-11 00:00:00-05:00,278.79265285492505,279.33145462083786,277.2050815263488,279.0716552734375,2298100,0.0,0.0
2019-12-12 00:00:00-05:00,278.92733772582255,281.66947167440003,277.35902819834695,281.14990234375,2746400,0.0,0.0
2019-12-13 00:00:00-05:00,279.78364222102164,285.3063745257612,278.8310936336686,284.8830261230469,3565400,0.0,0.0
2019-12-16 00:00:00-05:00,286.8265595442049,288.1447298793708,285.6238718884813,285.7200927734375,4210700,0.0,0.0
2019-12-17 00:00:00-05:00,287.2017923819052,287.2017923819052,282.6508120359771,284.7964172363281,3354500,0.0,0.0
2019-12-18 00:00:00-05:00,284.0266554946571,286.04714674679144,283.58404541015625,283.58404541015625,2902700,0.0,0.0
2019-12-19 00:00:00-05:00,283.34360978795064,286.8939464599791,282.97798800519513,286.2685546875,2536900,0.0,0.0
2019-12-20 00:00:00-05:00,289.1741727425861,289.1741727425861,285.57574111384906,287.2691345214844,5099400,0.0,0.0
2019-12-23 00:00:00-05:00,287.43276418044036,288.481504458234,285.8548529956166,286.0184020996094,3590500,0.0,0.0
2019-12-24 00:00:00-05:00,286.68227229954084,287.01903075017896,285.3737620899115,286.220458984375,641100,0.0,0.0
2019-12-26 00:00:00-05:00,286.826474975065,288.03879317058664,286.52821087338634,287.875244140625,1369200,0.0,0.0
2019-12-27 00:00:00-05:00,288.6450434353414,290.1171319823619,286.8939231248355,289.3570251464844,2042600,0.0,0.0
2019-12-30 00:00:00-05:00,289.4435971330592,289.65527132624567,284.10367590663736,286.4513244628906,2717600,0.0,0.0
2019-12-31 00:00:00-05:00,284.8926165282314,287.6154880672163,284.5750905900801,287.2883605957031,2478600,0.0,0.0
2020-01-02 00:00:00-05:00,289.08761612110555,292.0414240292224,288.16396022968,291.90673828125,3272400,0.0,0.0
2020-01-03 00:00:00-05:00,288.12536831299303,290.9733528365419,287.2979335863748,289.05865478515625,2501300,0.0,0.0
2020-01-06 00:00:00-05:00,286.1049757076429,289.92471326064856,284.81569793461887,289.8285217285156,3307200,0.0,0.0
2020-01-07 00:00:00-05:00,290.31919558350785,291.89713602524284,288.5296102831196,288.84710693359375,3182000,0.0,0.0
2020-01-08 00:00:00-05:00,289.781653474783,295.726053701882,289.5215369008107,293.9436950683594,3224400,0.4,0.0
2020-01-09 00:00:00-05:00,297.0073405889118,299.5700777654014,296.75683841776475,297.79736328125,3292600,0.0,0.0
2020-01-10 00:00:00-05:00,300.18666896796395,300.5431641458315,297.4505207001262,299.79168701171875,2948000,0.0,0.0
2020-01-13 00:00:00-05:00,301.80528169134703,304.098258840334,301.45843023437163,303.6839599609375,3236400,0.0,0.0
2020-01-14 00:00:00-05:00,304.6184375079871,304.8496815718847,298.52952992136227,299.2810363769531,4951400,0.0,0.0
2020-01-15 00:00:00-05:00,300.77433186176165,304.1848949693475,299.66638912446945,302.7590026855469,4664200,0.0,0.0
2020-01-16 00:00:00-05:00,305.89025700317944,308.61676194776487,303.47202855502974,308.5878601074219,3323300,0.0,0.0
2020-01-17 00:00:00-05:00,309.67651376907025,312.1814474848457,307.5665914324683,311.8249816894531,4821000,0.0,0.0
2020-01-21 00:00:00-05:00,310.62069244739814,313.7518522718062,309.7343204219096,310.1582336425781,5998600,0.0,0.0
2020-01-22 00:00:00-05:00,313.06784469360497,314.84055946851794,312.2681781245492,312.45123291015625,3518500,0.0,0.0
2020-01-23 00:00:00-05:00,313.11599881490605,313.3568572755329,310.53400317338645,313.09674072265625,4188300,0.0,0.0
2020-01-24 00:00:00-05:00,314.6285157503768,315.1294906345022,309.8980532771201,311.8345642089844,3634700,0.0,0.0
2020-01-27 00:00:00-05:00,303.57802649683015,307.6822349004779,301.07309248700443,304.2235107421875,4367500,0.0,0.0
2020-01-28 00:00:00-05:00,304.2524394078219,309.7632829546417,303.92487538251623,308.5589904785156,3486200,0.0,0.0
2020-01-29 00:00:00-05:00,311.1891429564437,312.576490094513,305.1869393049122,308.6071472167969,4389400,0.0,0.0
2020-01-30 00:00:00-05:00,307.3353331317389,312.8269166756352,306.38154323055136,312.5956726074219,3512100,0.0,0.0
2020-01-31 00:00:00-05:00,311.32409661980034,312.59580723519275,303.0000122190087,304.3873596191406,5586800,0.0,0.0
2020-02-03 00:00:00-05:00,307.1426912869816,313.57845157565595,306.78622547641885,312.6535339355469,4240100,0.0,0.0
2020-02-04 00:00:00-05:00,316.2375311372291,319.609549757477,314.35885268980667,317.0853576660156,4158200,0.0,0.0
2020-02-05 00:00:00-05:00,322.7502744369743,322.7502744369743,312.3163008896684,316.3145446777344,3868000,0.0,0.0
2020-02-06 00:00:00-05:00,317.27807655863546,319.11823893764756,315.6980307624141,317.2587890625,3422000,0.0,0.0
2020-02-07 00:00:00-05:00,316.00628046158255,317.7886388384216,313.95416180187954,315.0428466796875,2584200,0.0,0.0
2020-02-10 00:00:00-05:00,313.71333646882283,318.20294189453125,313.60737285442946,318.20294189453125,3848100,0.0,0.0
2020-02-11 00:00:00-05:00,322.7502850302211,323.25125996268434,317.60555267167024,318.8194885253906,3449300,0.0,0.0
2020-02-12 00:00:00-05:00,318.7232049087726,322.2204746157725,317.18170481235813,321.9410705566406,2451000,0.0,0.0
2020-02-13 00:00:00-05:00,320.1586807240321,325.47682466556887,319.9852696980579,323.5596008300781,3001000,0.0,0.0
2020-02-14 00:00:00-05:00,325.12038390340524,328.56949360560145,324.7061143977881,328.4827880859375,2716300,0.0,0.0
2020-02-18 00:00:00-05:00,329.128194447352,330.5540868150552,327.9431898906183,328.7620849609375,3597300,0.0,0.0
2020-02-19 00:00:00-05:00,331.4115900611821,334.5427499736114,330.1013341798579,331.96075439453125,3040300,0.0,0.0
2020-02-20 00:00:00-05:00,333.0975752136208,334.5523695842043,325.80440407363784,331.8547668457031,4316000,0.0,0.0
2020-02-21 00:00:00-05:00,330.0241741557929,331.3152010776503,323.33794249331055,327.2784118652344,4997100,0.0,0.0
2020-02-24 00:00:00-05:00,305.8998756404636,317.29728457240776,302.3640606531771,312.7980651855469,7816000,0.0,0.0
2020-02-25 00:00:00-05:00,309.5898199677849,311.41072399907443,289.76236490318837,291.8144836425781,12715700,0.0,0.0
2020-02-26 00:00:00-05:00,290.9570666100085,296.63170695570176,286.9973670017279,287.1418762207031,9403300,0.0,0.0
2020-02-27 00:00:00-05:00,274.6076227184422,286.57348728051653,270.66718074361364,275.3687438964844,13814600,0.0,0.0
2020-02-28 00:00:00-05:00,264.83838660957275,279.7716136229233,263.5473591749469,279.63671875,12846000,0.0,0.0
2020-03-02 00:00:00-05:00,287.960779383331,295.73566879734835,278.85631704952067,295.5237121582031,9688100,0.0,0.0
2020-03-03 00:00:00-05:00,303.0866278067059,303.0866278067059,280.19543189981835,281.3226623535156,8051100,0.0,0.0
2020-03-04 00:00:00-05:00,288.1727033113275,291.7277767988127,282.0452777436854,291.3038635253906,6463800,0.0,0.0
2020-03-05 00:00:00-05:00,284.89703367243897,287.787335406282,277.7001811791031,280.0991516113281,6621300,0.0,0.0
2020-03-06 00:00:00-05:00,272.3531558776311,278.28791276009633,268.4319724978764,276.51519775390625,7061500,0.0,0.0
2020-03-09 00:00:00-04:00,255.31002549168696,269.02931707561015,251.62970033197104,252.4293670654297,8498300,0.0,0.0
2020-03-10 00:00:00-04:00,266.31242395478023,270.59968736808037,253.24823261393038,270.3106689453125,8131400,0.0,0.0
2020-03-11 00:00:00-04:00,262.96922975680394,264.01936891999776,253.68171514397767,259.8958740234375,8366800,0.0,0.0
2020-03-12 00:00:00-04:00,235.5884999237033,252.89176523538913,232.12013186302661,232.66929626464844,15031500,0.0,0.0
2020-03-13 00:00:00-04:00,249.31740720903912,260.1560378772996,236.52300702737256,260.13677978515625,9934900,0.0,0.0
2020-03-16 00:00:00-04:00,225.91563092209407,248.3058410829879,220.87686080811474,227.033203125,12111500,0.0,0.0
2020-03-17 00:00:00-04:00,231.68655972359326,241.34017066648605,223.47811420408766,229.181640625,12665200,0.0,0.0
2020-03-18 00:00:00-04:00,214.20985268584243,220.72267413002726,205.42334174437664,219.59544372558594,11352800,0.0,0.0
2020-03-19 00:00:00-04:00,215.81878233020578,229.77894222564845,203.81440641117658,218.84396362304688,9126400,0.0,0.0
2020-03-20 00:00:00-04:00,227.38967358684062,227.38967358684062,202.32111934932402,203.68919372558594,10518600,0.0,0.0
2020-03-23 00:00:00-04:00,195.8468008182189,207.7933727848419,192.6771104223522,195.86607360839844,11588700,0.0,0.0
2020-03-24 00:00:00-04:00,208.02464037299276,229.72117533827847,207.13828297274438,228.40127563476562,11654800,0.0,0.0
2020-03-25 00:00:00-04:00,238.83522333524937,256.5623986471984,231.57093924982183,247.10150146484375,12642700,0.0,0.0
2020-03-26 00:00:00-04:00,248.4695589977579,256.0903235115556,243.38262995840643,253.55648803710938,9957900,0.0,0.0
2020-03-27 00:00:00-04:00,241.0897111713554,246.7065327295528,235.75227898360495,238.5944061279297,7819300,0.0,0.0
2020-03-30 00:00:00-04:00,236.86020455669578,244.95304256036275,235.70407224117216,243.98960876464844,5765800,0.0,0.0
2020-03-31 00:00:00-04:00,243.22855110733792,244.1534395034581,232.26466761834615,232.72711181640625,10373900,0.0,0.0
2020-04-01 00:00:00-04:00,222.49542837310446,228.43018475611203,218.7958457061003,220.25062561035156,6646200,0.0,0.0
2020-04-02 00:00:00-04:00,220.03863969662538,230.61713844971902,219.03667503711384,230.1450653076172,6446600,0.0,0.0
2020-04-03 00:00:00-04:00,228.31451153260403,231.10847805156533,221.8884105902402,228.36268615722656,4163000,0.0,0.0
2020-04-06 00:00:00-04:00,242.78527830392312,257.34274655292035,240.8680400599383,256.2155456542969,8636700,0.0,0.0
2020-04-07 00:00:00-04:00,271.3125604451892,272.5264963618112,249.0283628155169,249.6063995361328,8627300,0.0,0.0
2020-04-08 00:00:00-04:00,253.3021470230584,262.343477991345,249.82841557894784,261.44610595703125,5690100,0.4,0.0
2020-04-09 00:00:00-04:00,265.47943170038593,266.31891051110824,258.32934437366026,259.9504089355469,6662900,0.0,0.0
2020-04-13 00:00:00-04:00,258.79258781640283,259.2750497404102,246.77927412976405,254.10304260253906,7114400,0.0,0.0
2020-04-14 00:00:00-04:00,260.41352794855857,265.97149607122805,259.75738711383366,261.22406005859375,6354400,0.0,0.0
2020-04-15 00:00:00-04:00,251.37224049480213,253.72665628504717,246.65375025584342,248.12045288085938,10240700,0.0,0.0
2020-04-16 00:00:00-04:00,249.32661866564723,249.32661866564723,236.12645639820695,238.1045379638672,11455400,0.0,0.0
2020-04-17 00:00:00-04:00,249.1915416318951,251.55561643881506,242.68795069501613,250.85121154785156,10412100,0.0,0.0
2020-04-20 00:00:00-04:00,245.58267845403125,247.62832631745405,240.9124521760021,242.9001922607422,6042700,0.0,0.0
2020-04-21 00:00:00-04:00,237.99839215543398,240.64228803221144,235.5378488359103,236.74400329589844,5964600,0.0,0.0
2020-04-22 00:00:00-04:00,242.6396833693127,249.52923695598986,242.19581205610027,247.8985137939453,5083200,0.0,0.0
2020-04-23 00:00:00-04:00,250.2915701488302,253.21528775240535,246.3160745329705,246.8853759765625,4270600,0.0,0.0
2020-04-24 00:00:00-04:00,249.36522872743726,250.7161160396999,243.96166475481922,249.6836700439453,3824200,0.0,0.0
2020-04-27 00:00:00-04:00,251.09245156149615,256.39953202076083,250.40736396558887,255.82057189941406,4099900,0.0,0.0
2020-04-28 00:00:00-04:00,260.91526926528815,263.08634681372786,253.7362371493442,255.3187255859375,4344000,0.0,0.0
2020-04-29 00:00:00-04:00,268.6829462899294,275.00318310525205,266.5697615797715,273.7391357421875,8505000,0.0,0.0
2020-04-30 00:00:00-04:00,268.6637010276204,271.75146867295337,263.81979461304974,265.3250732421875,5898900,0.0,0.0
2020-05-01 00:00:00-04:00,259.274961858751,264.37938608265614,257.83720578848425,259.31353759765625,5067800,0.0,0.0
2020-05-04 00:00:00-04:00,256.18724606465383,260.5969545049058,253.78459543989896,259.81536865234375,3747100,0.0,0.0
2020-05-05 00:00:00-04:00,267.12947972261094,268.10406210512497,263.71364150079415,264.36981201171875,3926200,0.0,0.0
2020-05-06 00:00:00-04:00,267.24523315215964,267.24523315215964,262.0249929202092,262.8837890625,3261900,0.0,0.0
2020-05-07 00:00:00-04:00,268.06550874708404,272.54276981852905,267.5154950517561,268.7023620605469,4371400,0.0,0.0
2020-05-08 00:00:00-04:00,273.4593384170099,273.4786557348961,269.6961423205677,272.53302001953125,3215400,0.0,0.0
2020-05-11 00:00:00-04:00,269.6962410522883,272.89013693581245,267.89183799721997,271.3655700683594,4056900,0.0,0.0
2020-05-12 00:00:00-04:00,270.6127637050537,272.42679485686966,262.5652770996094,262.5652770996094,4031400,0.0,0.0
2020-05-13 00:00:00-04:00,262.7487481129113,266.3865298117863,254.9232299569677,259.7189025878906,4802100,0.0,0.0
2020-05-14 00:00:00-04:00,260.72229501446304,267.82411657419675,254.70115342346813,267.5828857421875,6294200,0.0,0.0
2020-05-15 00:00:00-04:00,266.35754987673613,269.3488192752841,263.704009667032,269.15582275390625,3813300,0.0,0.0
2020-05-18 00:00:00-04:00,275.44706044714724,281.8445081119221,275.00320387205863,279.7313232421875,6037800,0.0,0.0
2020-05-19 00:00:00-04:00,279.02697857557484,287.3735620716412,277.4058845000749,280.5322570800781,5211800,0.0,0.0
2020-05-20 00:00:00-04:00,285.3761477030415,290.58672912586024,285.02878935018117,288.31915283203125,4592200,0.0,0.0
2020-05-21 00:00:00-04:00,288.8692228679018,289.409577820627,282.48143225400713,283.9384765625,3944100,0.0,0.0
2020-05-22 00:00:00-04:00,284.71040650485065,286.3893644491413,282.73232454628146,284.565673828125,2897000,0.0,0.0
2020-05-26 00:00:00-04:00,293.9350062029735,294.3016818624084,291.3490181640838,292.69024658203125,5246900,0.0,0.0
2020-05-27 00:00:00-04:00,293.3368570853528,294.0412621128767,281.87355677455395,289.2552185058594,5147900,0.0,0.0
2020-05-28 00:00:00-04:00,290.42270389495343,299.12630381133573,288.3577533404721,291.6963806152344,4520800,0.0,0.0
2020-05-29 00:00:00-04:00,291.40689689726645,293.751653934129,288.3866816317907,290.3358459472656,4930100,0.0,0.0
2020-06-01 00:00:00-04:00,290.2490123522088,292.42974915074376,287.4507397510099,290.8279724121094,2841800,0.0,0.0
2020-06-02 00:00:00-04:00,294.29198798907237,295.3726975209553,291.10775244355125,292.94110107421875,4131300,0.0,0.0
2020-06-03 00:00:00-04:00,294.7649688411738,297.30269400793145,291.60964878561026,296.2991943359375,3429700,0.0,0.0
2020-06-04 00:00:00-04:00,294.72628815268683,295.8648910160989,288.84024787561873,290.7990417480469,4147700,0.0,0.0
2020-06-05 00:00:00-04:00,296.048229091503,301.2298644923174,294.9289140996845,300.9403991699219,5058200,0.0,0.0
2020-06-08 00:00:00-04:00,300.14919776043587,302.5807951588646,296.27984386211875,299.5220031738281,3724300,0.0,0.0
2020-06-09 00:00:00-04:00,298.9140148606707,302.47458510068884,297.3894486149385,300.56402587890625,3314800,0.0,0.0
2020-06-10 00:00:00-04:00,301.43254101937913,304.973794651801,299.40619527765847,302.1658630371094,4089000,0.0,0.0
2020-06-11 00:00:00-04:00,294.3113546504995,295.7394227225893,280.850658743512,281.03399658203125,6505300,0.0,0.0
2020-06-12 00:00:00-04:00,288.30949746340826,289.4673879816901,280.6866077913228,287.3445739746094,4512200,0.0,0.0
2020-06-15 00:00:00-04:00,279.8277934540173,288.434923368028,278.6216391718879,286.7463073730469,5932900,0.0,0.0
2020-06-16 00:00:00-04:00,295.1797296762877,298.2481791129609,289.58315612024353,293.7998962402344,4013100,0.0,0.0
2020-06-17 00:00:00-04:00,294.30172054193815,296.69474185419807,292.449054131296,293.105224609375,2566400,0.0,0.0
2020-06-18 00:00:00-04:00,291.242863919328,294.39818279327085,289.9595285467236,294.1569519042969,2776600,0.0,0.0
2020-06-19 00:00:00-04:00,298.6437650169128,298.6437650169128,286.0997619628906,286.0997619628906,4533500,0.0,0.0
2020-06-22 00:00:00-04:00,289.09112569928806,294.2534730138906,287.28672322109475,293.7613525390625,3489200,0.0,0.0
2020-06-23 00:00:00-04:00,296.26051635400955,299.54125097726376,293.742079683311,296.11578369140625,3801500,0.0,0.0
2020-06-24 00:00:00-04:00,294.3016424956301,294.8033920720344,282.78045452871964,283.6971435546875,5086000,0.0,0.0
2020-06-25 00:00:00-04:00,283.84195322599186,287.92359099312324,280.47437900606997,287.5569152832031,3294800,0.0,0.0
2020-06-26 00:00:00-04:00,286.4664482576584,287.6532851295056,279.0268974899839,279.19091796875,4922500,0.0,0.0
2020-06-29 00:00:00-04:00,281.1208651937693,282.86737472238326,275.1479851781415,282.65509033203125,3642200,0.0,0.0
2020-06-30 00:00:00-04:00,282.8094152989819,286.19630608991054,280.80238744514133,285.327880859375,4283500,0.0,0.0
2020-07-01 00:00:00-04:00,285.5788354915749,292.6324260122596,284.76830304489994,290.6061096191406,3801300,0.0,0.0
2020-07-02 00:00:00-04:00,293.65517290309566,296.1254042983398,290.7411143643237,291.81219482421875,3290100,0.0,0.0
2020-07-06 00:00:00-04:00,295.893727755453,296.5402393312708,292.5358134756236,294.85162353515625,3013300,0.0,0.0
2020-07-07 00:00:00-04:00,292.55520722018565,296.9938619515144,288.8981382987255,289.3902587890625,3633100,0.0,0.0
2020-07-08 00:00:00-04:00,290.74293671540084,291.35165516126426,287.3515222235667,290.00860595703125,4115000,0.4,0.0
2020-07-09 00:00:00-04:00,289.49645916510707,290.5592983521354,280.74258006491027,284.63641357421875,5042800,0.0,0.0
2020-07-10 00:00:00-04:00,284.0664370417022,286.92641740332783,281.65090611447687,285.6896667480469,3030900,0.0,0.0
2020-07-13 00:00:00-04:00,287.7959292864426,288.53025993682064,280.2208297677797,280.37542724609375,4853700,0.0,0.0
2020-07-14 00:00:00-04:00,282.13399477378204,288.99410807824466,278.89717763507855,288.84918212890625,4795900,0.0,0.0
2020-07-15 00:00:00-04:00,292.7623128674635,296.40492244874235,291.2067252925256,295.3904113769531,5257300,0.0,0.0
2020-07-16 00:00:00-04:00,292.7333405323715,293.27441705927725,288.8105209690754,289.23565673828125,3312100,0.0,0.0
2020-07-17 00:00:00-04:00,291.53517685191775,294.9265611477022,289.2935577854123,293.78643798828125,3169800,0.0,0.0
2020-07-20 00:00:00-04:00,291.71886528377223,304.3472391369386,291.71886528377223,301.41961669921875,5279400,0.0,0.0
2020-07-21 00:00:00-04:00,302.42438759228315,303.43889850368237,295.9507547214453,297.20684814453125,3562100,0.0,0.0
2020-07-22 00:00:00-04:00,297.71897874405,302.9751756270396,297.71897874405,302.78192138671875,3303100,0.0,0.0
2020-07-23 00:00:00-04:00,302.9558066196208,306.52113179769964,298.2890149279278,299.42913818359375,3118500,0.0,0.0
2020-07-24 00:00:00-04:00,296.12476046336786,300.23116279583667,294.2503062162183,296.5498962402344,2500300,0.0,0.0
2020-07-27 00:00:00-04:00,296.68523708245056,299.5259044708659,295.6803677273694,298.4244079589844,2311600,0.0,0.0
2020-07-28 00:00:00-04:00,298.07642953585247,299.7190018821709,295.689884495929,295.979736328125,2116300,0.0,0.0
2020-07-29 00:00:00-04:00,294.2116194326631,301.12970242961876,293.8444540731735,298.84942626953125,3542400,0.0,0.0
2020-07-30 00:00:00-04:00,293.7285393279733,302.2505388944365,292.8009837757778,298.5596008300781,3941600,0.0,0.0
2020-07-31 00:00:00-04:00,299.52574063213814,299.6126961797538,295.28405550646335,298.10540771484375,4684400,0.0,0.0
2020-08-03 00:00:00-04:00,300.4919854623898,302.90751589215176,298.84941297556946,302.02825927734375,3907800,0.0,0.0
2020-08-04 00:00:00-04:00,301.9413312473815,305.0235507156715,300.5886399806849,303.7674865722656,3409200,0.0,0.0
2020-08-05 00:00:00-04:00,305.68052046642663,318.5408012892358,305.1974144115158,316.9175720214844,5677200,0.0,0.0
2020-08-06 00:00:00-04:00,316.3378189447234,320.02875604864494,314.8885008712261,318.9852600097656,4839800,0.0,0.0
2020-08-07 00:00:00-04:00,316.9175455054022,317.23638250092705,312.9850554707058,316.9368591308594,3662500,0.0,0.0
2020-08-10 00:00:00-04:00,316.13504580166426,318.5988756916629,310.98511706225185,311.9706726074219,3752100,0.0,0.0
2020-08-11 00:00:00-04:00,314.0189621590029,323.2462767909389,312.64692787337526,317.4393615722656,5273300,0.0,0.0
2020-08-12 00:00:00-04:00,317.555439506699,320.20285261880844,315.1785647455608,316.56024169921875,3125900,0.0,0.0
2020-08-13 00:00:00-04:00,314.9175375975079,318.68575930807594,314.61801417220994,315.16876220703125,2526700,0.0,0.0
2020-08-14 00:00:00-04:00,314.66629230682065,316.569731230884,313.83533460820047,315.7580871582031,1444900,0.0,0.0
2020-08-17 00:00:00-04:00,315.9513896018816,320.03847782561735,315.6421946209345,319.072265625,2904100,0.0,0.0
2020-08-18 00:00:00-04:00,319.0432956593218,320.2027326635032,315.32337261218396,319.8162536621094,3021700,0.0,0.0
2020-08-19 00:00:00-04:00,318.88869856090014,323.1593401843059,318.850041814775,321.1689453125,3421000,0.0,0.0
2020-08-20 00:00:00-04:00,319.03369104488627,326.5798079162227,319.03369104488627,325.92279052734375,2966000,0.0,0.0
2020-08-21 00:00:00-04:00,326.57972914043,327.3526871189607,324.61831952061294,325.71014404296875,2680900,0.0,0.0
2020-08-24 00:00:00-04:00,327.89378841614285,332.2127585297311,327.30441307303937,332.0292053222656,2753900,0.0,0.0
2020-08-25 00:00:00-04:00,333.06308312807386,336.68637979104,331.72970523826814,335.9134216308594,2862700,0.0,0.0
2020-08-26 00:00:00-04:00,336.2418701150204,340.3869290114398,333.82633943890676,339.1598205566406,3512000,0.0,0.0
2020-08-27 00:00:00-04:00,339.84587211692656,345.9040127872081,338.73470435260396,343.9715881347656,3811700,0.0,0.0
2020-08-28 00:00:00-04:00,345.4015750569615,354.84145837883074,344.12616777582735,353.7496337890625,3544700,0.0,0.0
2020-08-31 00:00:00-04:00,354.2424508415588,354.2424508415588,345.6045097750999,346.0876159667969,3948200,0.0,0.0
2020-09-01 00:00:00-04:00,345.62381617870045,347.2953741821366,341.61404076877494,344.8411865234375,4409600,0.0,0.0
2020-09-02 00:00:00-04:00,345.3146870003385,349.3824332215486,344.2421758312876,348.5128479003906,4127200,0.0,0.0
2020-09-03 00:00:00-04:00,346.358101857823,346.81222278877743,329.72959751137347,332.222412109375,6297400,0.0,0.0
2020-09-04 00:00:00-04:00,331.41072909508154,335.26590569174766,315.5165292724716,323.6907043457031,6571200,0.0,0.0
2020-09-08 00:00:00-04:00,317.6519169304378,324.3670737034896,315.85474699247976,318.73406982421875,4425700,0.0,0.0
2020-09-09 00:00:00-04:00,325.9903293172943,331.17888381114415,321.1399254845767,328.164306640625,3344900,0.0,0.0
2020-09-10 00:00:00-04:00,330.92767756723345,333.4688203639039,319.95152115967034,321.6327209472656,2845900,0.0,0.0
2020-09-11 00:00:00-04:00,323.4008900476468,323.4008900476468,316.25092538102166,318.9949645996094,2920400,0.0,0.0
2020-09-14 00:00:00-04:00,323.6520993683671,328.5121455181927,322.73418599071914,327.1594543457031,3416100,0.0,0.0
2020-09-15 00:00:00-04:00,331.159584484574,332.3093794465282,327.0918390779353,327.6812438964844,2396400,0.0,0.0
2020-09-16 00:00:00-04:00,329.74890405946843,334.34808364556034,328.30925729258536,330.2996520996094,3049000,0.0,0.0
2020-09-17 00:00:00-04:00,325.74888152273695,332.10654650826314,324.6473851695518,327.96148681640625,3713000,0.0,0.0
2020-09-18 00:00:00-04:00,326.78262031340023,329.61364447263827,322.1061567979419,323.93231201171875,4006000,0.0,0.0
2020-09-21 00:00:00-04:00,318.3380256063662,320.4637048478796,309.9706220269032,316.77276611328125,4466000,0.0,0.0
2020-09-22 00:00:00-04:00,318.37663217337916,324.67632590789356,314.12527436052767,323.98065185546875,3375300,0.0,0.0
2020-09-23 00:00:00-04:00,323.5264639727188,323.8453304859652,312.5406368436958,313.5648193359375,2893900,0.0,0.0
2020-09-24 00:00:00-04:00,312.27978054867606,319.60365571558896,310.32801312263183,317.1204833984375,3706300,0.0,0.0
2020-09-25 00:00:00-04:00,314.64708956106256,322.212549824255,311.21704703697156,320.5699768066406,3077500,0.0,0.0
2020-09-28 00:00:00-04:00,325.23671775212557,329.06293980334567,324.4637596838877,326.95660400390625,3122500,0.0,0.0
2020-09-29 00:00:00-04:00,326.9565899493757,329.20785160402966,324.47341729505115,324.86956787109375,2679500,0.0,0.0
2020-09-30 00:00:00-04:00,325.3236549436945,332.0388119470581,325.0531167109705,326.7439880371094,3285200,0.0,0.0
2020-10-01 00:00:00-04:00,330.6764859372364,334.9858139970895,328.7827180979246,331.768310546875,2503600,0.0,0.0
2020-10-02 00:00:00-04:00,326.84063731623485,331.03399532934833,324.65701748076884,327.3817138671875,2184600,0.0,0.0
2020-10-05 00:00:00-04:00,330.1354442473341,331.65240478515625,327.5170169115034,331.65240478515625,2081600,0.0,0.0
2020-10-06 00:00:00-04:00,330.502466315413,334.65716601969194,324.8597919111509,326.0289001464844,2553400,0.0,0.0
2020-10-07 00:00:00-04:00,330.2319998729945,333.0050241300007,328.84065196572664,332.2803649902344,3068200,0.0,0.0
2020-10-08 00:00:00-04:00,333.74105297189124,336.3335098637356,332.99618435389704,333.87646484375,1991800,0.4,0.0
2020-10-09 00:00:00-04:00,336.6236670150718,341.81826312107825,335.6660126216797,340.8799743652344,3116500,0.0,0.0
2020-10-12 00:00:00-04:00,343.40475311007697,343.40475311007697,339.3612901443626,340.54144287109375,2942900,0.0,0.0
2020-10-13 00:00:00-04:00,339.9513885630068,340.01910926862024,333.7507520463666,334.5439758300781,2523800,0.0,0.0
2020-10-14 00:00:00-04:00,334.466580772385,335.8498661359015,330.0458418764314,331.50653076171875,2234300,0.0,0.0
2020-10-15 00:00:00-04:00,327.25018310325163,328.51739255162136,321.9491938141295,327.5113830566406,3727300,0.0,0.0
2020-10-16 00:00:00-04:00,328.89467829715505,333.7120286244041,328.14983921202577,328.31427001953125,3324600,0.0,0.0
2020-10-19 00:00:00-04:00,329.0108061855631,330.15225728260344,319.63730400704907,320.8368225097656,2937600,0.0,0.0
2020-10-20 00:00:00-04:00,322.16202416289286,325.7991923537466,320.84643007793505,320.8851318359375,2677800,0.0,0.0
2020-10-21 00:00:00-04:00,321.62995596364794,325.3348741991657,320.4788222631828,322.52960205078125,2725300,0.0,0.0
2020-10-22 00:00:00-04:00,322.48120664428836,324.4255639172268,318.49578199234224,322.7037048339844,2256000,0.0,0.0
2020-10-23 00:00:00-04:00,324.725420734244,324.725420734244,317.58646761332,318.843994140625,2945400,0.0,0.0
2020-10-26 00:00:00-04:00,315.74859873601986,316.55147577478203,303.9664364957535,307.67132568359375,5173300,0.0,0.0
2020-10-27 00:00:00-04:00,308.48389207160096,309.12233830040554,302.1574971868964,306.7523498535156,4314900,0.0,0.0
2020-10-28 00:00:00-04:00,291.8360397896325,292.1359120396651,279.1735960188856,281.86279296875,11518200,0.0,0.0
2020-10-29 00:00:00-04:00,283.6232779907618,285.6546624879889,278.15779921065615,283.6039123535156,9582300,0.0,0.0
2020-10-30 00:00:00-04:00,280.3827809027957,282.3174559070988,272.015317413344,279.2123107910156,6892800,0.0,0.0
2020-11-02 00:00:00-05:00,284.6292986640643,285.2097069093942,278.70919950743695,280.498779296875,5094900,0.0,0.0
2020-11-03 00:00:00-05:00,284.8324913110518,290.5300928876334,282.249687626463,285.7417907714844,4097700,0.0,0.0
2020-11-04 00:00:00-05:00,295.12488836448654,302.50567556265685,292.36797157523,297.1659851074219,4790100,0.0,0.0
2020-11-05 00:00:00-05:00,304.84667025693574,308.9191517484482,303.3375970119565,306.1912536621094,3794400,0.0,0.0
2020-11-06 00:00:00-05:00,305.6592567020592,306.1525786606379,299.96162572285294,303.39569091796875,2978500,0.0,0.0
2020-11-09 00:00:00-05:00,335.5886871165735,345.3394346347589,329.76529736471895,333.3057556152344,10933700,0.0,0.0
2020-11-10 00:00:00-05:00,328.8849724664089,334.56323723286073,322.5489254743759,323.84515380859375,5330400,0.0,0.0
2020-11-11 00:00:00-05:00,326.38934880876866,326.66988494906883,320.2564326127025,321.5333251953125,2969900,0.0,0.0
2020-11-12 00:00:00-05:00,318.312069458246,322.21043832978825,315.6422085613297,317.5672302246094,3207700,0.0,0.0
2020-11-13 00:00:00-05:00,319.51151977003883,325.131747497598,316.6482094361882,324.0870361328125,2393700,0.0,0.0
2020-11-16 00:00:00-05:00,330.6359472223454,331.4581900053115,322.28784935616835,324.4933776855469,3312800,0.0,0.0
2020-11-17 00:00:00-05:00,322.2878428846238,326.7375716992348,319.9178542379223,325.5090637207031,3412700,0.0,0.0
2020-11-18 00:00:00-05:00,325.5381328883001,329.8137782210346,323.92266604987543,324.9674072265625,3203400,0.0,0.0
2020-11-19 00:00:00-05:00,324.53200838786654,328.0821495640042,320.5949676844215,322.974609375,2718700,0.0,0.0
2020-11-20 00:00:00-05:00,323.8452467655146,324.21283973849756,312.45001220703125,312.45001220703125,4142400,0.0,0.0
2020-11-23 00:00:00-05:00,315.55510886298157,322.31681701759163,313.77521168043154,321.1947021484375,3219000,0.0,0.0
2020-11-24 00:00:00-05:00,325.9055854255769,332.8703956777177,323.20670632346787,331.20660400390625,3529700,0.0,0.0
2020-11-25 00:00:00-05:00,332.4834598576522,332.4834598576522,328.25620102827526,330.1715393066406,2535200,0.0,0.0
2020-11-27 00:00:00-05:00,331.63222422370177,331.68060879981317,326.58272247917654,327.99505615234375,1402300,0.0,0.0
2020-11-30 00:00:00-05:00,326.63110872298313,327.0083549104659,319.3954152584728,325.5186767578125,4276200,0.0,0.0
2020-12-01 00:00:00-05:00,328.57548405382386,331.4387942864017,326.5924248137404,327.811279296875,4210400,0.0,0.0
2020-12-02 00:00:00-05:00,325.7799914279256,329.12697162467634,323.09079378622573,329.1076354980469,2972100,0.0,0.0
2020-12-03 00:00:00-05:00,327.50172810532086,331.1389259574444,323.206747945709,324.1934509277344,3080300,0.0,0.0
2020-12-04 00:00:00-05:00,325.91532101196213,333.1026306152344,324.83187835569925,333.1026306152344,4323600,0.0,0.0
2020-12-07 00:00:00-05:00,332.14496820248235,336.6237452591755,328.94308364763606,329.8233642578125,2389800,0.0,0.0
2020-12-08 00:00:00-05:00,327.2308485320771,331.63222127559294,325.7024686438855,329.65887451171875,2224600,0.0,0.0
2020-12-09 00:00:00-05:00,329.29134469059966,330.548871566493,323.758173299236,325.8476257324219,2962600,0.0,0.0
2020-12-10 00:00:00-05:00,323.71942085655144,324.58036522171153,320.37244207144806,320.691650390625,3506800,0.0,0.0
2020-12-11 00:00:00-05:00,316.406378589539,320.74006065898726,314.8973346455191,316.7256164550781,4179400,0.0,0.0
2020-12-14 00:00:00-05:00,318.25403158732973,327.6855720371062,316.89008219517405,320.33380126953125,3552400,0.0,0.0
2020-12-15 00:00:00-05:00,322.2781503237714,324.2708631210986,316.9190925527009,322.75213623046875,3104600,0.0,0.0
2020-12-16 00:00:00-05:00,323.05191854382065,323.0906202971021,318.4957686611403,321.252685546875,3393300,0.0,0.0
2020-12-17 00:00:00-05:00,323.6130634722039,327.27925097920985,322.5102846614163,325.8959655761719,2725500,0.0,0.0
2020-12-18 00:00:00-05:00,325.51872174702424,330.4424656284059,323.429269395968,329.21392822265625,8443700,0.0,0.0
2020-12-21 00:00:00-05:00,322.32652386046055,325.17049850522295,316.55151773741824,323.4486389160156,3642500,0.0,0.0
2020-12-22 00:00:00-05:00,323.24542309123444,324.2707982275412,320.7690420615738,321.38812255859375,2403100,0.0,0.0
2020-12-23 00:00:00-05:00,323.21641782859746,324.26112912686324,318.2829916783167,318.4764709472656,2760600,0.0,0.0
2020-12-24 00:00:00-05:00,319.8500992134574,325.3832702151655,319.5599098073934,325.0253601074219,1308900,0.0,0.0
2020-12-28 00:00:00-05:00,326.8245439745253,334.30207142689864,325.8668895587407,333.2186584472656,3449100,0.0,0.0
2020-12-29 00:00:00-05:00,336.420601892142,337.35892035683366,333.499253553384,335.3371887207031,2822700,0.0,0.0
2020-12-30 00:00:00-05:00,337.2911350767178,346.13261144515366,335.86914818125473,343.9367370605469,4200600,0.0,0.0
2020-12-31 00:00:00-05:00,343.4337543177444,347.6706963395634,341.7118951352618,345.2813720703125,2881700,0.0,0.0
2021-01-04 00:00:00-05:00,346.3068061607151,346.43256475220136,336.01432155064913,340.0094299316406,4638400,0.0,0.0
2021-01-05 00:00:00-05:00,337.4072579314172,341.47008663453636,334.1570185855565,336.0723571777344,2990700,0.0,0.0
2021-01-06 00:00:00-05:00,338.9743726362956,342.46644635606464,333.305760323174,336.1980895996094,3966800,0.0,0.0
2021-01-07 00:00:00-05:00,337.9802664714028,341.29273729778714,337.4281781476007,338.86163330078125,3100200,0.44,0.0
2021-01-08 00:00:00-05:00,340.31448340614037,343.82070837532575,338.50327425083225,342.7262268066406,3371500,0.0,0.0
2021-01-11 00:00:00-05:00,341.04087188315964,342.3097172322712,336.85670012449526,337.2538146972656,2403000,0.0,0.0
2021-01-12 00:00:00-05:00,336.16902997217926,337.0601214598138,325.46641437554854,332.13983154296875,4858100,0.0,0.0
2021-01-13 00:00:00-05:00,338.6195144580734,338.7648226482718,333.4086669889412,335.442626953125,4125700,0.0,0.0
2021-01-14 00:00:00-05:00,337.72845011082956,338.5904563600305,316.42005052834713,316.6524963378906,8712200,0.0,0.0
2021-01-15 00:00:00-05:00,317.2433517022298,319.3257576742211,311.7612778011167,313.097900390625,7911500,0.0,0.0
2021-01-19 00:00:00-05:00,316.71055279642627,318.7832927656629,314.45381296539483,315.6935729980469,4625200,0.0,0.0
2021-01-20 00:00:00-05:00,319.61627663935786,327.30667359663295,318.783326173692,324.3816223144531,5081000,0.0,0.0
2021-01-21 00:00:00-05:00,323.89733587778795,326.2702988079431,321.32095332299775,323.9263916015625,3484900,0.0,0.0
2021-01-22 00:00:00-05:00,320.00371766159765,324.61405994748026,318.5702330016301,318.647705078125,3846600,0.0,0.0
2021-01-25 00:00:00-05:00,317.21425102835474,319.5775484051645,307.25741912669565,318.8414306640625,6257700,0.0,0.0
2021-01-26 00:00:00-05:00,319.625999969827,320.1490326097146,315.57741106418115,317.3983154296875,3503100,0.0,0.0
2021-01-27 00:00:00-05:00,310.2889819327691,312.846003705174,303.2765918037019,305.57208251953125,7449400,0.0,0.0
2021-01-28 00:00:00-05:00,316.80747688851534,318.6574369845606,311.85813088499697,314.0858154296875,6906400,0.0,0.0
2021-01-29 00:00:00-05:00,313.62081480949456,315.4417187175283,302.55983741475893,306.346923828125,7627200,0.0,0.0
2021-02-01 00:00:00-05:00,310.82176400297686,313.3497009377468,307.59643050070594,311.4513244628906,4930700,0.0,0.0
2021-02-02 00:00:00-05:00,313.28194343076257,325.5923798931567,313.28194343076257,323.858642578125,5686000,0.0,0.0
2021-02-03 00:00:00-05:00,323.3452545100234,325.4373553413463,320.66234409652947,322.3573303222656,4036800,0.0,0.0
2021-02-04 00:00:00-05:00,324.8271301809864,332.4594151473315,324.52687786626774,330.115478515625,4537500,0.0,0.0
2021-02-05 00:00:00-05:00,331.7523649284046,333.50546252807237,326.78365891918924,328.10089111328125,2964800,0.0,0.0
2021-02-08 00:00:00-05:00,329.31154034947576,330.75469028826313,324.98206097490583,326.4349060058594,2652800,0.0,0.0
2021-02-09 00:00:00-05:00,325.38899011227863,325.65049167295115,319.6260242160056,322.9578857421875,2993300,0.0,0.0
2021-02-10 00:00:00-05:00,324.468756166453,324.9239821708657,321.80520667553435,323.7035827636719,4246300,0.0,0.0
2021-02-11 00:00:00-05:00,334.6386964177826,338.6001176706487,329.5537379338655,332.09136962890625,5110800,0.0,0.0
2021-02-12 00:00:00-05:00,330.5997337674001,332.33347053730813,326.1153100346136,330.2801208496094,3025100,0.0,0.0
2021-02-16 00:00:00-05:00,332.4110125335225,333.18585152774375,327.4422769369488,330.4835510253906,2916900,0.0,0.0
2021-02-17 00:00:00-05:00,328.38175916010374,329.6796306313591,325.2823443081852,326.7254943847656,2267000,0.0,0.0
2021-02-18 00:00:00-05:00,323.9748088898248,329.2631870977529,322.37668496118846,327.82000732421875,2393700,0.0,0.0
2021-02-19 00:00:00-05:00,327.80070066822384,328.34309397502955,320.5945843826985,322.6963806152344,4095800,0.0,0.0
2021-02-22 00:00:00-05:00,319.62600514013263,333.30211917620784,318.4346612072886,329.9508972167969,4940300,0.0,0.0
2021-02-23 00:00:00-05:00,329.94107891846164,343.14260129413975,327.77150660688517,339.4039611816406,6326600,0.0,0.0
2021-02-24 00:00:00-05:00,341.7770404734555,357.19658633714323,339.549355966744,355.7727966308594,7467400,0.0,0.0
2021-02-25 00:00:00-05:00,353.0995243611392,355.7727692097258,341.1377586429801,343.423583984375,5207500,0.0,0.0
2021-02-26 00:00:00-05:00,345.8546682355493,348.09207728658146,336.20778330819195,342.7262268066406,4868500,0.0,0.0
2021-03-01 00:00:00-05:00,349.3415173301403,354.9301483022036,347.88867190861384,351.4917297363281,4382900,0.0,0.0
2021-03-02 00:00:00-05:00,350.62001637495723,355.08508029609857,348.04363370212235,351.41424560546875,3559200,0.0,0.0
2021-03-03 00:00:00-05:00,348.6828164306471,353.942108484506,344.27586487959877,348.9249572753906,3692300,0.0,0.0
2021-03-04 00:00:00-05:00,348.7797812359069,350.26168245914926,333.8445165349285,338.51300048828125,4572000,0.0,0.0
2021-03-05 00:00:00-05:00,343.7626168396269,350.4166442537239,335.529825978055,349.5352478027344,4643200,0.0,0.0
2021-03-08 00:00:00-05:00,351.0074419293325,370.4368253364467,350.4166323226208,359.6567077636719,7213300,0.0,0.0
2021-03-09 00:00:00-05:00,363.2113875666883,375.1440994468516,361.00306351261156,364.68359375,5832800,0.0,0.0
2021-03-10 00:00:00-05:00,364.76106426793467,371.92842912590527,361.2742293332361,369.70074462890625,4509500,0.0,0.0
2021-03-11 00:00:00-05:00,373.381234158854,377.25548820978895,370.5724058835687,372.29644775390625,3729700,0.0,0.0
2021-03-12 00:00:00-05:00,369.15839352437627,371.8606650439189,367.318098794369,370.67901611328125,2467500,0.0,0.0
2021-03-15 00:00:00-04:00,371.2601118572245,375.66706442231737,366.7369363892251,369.75885009765625,4216200,0.0,0.0
2021-03-16 00:00:00-04:00,370.669291920347,373.16817293785886,366.78534252654924,370.3593444824219,3445100,0.0,0.0
2021-03-17 00:00:00-04:00,369.8459941974957,372.993825707065,364.05397357893145,366.775634765625,3240900,0.0,0.0
2021-03-18 00:00:00-04:00,363.24039386148365,363.67625929053355,353.56445327214897,355.46282958984375,7205200,0.0,0.0
2021-03-19 00:00:00-04:00,353.3319518956292,354.7654365121996,339.13283704030084,345.3025817871094,12224300,0.0,0.0
2021-03-22 00:00:00-04:00,344.7504599810278,350.280948735098,342.87144461480966,347.13311767578125,4140400,0.0,0.0
2021-03-23 00:00:00-04:00,348.00490329623375,348.00490329623375,342.3969411143533,344.1015930175781,3756300,0.0,0.0
2021-03-24 00:00:00-04:00,345.8545657741632,353.51590492702894,344.80853042903396,348.3437805175781,3550000,0.0,0.0
2021-03-25 00:00:00-04:00,346.7554173012606,348.1695116909491,343.0167469373521,347.0943908691406,2961800,0.0,0.0
2021-03-26 00:00:00-04:00,348.6150817082265,355.08507931849937,346.02903350628594,354.6298828125,2741200,0.0,0.0
2021-03-29 00:00:00-04:00,352.78951907418576,353.8646398054016,347.3365024690769,351.5013427734375,4054900,0.0,0.0
2021-03-30 00:00:00-04:00,349.43836465509264,353.1092288727526,345.87405780072527,346.9394836425781,2885800,0.0,0.0
2021-03-31 00:00:00-04:00,348.2857174195731,350.1356771028416,344.5954931458846,344.85699462890625,4372600,0.0,0.0
2021-04-01 00:00:00-04:00,345.81599223680587,351.9760431899903,344.07255983929105,351.8791809082031,3701800,0.0,0.0
2021-04-05 00:00:00-04:00,355.2690974979486,358.87215507797345,352.88643944673964,356.7413330078125,2180300,0.0,0.0
2021-04-06 00:00:00-04:00,353.428851865397,359.0949548392371,351.10430513613875,357.9520568847656,2661900,0.0,0.0
2021-04-07 00:00:00-04:00,357.5355950372007,362.2040493018217,357.39998194011963,359.4145812988281,2958300,0.0,0.0
2021-04-08 00:00:00-04:00,361.70309798587533,367.82198716878867,361.46066963601885,366.2995300292969,3528400,0.44,0.0
2021-04-09 00:00:00-04:00,364.6898108613281,368.8305061145346,363.099496237171,368.56866455078125,2429300,0.0,0.0
2021-04-12 00:00:00-04:00,366.6291413028178,369.4025363500455,364.786692203451,368.3358459472656,2896600,0.0,0.0
2021-04-13 00:00:00-04:00,367.5795301461486,368.5880402890087,365.3879685645398,366.6777038574219,2652800,0.0,0.0
2021-04-14 00:00:00-04:00,365.58190983311005,369.4122891607243,364.22431714761547,366.8619384765625,2317400,0.0,0.0
2021-04-15 00:00:00-04:00,369.62575297423626,375.6379596527794,369.43179841321734,374.78460693359375,2942200,0.0,0.0
2021-04-16 00:00:00-04:00,377.21848837116494,377.31546562359694,372.0499293021967,374.4742126464844,2725500,0.0,0.0
2021-04-19 00:00:00-04:00,373.2426372536666,375.9966194302164,369.77107671650407,370.58563232421875,3360900,0.0,0.0
2021-04-20 00:00:00-04:00,368.6752600851383,369.7613341230447,362.24605690030876,365.22308349609375,3135900,0.0,0.0
2021-04-21 00:00:00-04:00,367.1237756799789,372.4669057382397,365.2619426098085,371.4971923828125,2466300,0.0,0.0
2021-04-22 00:00:00-04:00,371.4778100349385,377.7033833149975,370.42082594091477,371.74932861328125,3713700,0.0,0.0
2021-04-23 00:00:00-04:00,372.70936514728373,378.0718792660994,371.8463059842208,375.3372802734375,2294800,0.0,0.0
2021-04-26 00:00:00-04:00,376.08394591068316,381.03919691826485,375.3760740476753,375.73486328125,2255000,0.0,0.0
2021-04-27 00:00:00-04:00,376.46217559584125,378.6052341415393,374.4451845398856,377.28643798828125,2270000,0.0,0.0
2021-04-28 00:00:00-04:00,378.8669601079989,389.3398508591703,378.8669601079989,383.6670227050781,4065300,0.0,0.0
2021-04-29 00:00:00-04:00,379.6427705942842,380.505829667087,372.1856726818135,377.1700134277344,4637100,0.0,0.0
2021-04-30 00:00:00-04:00,371.26443681668206,373.33963757839666,364.23401507007594,370.4886779785156,4043200,0.0,0.0
2021-05-03 00:00:00-04:00,373.79546989762395,375.15306290027775,365.4365441313112,367.9093017578125,3344100,0.0,0.0
2021-05-04 00:00:00-04:00,365.6498038488781,366.755261630571,360.3260576688965,364.5249328613281,3321200,0.0,0.0
2021-05-05 00:00:00-04:00,366.4836877970711,368.1419186093865,356.8835334228068,357.9599304199219,2993900,0.0,0.0
2021-05-06 00:00:00-04:00,359.89938873262014,364.35036898560253,354.6241463009447,364.1079406738281,3787300,0.0,0.0
2021-05-07 00:00:00-04:00,365.83404710728206,367.17225618918485,362.2460960787977,364.0303649902344,2935900,0.0,0.0
2021-05-10 00:00:00-04:00,364.4085843962606,364.61221591157584,354.3429551901562,355.2447814941406,3193700,0.0,0.0
2021-05-11 00:00:00-04:00,350.0762038112408,357.7563164852285,348.3888825655169,356.4762878417969,3073100,0.0,0.0
2021-05-12 00:00:00-04:00,353.702926707836,354.31385082268457,344.8688527363126,345.81915283203125,3293200,0.0,0.0
2021-05-13 00:00:00-04:00,348.44710631766674,351.85080985392256,347.07983645276016,349.1162109375,2626000,0.0,0.0
2021-05-14 00:00:00-04:00,352.03504471339335,353.66415607808904,350.5416778324371,352.8883972167969,2959700,0.0,0.0
2021-05-17 00:00:00-04:00,351.3272224434346,353.033927834724,347.21564628439404,352.29693603515625,2511600,0.0,0.0
2021-05-18 00:00:00-04:00,355.88475741690525,358.6387394544396,351.8895436217033,352.07379150390625,3421200,0.0,0.0
2021-05-19 00:00:00-04:00,346.5077023242951,350.2120148939577,344.6070722031311,350.04718017578125,3577900,0.0,0.0
2021-05-20 00:00:00-04:00,351.94781401732763,358.22186143838456,351.5114311124938,356.56365966796875,4087500,0.0,0.0
2021-05-21 00:00:00-04:00,357.9601031142153,361.24741692708835,356.33096172703205,356.46673583984375,2708700,0.0,0.0
2021-05-24 00:00:00-04:00,358.87144852162135,362.42060238963023,358.4448019388772,361.101806640625,2351500,0.0,0.0
2021-05-25 00:00:00-04:00,361.8291851016934,362.43040270704097,355.7102955866657,356.0981750488281,3916300,0.0,0.0
2021-05-26 00:00:00-04:00,357.82425106125686,358.70669382238776,351.08473097223913,351.66656494140625,3101900,0.0,0.0
2021-05-27 00:00:00-04:00,353.50898151170173,355.3029570852674,349.62045119397436,351.0362243652344,5416300,0.0,0.0
2021-05-28 00:00:00-04:00,352.490724544951,354.3428801838518,349.5040211104348,349.6591491699219,3624300,0.0,0.0
2021-06-01 00:00:00-04:00,353.44117755332974,354.33329737689604,348.6507906257118,348.8932189941406,3119700,0.0,0.0
2021-06-02 00:00:00-04:00,352.5198636904072,359.9284872744405,351.8895559838694,355.73931884765625,3531000,0.0,0.0
2021-06-03 00:00:00-04:00,352.35500095279093,355.58416272669797,350.77439317491604,350.8616638183594,2605900,0.0,0.0
2021-06-04 00:00:00-04:00,353.27627717512723,355.52601930686,352.68476622133653,354.9344787597656,2295200,0.0,0.0
2021-06-07 00:00:00-04:00,356.66058832329577,360.10308876163407,352.2774942658308,353.0532531738281,2133400,0.0,0.0
2021-06-08 00:00:00-04:00,353.94534432743694,356.5441687943531,352.22896248935507,354.1974792480469,3224200,0.0,0.0
2021-06-09 00:00:00-04:00,355.8266082100775,358.1345306479148,352.325927734375,352.325927734375,2520900,0.0,0.0
2021-06-10 00:00:00-04:00,353.64480401660336,354.56604364072194,350.9974756177989,353.2666015625,2460200,0.0,0.0
2021-06-11 00:00:00-04:00,354.4690031164215,355.73932515457017,352.78168187407135,354.4302062988281,2708300,0.0,0.0
2021-06-14 00:00:00-04:00,354.91507125611577,355.5259953759931,351.1331952679487,355.4193115234375,2515300,0.0,0.0
2021-06-15 00:00:00-04:00,356.21451097458066,357.5818103973983,351.75382348892856,356.97088623046875,3562500,0.0,0.0
2021-06-16 00:00:00-04:00,358.1927517681845,358.1927517681845,350.3574506758493,352.8011474609375,3081000,0.0,0.0
2021-06-17 00:00:00-04:00,352.4907938350655,357.9696682057259,350.2895552396705,356.166015625,3824900,0.0,0.0
2021-06-18 00:00:00-04:00,351.1525853495253,359.1624269029388,351.0362244851768,356.2920837402344,5009400,0.0,0.0
2021-06-21 00:00:00-04:00,357.45572445148025,365.0485964291053,355.1090347554015,361.79034423828125,3094600,0.0,0.0
2021-06-22 00:00:00-04:00,362.6630971604344,367.28864891820945,360.752760619977,366.5904541015625,3582700,0.0,0.0
2021-06-23 00:00:00-04:00,366.55171734381724,367.2499122748712,362.9540884041618,363.7783508300781,2241800,0.0,0.0
2021-06-24 00:00:00-04:00,367.52136727219187,368.54926107704557,361.6061097958521,363.40008544921875,2788200,0.0,0.0
2021-06-25 00:00:00-04:00,364.07890287490807,368.15168134307766,362.0230856367226,368.1128845214844,3983900,0.0,0.0
2021-06-28 00:00:00-04:00,369.38327727649454,369.38327727649454,354.0617863102929,356.54425048828125,4800300,0.0,0.0
2021-06-29 00:00:00-04:00,357.8338814829476,360.1418036601972,356.76719103212235,356.8544616699219,3394300,0.0,0.0
2021-06-30 00:00:00-04:00,356.8061109729361,358.9588762280941,353.23754263389236,354.03271484375,2884900,0.0,0.0
2021-07-01 00:00:00-04:00,354.9636144538457,359.967339659632,354.52726113530207,359.48248291015625,3108500,0.0,0.0
2021-07-02 00:00:00-04:00,361.4024443026511,364.11762964641565,360.87879084588906,363.67156982421875,2786500,0.0,0.0
2021-07-06 00:00:00-04:00,365.2425846677219,366.7844255849502,360.2485660502893,364.7286376953125,2740500,0.0,0.0
2021-07-07 00:00:00-04:00,365.3782873157942,366.69708321605555,361.169735090593,362.59521484375,3176600,0.0,0.0
2021-07-08 00:00:00-04:00,356.7895184868808,359.7894594542882,354.9934292709049,359.401123046875,2809000,0.44,0.0
2021-07-09 00:00:00-04:00,361.0126632780578,362.5951626574892,359.1097945848057,362.0708923339844,2404800,0.0,0.0
2021-07-12 00:00:00-04:00,364.07094711266944,365.10976999252495,361.2360349680909,364.6146240234375,2648300,0.0,0.0
2021-07-13 00:00:00-04:00,364.6048225059088,375.3716375895323,364.6048225059088,372.5270080566406,5161000,0.0,0.0
2021-07-14 00:00:00-04:00,371.8183910541767,380.21628838812944,371.8183910541767,379.41046142578125,4140500,0.0,0.0
2021-07-15 00:00:00-04:00,378.76968220063355,381.8375603438053,376.1580778237574,378.8570556640625,3773000,0.0,0.0
2021-07-16 00:00:00-04:00,381.6919980344299,381.9929609985972,374.09989764891947,375.8377380371094,2706500,0.0,0.0
2021-07-19 00:00:00-04:00,366.98360977718204,367.56612936913046,352.779980139742,354.79937744140625,6814400,0.0,0.0
2021-07-20 00:00:00-04:00,356.3040605111896,365.624281643655,354.62446939631855,363.47869873046875,3542200,0.0,0.0
2021-07-21 00:00:00-04:00,365.0709117149136,369.798974803631,364.11946234802565,368.98345947265625,2393100,0.0,0.0
2021-07-22 00:00:00-04:00,369.216379424394,371.7017674345399,366.06109866802825,371.0221862792969,4180300,0.0,0.0
2021-07-23 00:00:00-04:00,373.86680228186947,383.00255759119887,373.86680228186947,381.7987060546875,3720300,0.0,0.0
2021-07-26 00:00:00-04:00,380.2551306090973,381.43957595241517,376.9541969575044,381.3521728515625,2285800,0.0,0.0
2021-07-27 00:00:00-04:00,378.63378412583876,383.7599018642618,374.6435807761878,378.8959045410156,2783800,0.0,0.0
2021-07-28 00:00:00-04:00,380.2064846794991,380.3132942075785,371.18722740064055,372.264892578125,3372600,0.0,0.0
2021-07-29 00:00:00-04:00,376.2066054023201,383.23559159385604,376.2066054023201,377.4784240722656,3774000,0.0,0.0
2021-07-30 00:00:00-04:00,377.6628631583076,377.6628631583076,371.9153844409457,374.6920471191406,2533300,0.0,0.0
2021-08-02 00:00:00-04:00,377.9541586294866,378.6143631040661,362.9058934292511,364.3233642578125,3430300,0.0,0.0
2021-08-03 00:00:00-04:00,365.6825790944793,365.6922971342879,349.0906556707189,356.8866271972656,6328500,0.0,0.0
2021-08-04 00:00:00-04:00,356.57593253780374,358.498237771499,352.8381316197029,357.28466796875,3203200,0.0,0.0
2021-08-05 00:00:00-04:00,357.4691669769566,361.1195651439567,356.3041280041484,361.10015869140625,2562400,0.0,0.0
2021-08-06 00:00:00-04:00,360.5953069509114,364.55638593748563,360.1875344415637,363.6146545410156,2038500,0.0,0.0
2021-08-09 00:00:00-04:00,363.2845136839368,363.5854765947098,358.1389900853982,359.8768005371094,2400800,0.0,0.0
2021-08-10 00:00:00-04:00,361.43998037758075,361.8865658316119,353.4983559594245,357.1196594238281,3225000,0.0,0.0
2021-08-11 00:00:00-04:00,357.80886702233147,359.1777771554125,353.14877137504044,353.6244812011719,3267700,0.0,0.0
2021-08-12 00:00:00-04:00,352.0031601974922,352.63421048033314,347.4207200831399,351.43035888671875,3802900,0.0,0.0
2021-08-13 00:00:00-04:00,351.7022076518596,352.9060592809108,350.1197080650591,352.17791748046875,2304600,0.0,0.0
2021-08-16 00:00:00-04:00,349.9934481136534,353.2069778190071,346.22652359872035,352.9642639160156,2937300,0.0,0.0
2021-08-17 00:00:00-04:00,351.44978815476406,353.83808504910036,349.30420520252363,352.6439514160156,2812800,0.0,0.0
2021-08-18 00:00:00-04:00,350.65375887239134,355.02261082134805,350.0809573944645,350.43048095703125,2774500,0.0,0.0
2021-08-19 00:00:00-04:00,346.4984604232077,349.6440536467722,344.3820016986072,346.8965148925781,2727900,0.0,0.0
2021-08-20 00:00:00-04:00,346.9450583177975,347.87710133588166,343.0325101344067,344.6441345214844,4135900,0.0,0.0
2021-08-23 00:00:00-04:00,347.0518097740398,351.6827810839233,346.3527924415888,350.4886474609375,3537900,0.0,0.0
2021-08-24 00:00:00-04:00,352.4497757905761,355.43031017267856,350.93524313044054,351.2362060546875,3032000,0.0,0.0
2021-08-25 00:00:00-04:00,351.41091034098883,351.8380892064354,348.0517580155807,348.63427734375,2340400,0.0,0.0
2021-08-26 00:00:00-04:00,347.56635407034247,347.76053706913416,341.5470366457909,342.5761413574219,3946300,0.0,0.0
2021-08-27 00:00:00-04:00,342.1878313593937,346.11009713756914,341.40144052156467,345.362548828125,3698300,0.0,0.0
2021-08-30 00:00:00-04:00,344.4595870575871,347.6051796412233,341.98391689865673,342.7605895996094,4032100,0.0,0.0
2021-08-31 00:00:00-04:00,342.6537448980826,344.8672942681879,334.6344689318905,336.1393127441406,6780400,0.0,0.0
2021-09-01 00:00:00-04:00,337.25584278441994,341.7897221096992,337.17815774010796,339.38201904296875,4499600,0.0,0.0
2021-09-02 00:00:00-04:00,340.29465790694087,340.32378239427084,329.4404681206924,331.3336486816406,7412000,0.0,0.0
2021-09-03 00:00:00-04:00,330.0230564923255,334.11038138054465,329.052200540797,330.3143310546875,5171000,0.0,0.0
2021-09-07 00:00:00-04:00,334.83847285139274,337.8578201838137,333.0229476081463,334.6636962890625,4764300,0.0,0.0
2021-09-08 00:00:00-04:00,334.94522719051463,341.74121730742365,334.94522719051463,340.8092041015625,5054500,0.0,0.0
2021-09-09 00:00:00-04:00,340.4888765433082,343.3335069492274,339.72192168722273,341.1684875488281,3716200,0.0,0.0
2021-09-10 00:00:00-04:00,344.5858567126238,344.65382373228937,336.90638345098324,337.265625,3437700,0.0,0.0
2021-09-13 00:00:00-04:00,339.799472088551,341.731465320271,336.26554335731197,337.6830139160156,3234200,0.0,0.0
2021-09-14 00:00:00-04:00,339.48894165306405,339.68312471730843,335.18805639645103,335.7220153808594,3281900,0.0,0.0
2021-09-15 00:00:00-04:00,336.88697076898455,337.40152317033494,332.77055155818147,334.7025451660156,3833500,0.0,0.0
2021-09-16 00:00:00-04:00,335.34321591933843,337.54704733092353,334.64419874480217,336.21697998046875,3771100,0.0,0.0
2021-09-17 00:00:00-04:00,333.9743410017228,335.9160522866165,330.83846661048074,333.0423278808594,5527500,0.0,0.0
2021-09-20 00:00:00-04:00,328.45997123605395,331.16863783209226,325.8386484864106,329.7900390625,3956600,0.0,0.0
2021-09-21 00:00:00-04:00,332.2268648049901,333.17828452179,327.45024125856617,327.5473327636719,2967300,0.0,0.0
2021-09-22 00:00:00-04:00,329.41134822176014,333.84816616521607,328.6735179897342,333.4015808105469,3238800,0.0,0.0
2021-09-23 00:00:00-04:00,335.66361063268073,344.4498717196633,335.1393699331954,343.7508544921875,4783200,0.0,0.0
2021-09-24 00:00:00-04:00,343.7121012532546,349.44014494032706,342.479124968864,347.72174072265625,3306200,0.0,0.0
2021-09-27 00:00:00-04:00,346.6440002638979,352.02254889620156,344.80909847995986,346.3721618652344,4158000,0.0,0.0
2021-09-28 00:00:00-04:00,345.1392644132079,345.6246923519044,338.8772321527551,340.9451599121094,3266900,0.0,0.0
2021-09-29 00:00:00-04:00,342.5276764533865,346.7703121041925,342.1393400091065,342.8966064453125,2808800,0.0,0.0
2021-09-30 00:00:00-04:00,344.40142062145884,345.6247085653736,337.2753417024859,337.54718017578125,4393300,0.0,0.0
2021-10-01 00:00:00-04:00,339.6344971140173,352.59542894797244,337.0423285241282,349.682861328125,5227300,0.0,0.0
2021-10-04 00:00:00-04:00,349.4400900019868,350.13910730113884,329.4501744076668,334.1685485839844,7901500,0.0,0.0
2021-10-05 00:00:00-04:00,337.4306877559699,338.41126173528016,332.9356200183269,333.20745849609375,4724100,0.0,0.0
2021-10-06 00:00:00-04:00,330.1006292445416,338.71211386406185,329.2268354829336,338.52764892578125,3712000,0.0,0.0
2021-10-07 00:00:00-04:00,339.25682553898133,347.9083546984014,339.25682553898133,344.0297546386719,3209200,0.44,0.0
2021-10-08 00:00:00-04:00,346.06126677355616,350.3092612849274,344.3212313112214,345.05029296875,2336700,0.0,0.0
2021-10-11 00:00:00-04:00,344.06858276446997,344.97261229096205,337.2153839371887,337.4584045410156,2769800,0.0,0.0
2021-10-12 00:00:00-04:00,338.9165037639923,340.2288208632991,334.9990130989617,335.69891357421875,3042900,0.0,0.0
2021-10-13 00:00:00-04:00,336.58353490445154,339.7428027410998,327.57234163153566,332.79241943359375,3755700,0.0,0.0
2021-10-14 00:00:00-04:00,334.2408125520069,336.15581608780616,331.31483500266063,334.96014404296875,4083800,0.0,0.0
2021-10-15 00:00:00-04:00,339.2567634153902,346.6542963667072,338.0319300774024,346.06134033203125,4053600,0.0,0.0
2021-10-18 00:00:00-04:00,344.07828758608684,349.89135117969613,340.4524391190294,348.4332275390625,3280900,0.0,0.0
2021-10-19 00:00:00-04:00,348.3943112405058,352.1757258533344,347.62635787117154,351.99102783203125,2835400,0.0,0.0
2021-10-20 00:00:00-04:00,351.60220305527577,352.37012676388855,346.0613217121836,346.809814453125,2796200,0.0,0.0
2021-10-21 00:00:00-04:00,344.70052508579187,346.43083107370717,337.57514241160385,346.26556396484375,2516300,0.0,0.0
2021-10-22 00:00:00-04:00,346.7223959094989,351.543946704153,344.99209016163826,348.6568603515625,2774400,0.0,0.0
2021-10-25 00:00:00-04:00,352.3409823216921,354.1296103977401,348.7734564866965,350.78564453125,2447900,0.0,0.0
2021-10-26 00:00:00-04:00,353.2352371889382,357.0944047380379,346.84864996807033,347.34442138671875,3320100,0.0,0.0
2021-10-27 00:00:00-04:00,338.28470595015506,341.3175985673496,324.48112274916605,326.3475341796875,9652700,0.0,0.0
2021-10-28 00:00:00-04:00,334.56164884472594,340.705187731312,319.6887687168183,323.7326354980469,9505100,0.0,0.0
2021-10-29 00:00:00-04:00,321.9925646864545,328.70965763039845,321.866189227957,326.153076171875,5843700,0.0,0.0
2021-11-01 00:00:00-04:00,325.89060123879176,331.3828604719634,323.5867708624361,324.7240905761719,5126200,0.0,0.0
2021-11-02 00:00:00-04:00,325.7739732513679,326.3960905494021,317.57932589524864,319.30963134765625,5375300,0.0,0.0
2021-11-03 00:00:00-04:00,319.32915505686924,320.3789912809007,314.3132049518107,320.2331848144531,3952500,0.0,0.0
2021-11-04 00:00:00-04:00,321.8272872604354,329.1762269171621,320.13584392220054,326.0655517578125,4819500,0.0,0.0
2021-11-05 00:00:00-04:00,332.8799133902607,340.38439101962314,331.48011230230486,339.0526428222656,7201500,0.0,0.0
2021-11-08 00:00:00-05:00,338.29435989328374,343.29084732932546,337.954125166049,339.90802001953125,3862200,0.0,0.0
2021-11-09 00:00:00-05:00,340.22881410185744,340.42324243329784,330.16775609458284,335.0281677246094,4247800,0.0,0.0
2021-11-10 00:00:00-05:00,340.32605167214354,349.5802653725203,339.7427963033096,347.9471740722656,6337100,0.0,0.0
2021-11-11 00:00:00-05:00,348.37488342245643,349.5997166978349,342.72708724358836,344.4476623535156,4472200,0.0,0.0
2021-11-12 00:00:00-05:00,346.1196935524577,353.682494237153,345.99331808060487,353.35198974609375,4724200,0.0,0.0
2021-11-15 00:00:00-05:00,354.9461672813985,360.768931126636,350.5912276276146,351.27166748046875,4693200,0.0,0.0
2021-11-16 00:00:00-05:00,354.5864843580155,360.7106212426544,351.8938268048981,359.2427673339844,4969000,0.0,0.0
2021-11-17 00:00:00-05:00,349.5414110185923,357.7263586915193,341.4148155878073,349.14288330078125,11727300,0.0,0.0
2021-11-18 00:00:00-05:00,350.659295496293,352.36043969951754,334.9601409740547,338.49853515625,6533700,0.0,0.0
2021-11-19 00:00:00-05:00,336.3406094801942,336.9724572932056,329.66240617140573,330.2359313964844,6954800,0.0,0.0
2021-11-22 00:00:00-05:00,330.3136679307395,331.9467893054976,310.8331532595723,312.33013916015625,11378200,0.0,0.0
2021-11-23 00:00:00-05:00,315.88787298340714,320.485833190659,312.70917437013276,319.8150939941406,7116200,0.0,0.0
2021-11-24 00:00:00-05:00,317.8223329344983,330.85793100838714,315.94619147241224,330.50799560546875,6414400,0.0,0.0
2021-11-26 00:00:00-05:00,312.6022753521216,317.744600051495,310.0943155705917,315.1199951171875,6613900,0.0,0.0
2021-11-29 00:00:00-05:00,320.7969167702357,322.5563835105655,309.3652184509039,313.9923400878906,6362200,0.0,0.0
2021-11-30 00:00:00-05:00,309.1222359193197,311.8051931202919,301.45249073202035,306.12823486328125,10237600,0.0,0.0
2021-12-01 00:00:00-05:00,311.8246276030262,313.03000042719475,297.45724923509266,297.72943115234375,8008800,0.0,0.0
2021-12-02 00:00:00-05:00,300.9470523174103,313.2050294819947,300.3637968170342,311.2608642578125,6717600,0.0,0.0
2021-12-03 00:00:00-05:00,311.2996727323245,313.68128658910996,305.23388776776665,313.1174621582031,4732900,0.0,0.0
2021-12-06 00:00:00-05:00,315.683776564407,327.3584963161789,313.0105498190579,324.02423095703125,6055000,0.0,0.0
2021-12-07 00:00:00-05:00,327.8834449210623,332.86053268852913,327.8834449210623,330.0317687988281,4939500,0.0,0.0
2021-12-08 00:00:00-05:00,329.75952231010837,334.4255059508291,324.77273486554776,332.7826843261719,4226900,0.0,0.0
2021-12-09 00:00:00-05:00,330.55658522172877,336.85568941444535,329.5456409554003,334.90179443359375,3389600,0.0,0.0
2021-12-10 00:00:00-05:00,337.3125988177928,340.47186667415536,335.20316691929537,340.1510925292969,3405900,0.0,0.0
2021-12-13 00:00:00-05:00,339.44148458492293,339.77198906924417,330.82881836011677,335.6697998046875,4358300,0.0,0.0
2021-12-14 00:00:00-05:00,335.6795158059857,338.48881863570284,328.42775943343327,331.04266357421875,4518500,0.0,0.0
2021-12-15 00:00:00-05:00,330.50802625066774,336.9140459054776,326.1628166012776,336.6807556152344,4918700,0.0,0.0
2021-12-16 00:00:00-05:00,341.88144092796483,343.8936292383968,335.4851212068208,343.0673828125,5369900,0.0,0.0
2021-12-17 00:00:00-05:00,339.4414603256322,342.94096294717014,334.5129953696997,339.55810546875,5898200,0.0,0.0
2021-12-20 00:00:00-05:00,331.71345684743454,333.93953430724355,326.84334319527403,327.61126708984375,5013900,0.0,0.0
2021-12-21 00:00:00-05:00,330.8288291332975,342.17304513128283,329.89563822567226,340.9482116699219,3105100,0.0,0.0
2021-12-22 00:00:00-05:00,336.9042789317482,348.6081584236853,336.9042789317482,347.5,3456400,0.0,0.0
2021-12-23 00:00:00-05:00,347.5583188590024,352.3506775473488,345.0892214750389,350.513427734375,2627000,0.0,0.0
2021-12-27 00:00:00-05:00,349.949724892048,350.9995610138576,345.672567520933,350.2510681152344,2677100,0.0,0.0
2021-12-28 00:00:00-05:00,348.77348161583774,353.9741288215848,348.4040855266126,350.7079162597656,1920100,0.0,0.0
2021-12-29 00:00:00-05:00,351.6799852207258,353.01173342181664,350.1343776954422,351.20367431640625,1535200,0.0,0.0
2021-12-30 00:00:00-05:00,351.89386114708697,354.46987381076127,349.0845285133568,350.91204833984375,1558000,0.0,0.0
2021-12-31 00:00:00-05:00,347.9569479904685,353.2353489253528,346.81959839544504,349.2886962890625,1984000,0.0,0.0
2022-01-03 00:00:00-05:00,349.745520916104,361.9257117109136,349.2205881348779,360.5939636230469,4708200,0.0,0.0
2022-01-04 00:00:00-05:00,361.60496045769287,371.7243428642726,361.27445596685635,364.9100646972656,6854500,0.0,0.0
2022-01-05 00:00:00-05:00,363.5588230612992,371.82152358541964,362.11042975653396,363.46160888671875,5976600,0.0,0.0
2022-01-06 00:00:00-05:00,358.8673594650183,364.25002795787077,356.735703092008,360.1424560546875,4781100,0.49,0.0
2022-01-07 00:00:00-05:00,356.62872186163156,361.8848501521683,354.40943666977984,359.8018493652344,4551200,0.0,0.0
2022-01-10 00:00:00-05:00,361.0282900492179,361.0282900492179,339.4781254506065,354.21478271484375,6009300,0.0,0.0
2022-01-11 00:00:00-05:00,353.8448334429414,358.2541440058647,346.6030475283414,356.53131103515625,4131200,0.0,0.0
2022-01-12 00:00:00-05:00,359.1107177627021,362.2059892017522,357.29054298007577,357.5241394042969,5783100,0.0,0.0
2022-01-13 00:00:00-05:00,358.78944216025207,367.6178054644695,358.0789099023674,359.6752014160156,3892900,0.0,0.0
2022-01-14 00:00:00-05:00,354.61382698107724,364.79514429965553,354.4483430355486,362.2254943847656,4029900,0.0,0.0
2022-01-18 00:00:00-05:00,360.9114131473267,362.22545235914197,355.4703456123258,356.541015625,4933900,0.0,0.0
2022-01-19 00:00:00-05:00,352.7547107889434,359.4611326174306,350.12663205051564,351.1194763183594,4464800,0.0,0.0
2022-01-20 00:00:00-05:00,352.1900768923077,363.1306399186142,352.0343657678459,354.3022766113281,5043200,0.0,0.0
2022-01-21 00:00:00-05:00,352.84229442725865,358.3223050217089,344.6758060994435,345.6199645996094,4867100,0.0,0.0
2022-01-24 00:00:00-05:00,333.4432403861012,340.7726245685752,321.7824014400878,340.1107482910156,7472800,0.0,0.0
2022-01-25 00:00:00-05:00,334.17340562832686,337.79429998444846,324.5079640591251,329.7348937988281,6994400,0.0,0.0
2022-01-26 00:00:00-05:00,334.21215596343285,345.3181732227235,332.1583850422961,335.4775390625,7438600,0.0,0.0
2022-01-27 00:00:00-05:00,339.7798419782563,350.0487880430953,325.4228096018334,341.19122314453125,8416100,0.0,0.0
2022-01-28 00:00:00-05:00,349.48421160536884,372.57226677242755,345.912004036598,372.3192138671875,8813400,0.0,0.0
2022-01-31 00:00:00-05:00,368.5912510911018,376.251574853727,366.264940596965,376.08612060546875,6345200,0.0,0.0
2022-02-01 00:00:00-05:00,375.48260239896206,384.96310008654143,372.2315901498797,381.61474609375,5841100,0.0,0.0
2022-02-02 00:00:00-05:00,378.9185368300315,389.26533692322374,372.5527673155238,386.1797790527344,6115000,0.0,0.0
2022-02-03 00:00:00-05:00,378.1885283301552,382.47129761974486,376.1931265932297,379.6777648925781,4209200,0.0,0.0
2022-02-04 00:00:00-05:00,377.2443839948155,377.80891858997205,366.3817046663543,372.0174560546875,6045400,0.0,0.0
2022-02-07 00:00:00-05:00,372.0174207509835,372.2120745184655,363.3642543084908,366.109130859375,4767500,0.0,0.0
2022-02-08 00:00:00-05:00,367.4816460670828,369.6522157413063,360.66813898373084,364.3960876464844,5825300,0.0,0.0
2022-02-09 00:00:00-05:00,375.32687955874485,378.100956012646,370.4600891850696,371.2095642089844,5492800,0.0,0.0
2022-02-10 00:00:00-05:00,361.8167089318647,369.8761135871077,360.6876098626862,364.41558837890625,3995000,0.0,0.0
2022-02-11 00:00:00-05:00,367.79304180373373,370.752058458556,357.8453515010674,359.9185791015625,4345600,0.0,0.0
2022-02-14 00:00:00-05:00,358.9939219847515,367.23826583012993,356.98880678451104,364.191650390625,3678400,0.0,0.0
2022-02-15 00:00:00-05:00,364.60049717359755,372.86432839293866,363.4519416402707,371.3750915527344,5800400,0.0,0.0
2022-02-16 00:00:00-05:00,369.8371221839726,374.74285515048393,366.7418506653235,372.7279968261719,3424800,0.0,0.0
2022-02-17 00:00:00-05:00,368.5132829080472,371.13161786507897,362.2545991472789,363.74383544921875,3972500,0.0,0.0
2022-02-18 00:00:00-05:00,364.5322903319961,364.8242858311577,359.1690785960215,360.0937805175781,4083800,0.0,0.0
2022-02-22 00:00:00-05:00,355.2757619305796,364.34746796704644,354.10772014652747,358.4781188964844,3897900,0.0,0.0
2022-02-23 00:00:00-05:00,362.0600275441555,363.60766341802326,350.53547076228784,351.6061706542969,3802500,0.0,0.0
2022-02-24 00:00:00-05:00,336.7234863835919,360.66810036802525,332.21683385682104,359.53900146484375,7425000,0.0,0.0
2022-02-25 00:00:00-05:00,357.43659981889635,362.6635286064108,352.06367324211465,359.25677490234375,3817900,0.0,0.0
2022-02-28 00:00:00-05:00,352.54061882178655,355.62614776865956,346.1845907839026,351.2071228027344,4952400,0.0,0.0
2022-03-01 00:00:00-05:00,348.31625473021046,351.9468619816632,332.12930232521103,335.3024597167969,5894200,0.0,0.0
2022-03-02 00:00:00-05:00,333.8228302689639,339.04004426565086,329.6666025652201,334.9227294921875,4997900,0.0,0.0
2022-03-03 00:00:00-05:00,338.36850806590405,340.18868310547396,331.6231430235447,331.9053955078125,3975900,0.0,0.0
2022-03-04 00:00:00-05:00,327.9244025111586,329.8029768849264,315.36808648996566,321.947998046875,4670900,0.0,0.0
2022-03-07 00:00:00-05:00,320.79934080038544,321.01348076474085,303.7947740678279,304.5832214355469,6874300,0.0,0.0
2022-03-08 00:00:00-05:00,303.09401229117924,316.07860660633673,297.4679735990641,305.9556579589844,5048200,0.0,0.0
2022-03-09 00:00:00-05:00,314.5406964749044,320.6728709592983,312.55503742909286,319.3880310058594,4015900,0.0,0.0
2022-03-10 00:00:00-05:00,313.36289832429105,317.4315279134193,311.2312417821649,315.9422912597656,3771300,0.0,0.0
2022-03-11 00:00:00-05:00,321.2373184525987,322.1522772888655,315.39717083618604,316.1369323730469,2987700,0.0,0.0
2022-03-14 00:00:00-04:00,320.3321154319478,327.90483928734096,318.54114032294655,319.835693359375,4122700,0.0,0.0
2022-03-15 00:00:00-04:00,323.56376100391043,329.3649678291892,322.3859761397174,326.07501220703125,3738900,0.0,0.0
2022-03-16 00:00:00-04:00,332.87867402952605,341.59023951710907,327.71014571911167,335.49700927734375,4340800,0.0,0.0
2022-03-17 00:00:00-04:00,332.4990949413467,337.638423934437,330.69837672101824,337.21014404296875,3244200,0.0,0.0
2022-03-18 00:00:00-04:00,337.4633011064998,343.3423632696156,333.36544168163454,340.7629699707031,6790800,0.0,0.0
2022-03-21 00:00:00-04:00,336.8013267742971,340.6753023344738,333.3653741989334,336.373046875,6053800,0.0,0.0
2022-03-22 00:00:00-04:00,337.5411301406059,344.5006348087334,336.30497601277284,340.2178649902344,4669900,0.0,0.0
2022-03-23 00:00:00-04:00,334.25112708373797,337.4924258177848,332.64509234470574,333.0636291503906,2527800,0.0,0.0
2022-03-24 00:00:00-04:00,333.1318150135999,340.14000532667046,331.62312181646155,340.04266357421875,2482700,0.0,0.0
2022-03-25 00:00:00-04:00,341.0744175727265,342.17431698550484,336.4412234815653,339.721435546875,2173800,0.0,0.0
2022-03-28 00:00:00-04:00,339.2250222761801,341.22039438960485,334.3776885111933,341.1522521972656,3134600,0.0,0.0
2022-03-29 00:00:00-04:00,349.1630126633888,360.88225229801236,347.5861773219183,357.75775146484375,5512400,0.0,0.0
2022-03-30 00:00:00-04:00,354.3120656028995,358.4682936926432,350.0390095978837,352.5892028808594,2614200,0.0,0.0
2022-03-31 00:00:00-04:00,350.00007349410896,354.4191273450585,347.83921744144055,347.85870361328125,4095700,0.0,0.0
2022-04-01 00:00:00-04:00,349.6497418034414,358.0887706607938,348.6277275518387,354.273193359375,3806800,0.0,0.0
2022-04-04 00:00:00-04:00,354.54572082691817,359.90893396107566,353.4750208766506,357.1348571777344,3027200,0.0,0.0
2022-04-05 00:00:00-04:00,353.63075984238577,357.83567433098796,352.28752079426,353.6405029296875,2215900,0.0,0.0
2022-04-06 00:00:00-04:00,346.9729867379285,347.5764640483244,340.2665347137754,344.1307678222656,3864500,0.0,0.0
2022-04-07 00:00:00-04:00,342.29831418899477,343.97481493086144,337.0641313934121,340.70953369140625,2848500,0.49,0.0
2022-04-08 00:00:00-04:00,338.5163829210474,346.8891583961833,336.9081192144197,343.3606872558594,2235100,0.0,0.0
2022-04-11 00:00:00-04:00,341.7719731837341,342.61020863386466,337.0738687314799,338.58465576171875,1809200,0.0,0.0
2022-04-12 00:00:00-04:00,341.1480796252886,345.514785752963,335.76769776366905,337.0542907714844,4038500,0.0,0.0
2022-04-13 00:00:00-04:00,335.69953420599654,347.9711170907711,334.1984739995377,346.1581726074219,3048500,0.0,0.0
2022-04-14 00:00:00-04:00,348.1465576966698,353.77064773205615,347.84440028267164,348.7703857421875,3358900,0.0,0.0
2022-04-18 00:00:00-04:00,345.037253976533,351.63605341400694,344.2867387015289,347.77618408203125,1871400,0.0,0.0
2022-04-19 00:00:00-04:00,347.7859152511413,355.44714344441434,347.064640111151,354.6673583984375,2999300,0.0,0.0
2022-04-20 00:00:00-04:00,357.3868298157941,362.4845689409703,354.66738319202904,356.0514831542969,3377300,0.0,0.0
2022-04-21 00:00:00-04:00,360.1354104490493,365.7302293230442,354.2676445609557,355.2228698730469,3605300,0.0,0.0
2022-04-22 00:00:00-04:00,351.38257327894775,352.94211353391404,341.74268757316565,342.29827880859375,2968800,0.0,0.0
2022-04-25 00:00:00-04:00,340.4463165201845,346.080132658469,338.3701818458319,345.63177490234375,3380400,0.0,0.0
2022-04-26 00:00:00-04:00,339.1401949585256,341.20657293262815,334.89044896350566,335.40704345703125,3116400,0.0,0.0
2022-04-27 00:00:00-04:00,347.97107974847245,364.2876973306415,346.99637084161395,352.4255065917969,5702300,0.0,0.0
2022-04-28 00:00:00-04:00,359.79430384545293,372.30956265037224,359.4629063863377,369.24896240234375,6843300,0.0,0.0
2022-04-29 00:00:00-04:00,362.6404686044769,367.5822503332964,352.6009778843722,354.18975830078125,4741800,0.0,0.0
2022-05-02 00:00:00-04:00,353.819280506294,355.70046127744365,341.7231412037926,349.9594421386719,3903800,0.0,0.0
2022-05-03 00:00:00-04:00,352.44497061053573,354.24818793785795,344.50109940720097,348.7410888671875,2686900,0.0,0.0
2022-05-04 00:00:00-04:00,350.28115645642333,359.9015291943874,344.7155765877177,359.1997375488281,3346600,0.0,0.0
2022-05-05 00:00:00-04:00,352.9420490197245,358.4686310481304,340.20259834875753,344.4328308105469,3424800,0.0,0.0
2022-05-06 00:00:00-04:00,337.4930417380109,342.3763440771818,332.1613815205792,338.3410339355469,3635200,0.0,0.0
2022-05-09 00:00:00-04:00,332.37576724277176,333.73062702357265,316.673219613753,319.6947937011719,5777400,0.0,0.0
2022-05-10 00:00:00-04:00,323.90552998573656,325.2408764928252,314.87971555690945,317.10205078125,5003500,0.0,0.0
2022-05-11 00:00:00-04:00,317.24832740652573,322.6287109102099,310.49357076165745,317.6284484863281,4263900,0.0,0.0
2022-05-12 00:00:00-04:00,313.6320730444418,317.34571158562113,304.85969291647393,313.115478515625,3891500,0.0,0.0
2022-05-13 00:00:00-04:00,319.38291593439317,326.7517137058532,317.84285903354476,324.3831481933594,3536000,0.0,0.0
2022-05-16 00:00:00-04:00,320.23090202004147,325.11417386510317,316.80966392388564,321.39080810546875,2062300,0.0,0.0
2022-05-17 00:00:00-04:00,331.5082727578553,332.551218555296,324.1199914243859,330.2898864746094,2802300,0.0,0.0
2022-05-18 00:00:00-04:00,325.18244956810986,332.96063899948103,325.1239694009821,327.40478515625,4521400,0.0,0.0
2022-05-19 00:00:00-04:00,321.65401561704124,327.7069510366576,316.2248785780979,323.81787109375,4380700,0.0,0.0
2022-05-20 00:00:00-04:00,327.2097710964673,331.0208565033585,319.40234373100674,327.6776123046875,3428700,0.0,0.0
2022-05-23 00:00:00-04:00,330.4556296831371,342.41529980176176,330.38739290618395,339.6178894042969,3420800,0.0,0.0
2022-05-24 00:00:00-04:00,335.1926582625446,335.2998619636985,327.4827072856911,332.0735778808594,2561500,0.0,0.0
2022-05-25 00:00:00-04:00,331.9663737585394,338.94529367609005,330.6310272054526,336.0406799316406,3033400,0.0,0.0
2022-05-26 00:00:00-04:00,339.1986795515751,344.31590101032725,337.25901846013676,341.0408935546875,2817400,0.0,0.0
2022-05-27 00:00:00-04:00,344.45242724192116,348.7411408859709,343.2047711679713,348.73138427734375,2658700,0.0,0.0
2022-05-31 00:00:00-04:00,344.15995403404,351.8406647491109,342.25928957010774,348.8190612792969,3873800,0.0,0.0
2022-06-01 00:00:00-04:00,349.14078461713035,355.2229594138574,345.8755034345669,348.02960205078125,2190000,0.0,0.0
2022-06-02 00:00:00-04:00,351.3727854681648,355.81745546537996,348.7118493324493,353.89727783203125,2484200,0.0,0.0
2022-06-03 00:00:00-04:00,350.3884062712708,351.82122970845097,346.7722144205371,348.7703857421875,2076600,0.0,0.0
2022-06-06 00:00:00-04:00,352.8445908455065,358.9950010852804,349.4623500693949,351.0316467285156,2196100,0.0,0.0
2022-06-07 00:00:00-04:00,347.9028248599943,355.26189457081546,347.3179935971984,354.8135070800781,2158800,0.0,0.0
2022-06-08 00:00:00-04:00,355.7687148530481,357.8350927662989,351.85039615409625,353.1662292480469,1709600,0.0,0.0
2022-06-09 00:00:00-04:00,350.66137237597076,353.0493919395663,340.1150122624595,340.1734924316406,2250600,0.0,0.0
2022-06-10 00:00:00-04:00,332.697447366189,335.602091221922,326.1376740943983,326.28387451171875,3300500,0.0,0.0
2022-06-13 00:00:00-04:00,313.8562020150345,322.5311035128841,309.8794035993711,311.6533508300781,4825100,0.0,0.0
2022-06-14 00:00:00-04:00,312.0043829961147,315.8057424655292,311.57550862051306,313.9927978515625,2788400,0.0,0.0
2022-06-15 00:00:00-04:00,319.1294236014157,322.2679872435313,311.35123638075873,317.1605224609375,2357800,0.0,0.0
2022-06-16 00:00:00-04:00,308.09576245898296,308.44667316474806,297.3642069123943,300.97064208984375,4528500,0.0,0.0
2022-06-17 00:00:00-04:00,299.23562774232397,306.19506346028675,295.97034702790666,302.8323059082031,6235300,0.0,0.0
2022-06-21 00:00:00-04:00,308.0567261888577,312.131031868576,306.91633346960293,309.3725891113281,3193700,0.0,0.0
2022-06-22 00:00:00-04:00,305.5420531902787,310.9711898460969,303.4854015859442,308.1542663574219,2671500,0.0,0.0
2022-06-23 00:00:00-04:00,310.8346714543537,311.8873737551121,305.61024587379416,308.7488098144531,2387600,0.0,0.0
2022-06-24 00:00:00-04:00,311.14655154004816,322.44342322448625,311.14655154004816,322.1412658691406,4318900,0.0,0.0
2022-06-27 00:00:00-04:00,323.5740579388108,323.5740579388108,318.8467146542614,320.5134582519531,2810800,0.0,0.0
2022-06-28 00:00:00-04:00,324.2857033933925,328.62314069217456,310.0744292004553,310.2401428222656,3394200,0.0,0.0
2022-06-29 00:00:00-04:00,311.0393378230339,317.8623000138364,310.35705945140637,314.43133544921875,3779500,0.0,0.0
2022-06-30 00:00:00-04:00,307.32575046797507,310.2401507441723,301.85764699498867,307.501220703125,3411500,0.0,0.0
2022-07-01 00:00:00-04:00,306.1560357889445,310.87362274611655,303.4365899457978,310.1913146972656,2287700,0.0,0.0
2022-07-05 00:00:00-04:00,305.16182377063274,312.2089792359992,301.63338260741347,311.185546875,2112100,0.0,0.0
2022-07-06 00:00:00-04:00,310.93211785997414,314.2071252622933,307.735074076197,312.0725402832031,2219200,0.0,0.0
2022-07-07 00:00:00-04:00,314.67896230552367,317.1292109490126,311.916291840883,316.3580322265625,2202100,0.49,0.0
2022-07-08 00:00:00-04:00,315.09876521463815,317.24642347262915,311.75039647766164,315.3721008300781,1662100,0.0,0.0
2022-07-11 00:00:00-04:00,311.7796861728549,318.4569104168507,311.5551487815426,316.4752197265625,2073800,0.0,0.0
2022-07-12 00:00:00-04:00,312.5899479435913,319.56979329364685,312.5899479435913,315.1768798828125,2761500,0.0,0.0
2022-07-13 00:00:00-04:00,308.43133443554393,317.19761787333914,306.3422458195363,315.67474365234375,2442600,0.0,0.0
2022-07-14 00:00:00-04:00,308.6363121038001,319.7845325265387,307.88464659650174,317.29522705078125,2743900,0.0,0.0
2022-07-15 00:00:00-04:00,325.6906261141101,327.5844624014861,321.9127251030243,324.6558532714844,3387400,0.0,0.0
2022-07-18 00:00:00-04:00,327.51610703177494,329.4782845981933,321.94199623430285,323.1329650878906,2468500,0.0,0.0
2022-07-19 00:00:00-04:00,323.88464659472316,333.8712145167126,323.88464659472316,332.2799987792969,2689800,0.0,0.0
2022-07-20 00:00:00-04:00,332.27990717510465,335.14017417189115,328.2872413780385,333.1487121582031,2563600,0.0,0.0
2022-07-21 00:00:00-04:00,333.734494434862,338.9669576863892,331.967569496221,338.6643371582031,2230800,0.0,0.0
2022-07-22 00:00:00-04:00,340.5776387722204,342.73503862587523,332.2994282755878,335.6966247558594,2253000,0.0,0.0
2022-07-25 00:00:00-04:00,336.2531383259539,337.31719603067313,332.0163910510165,336.0188293457031,2180100,0.0,0.0
2022-07-26 00:00:00-04:00,334.49593208214,336.4288246319784,331.2256462685209,333.1585388183594,2254200,0.0,0.0
2022-07-27 00:00:00-04:00,334.84740376475486,340.6167671248787,323.3574752784332,335.1011962890625,4580300,0.0,0.0
2022-07-28 00:00:00-04:00,339.71862906506334,344.85346615255463,332.514246475171,344.062744140625,3635500,0.0,0.0
2022-07-29 00:00:00-04:00,345.70278558392226,348.30923100446194,341.6320058193915,345.3708801269531,3176800,0.0,0.0
2022-08-01 00:00:00-04:00,339.533136446248,346.39584180694095,337.4343061189494,342.19818115234375,2289400,0.0,0.0
2022-08-02 00:00:00-04:00,338.8205259199577,342.7936793008506,335.79432043706765,340.7046203613281,2878800,0.0,0.0
2022-08-03 00:00:00-04:00,341.6710358000064,347.9968417019897,340.2457878208187,345.7027587890625,2921200,0.0,0.0
2022-08-04 00:00:00-04:00,346.22987957889956,350.0760914183146,341.3293221819248,347.5965576171875,2339500,0.0,0.0
2022-08-05 00:00:00-04:00,342.06150100620135,349.3146816323792,342.06150100620135,349.0023193359375,1848700,0.0,0.0
2022-08-08 00:00:00-04:00,350.4568260245889,350.4568260245889,341.5636322879898,343.77960205078125,2477600,0.0,0.0
2022-08-09 00:00:00-04:00,342.06149441912703,342.7643617074469,337.13168162988495,338.2933654785156,2467400,0.0,0.0
2022-08-10 00:00:00-04:00,345.90772748484744,346.1127217495876,342.69601164429514,344.9705810546875,2443700,0.0,0.0
2022-08-11 00:00:00-04:00,347.38175973542644,347.38175973542644,342.01264453021537,342.2371520996094,2609400,0.0,0.0
2022-08-12 00:00:00-04:00,346.2982942089792,346.9914198918753,341.9249231847745,345.8394775390625,2514200,0.0,0.0
2022-08-15 00:00:00-04:00,343.94552580958225,353.33662194488795,342.47147981229523,351.38421630859375,2526300,0.0,0.0
2022-08-16 00:00:00-04:00,345.83936588063307,351.4330188217641,344.6972252526162,350.70086669921875,2448700,0.0,0.0
2022-08-17 00:00:00-04:00,345.08770740088875,348.46536091958626,343.3793524137556,346.8741455078125,2439900,0.0,0.0
2022-08-18 00:00:00-04:00,345.8881392411003,350.9643752804807,345.15598723424665,348.85577392578125,1934900,0.0,0.0
2022-08-19 00:00:00-04:00,348.1432035942192,348.279856492468,345.1462538976774,345.84912109375,1740700,0.0,0.0
2022-08-22 00:00:00-04:00,341.67098287249445,342.64718568070157,336.0871016178959,337.287841796875,2312400,0.0,0.0
2022-08-23 00:00:00-04:00,334.5349853935877,336.9950060591304,331.29398450706776,332.77783203125,2240700,0.0,0.0
2022-08-24 00:00:00-04:00,332.0847321327872,334.14453597130193,330.29829373622744,331.62591552734375,2218400,0.0,0.0
2022-08-25 00:00:00-04:00,331.9090445697227,336.916971097053,329.29282748598035,336.4679260253906,2228500,0.0,0.0
2022-08-26 00:00:00-04:00,336.8388266991001,337.41481267431567,323.80654073499534,324.0603332519531,1925000,0.0,0.0
2022-08-29 00:00:00-04:00,322.1372667291871,324.8901667518057,319.97009455264674,321.51251220703125,2308200,0.0,0.0
2022-08-30 00:00:00-04:00,323.1231841058725,325.04630515459166,317.8224091117033,320.00909423828125,2618900,0.0,0.0
2022-08-31 00:00:00-04:00,320.47763765248953,323.2988483594985,316.5630547434728,316.6509094238281,3129000,0.0,0.0
2022-09-01 00:00:00-04:00,316.1043055155511,317.8614590794398,311.61376555173797,317.5100402832031,2493200,0.0,0.0
2022-09-02 00:00:00-04:00,321.57102962446277,321.82485193439544,312.9023423305415,314.884033203125,1936800,0.0,0.0
2022-09-06 00:00:00-04:00,314.82550160540285,319.20864401700123,312.9316651969333,316.3678894042969,2043400,0.0,0.0
2022-09-07 00:00:00-04:00,316.36783500783656,321.3660190746402,314.3861442355448,320.7998046875,1998300,0.0,0.0
2022-09-08 00:00:00-04:00,316.8071290530433,322.4300673454325,315.7821279145279,322.2153015136719,2114000,0.0,0.0
2022-09-09 00:00:00-04:00,322.6741524668698,328.99992892872774,322.29341899170527,327.8577880859375,1815700,0.0,0.0
2022-09-12 00:00:00-04:00,330.0444440169477,331.4013803853355,327.94561368215176,330.3666076660156,2097800,0.0,0.0
2022-09-13 00:00:00-04:00,322.14697874666007,324.88033513463705,316.8559455632935,317.69549560546875,2316900,0.0,0.0
2022-09-14 00:00:00-04:00,319.25738689430864,320.6631213749621,315.6551960115526,318.095703125,2657900,0.0,0.0
2022-09-15 00:00:00-04:00,315.8894657671284,318.18354834381563,307.6698547366308,309.417236328125,2486800,0.0,0.0
2022-09-16 00:00:00-04:00,305.4051177033687,308.11896088010644,301.75409818705344,307.630859375,3650900,0.0,0.0
2022-09-19 00:00:00-04:00,304.526517837016,307.9432281134118,302.86696092908403,306.5570068359375,2369700,0.0,0.0
2022-09-20 00:00:00-04:00,303.75525940115756,306.888861971016,302.0761894345293,305.8150329589844,2769600,0.0,0.0
2022-09-21 00:00:00-04:00,306.9962998835985,307.48440133545347,296.98044855830267,297.2537841796875,2366300,0.0,0.0
2022-09-22 00:00:00-04:00,295.7406852957917,295.86756665012894,289.53201925901215,291.2598876953125,3176500,0.0,0.0
2022-09-23 00:00:00-04:00,286.15438498002294,287.56011965790105,283.33314406121116,286.5936584472656,3245900,0.0,0.0
2022-09-26 00:00:00-04:00,283.14757646252554,288.3116970003613,282.2397151166967,283.2061462402344,3635600,0.0,0.0
2022-09-27 00:00:00-04:00,288.43865157077465,290.81081729938836,278.02255425929536,279.66259765625,4073300,0.0,0.0
2022-09-28 00:00:00-04:00,278.32518052867647,286.0079219902233,274.9865834616516,283.2745361328125,5611400,0.0,0.0
2022-09-29 00:00:00-04:00,281.48815725829263,285.1196338195881,278.07144656104947,279.94573974609375,3439700,0.0,0.0
2022-09-30 00:00:00-04:00,280.0334757449155,283.8406898839718,277.5734558105469,277.5734558105469,3804200,0.0,0.0
2022-10-03 00:00:00-04:00,281.00008580321236,285.7834753330086,278.1398176919057,283.5675048828125,5285200,0.0,0.0
2022-10-04 00:00:00-04:00,289.14151917699166,296.73637601786714,288.9365249238602,294.1006164550781,3949200,0.0,0.0
2022-10-05 00:00:00-04:00,290.8889542007552,299.30381852858204,290.17631535070234,296.9609375,2845200,0.0,0.0
2022-10-06 00:00:00-04:00,295.8560376169526,298.27115033588893,292.21870246615407,292.58050537109375,2494400,0.49,0.0
2022-10-07 00:00:00-04:00,290.06766962901713,290.58589085506406,286.4792106883147,288.41522216796875,2210800,0.0,0.0
2022-10-10 00:00:00-04:00,290.4391415587525,290.64446655266937,283.1058076676002,285.2960205078125,1783500,0.0,0.0
2022-10-11 00:00:00-04:00,283.3893586832752,283.9369417654398,278.0996064459228,279.693359375,3554900,0.0,0.0
2022-10-12 00:00:00-04:00,280.1724226273267,281.1012935125384,276.9164062679021,277.0826416015625,2646800,0.0,0.0
2022-10-13 00:00:00-04:00,271.11825365270863,288.8649164869757,270.7173611348506,287.4275817871094,3322800,0.0,0.0
2022-10-14 00:00:00-04:00,289.28533916575236,291.98401556905463,281.44357158380376,282.2746887207031,3106300,0.0,0.0
2022-10-17 00:00:00-04:00,288.8551113386559,292.09155325139096,284.86576147343857,288.4835510253906,3417600,0.0,0.0
2022-10-18 00:00:00-04:00,296.4329341881974,296.95115527308246,289.9600195317404,293.7049255371094,3096000,0.0,0.0
2022-10-19 00:00:00-04:00,288.89422059648706,292.9813544807524,288.2391261801861,291.14312744140625,1914300,0.0,0.0
2022-10-20 00:00:00-04:00,291.13337967758775,296.0027245282384,289.04092057713723,289.696044921875,2463800,0.0,0.0
2022-10-21 00:00:00-04:00,287.9653461846429,295.9831061507312,286.9777810691498,295.6506652832031,3599600,0.0,0.0
2022-10-24 00:00:00-04:00,297.75291261105787,300.177812522812,293.8222562316124,298.8089294433594,3184100,0.0,0.0
2022-10-25 00:00:00-04:00,299.11196893880435,305.16441506943204,299.0630621519338,304.48974609375,3012400,0.0,0.0
2022-10-26 00:00:00-04:00,305.3502630566012,317.2400456797946,305.3502630566012,312.4098205566406,5278000,0.0,0.0
2022-10-27 00:00:00-04:00,309.15377464468685,315.9004354313826,307.0808905030932,312.27288818359375,4725800,0.0,0.0
2022-10-28 00:00:00-04:00,312.2143006774887,324.42673873551877,310.7574209599775,322.1485290527344,3644400,0.0,0.0
2022-10-31 00:00:00-04:00,321.57157188331513,322.1191250713905,316.5848990696049,320.8871154785156,3157900,0.0,0.0
2022-11-01 00:00:00-04:00,324.83741228922906,326.2258701953946,319.8214063141497,325.7858581542969,3660400,0.0,0.0
2022-11-02 00:00:00-04:00,324.05515024278805,325.60002612629825,312.5271409627405,312.7129211425781,3074900,0.0,0.0
2022-11-03 00:00:00-04:00,308.1173824741694,309.73071012192486,301.74228098971474,302.29962158203125,2860900,0.0,0.0
2022-11-04 00:00:00-04:00,306.8658330267146,315.9493986787276,306.27916027969417,311.295166015625,3414000,0.0,0.0
2022-11-07 00:00:00-05:00,315.2845303638294,318.56006281648274,310.64984231880356,317.90496826171875,2742100,0.0,0.0
2022-11-08 00:00:00-05:00,318.98045246996105,322.07999128904925,315.098673531667,318.5111083984375,2387500,0.0,0.0
2022-11-09 00:00:00-05:00,315.1183470517688,316.497017850527,308.1467839338182,308.62591552734375,3001200,0.0,0.0
2022-11-10 00:00:00-05:00,323.82051253227297,329.90229291690895,321.8454117043762,329.7751770019531,3255000,0.0,0.0
2022-11-11 00:00:00-05:00,331.4666802184414,335.0160184711924,328.88533245665485,331.750244140625,3734700,0.0,0.0
2022-11-14 00:00:00-05:00,329.2569002005753,336.8542531124664,328.5528989623964,331.8284606933594,2348900,0.0,0.0
2022-11-15 00:00:00-05:00,338.888007367255,343.4151233989229,331.9457789528779,335.87646484375,2983600,0.0,0.0
2022-11-16 00:00:00-05:00,335.53423259254953,337.4604560473256,332.54223491915866,335.14312744140625,2579600,0.0,0.0
2022-11-17 00:00:00-05:00,331.46664308865405,334.3217671260137,329.5110876722018,333.6861877441406,2004500,0.0,0.0
2022-11-18 00:00:00-05:00,337.9787138989546,340.8827154675966,333.7449188642926,336.052490234375,2737700,0.0,0.0
2022-11-21 00:00:00-05:00,335.3777819039288,336.600004141188,330.1173326204595,330.73333740234375,1965100,0.0,0.0
2022-11-22 00:00:00-05:00,332.27827523311424,337.6462965924214,330.0587299779441,337.2942810058594,2510700,0.0,0.0
2022-11-23 00:00:00-05:00,336.97158781495745,343.0044604858483,336.50224370115455,340.8924865722656,1937300,0.0,0.0
2022-11-25 00:00:00-05:00,341.205342493726,343.59112278112815,340.3448932308057,343.48358154296875,944400,0.0,0.0
2022-11-28 00:00:00-05:00,338.9759860157256,342.4471149606166,335.60267065393526,336.93243408203125,2226200,0.0,0.0
2022-11-29 00:00:00-05:00,336.0133470621388,337.05957650714805,333.1777973082488,335.5049133300781,1724200,0.0,0.0
2022-11-30 00:00:00-05:00,335.2311040312913,348.47998046875,333.89155330217864,348.47998046875,4252300,0.0,0.0
2022-12-01 00:00:00-05:00,350.03473382713514,353.54495323788245,346.1822861512854,352.78228759765625,3374700,0.0,0.0
2022-12-02 00:00:00-05:00,349.5067297696227,354.2391713261594,348.1476041366213,352.0587158203125,2015500,0.0,0.0
2022-12-05 00:00:00-05:00,348.08885295504757,350.9244022500023,346.5733094917082,348.1768493652344,2202500,0.0,0.0
2022-12-06 00:00:00-05:00,345.9573287572658,347.11109933444055,336.69777232228904,339.8070983886719,2353300,0.0,0.0
2022-12-07 00:00:00-05:00,339.1716375208912,340.1200833747659,333.8818549584989,339.69964599609375,2454300,0.0,0.0
2022-12-08 00:00:00-05:00,342.22231955310525,344.3441110636785,339.50409775137445,343.3663330078125,1998600,0.0,0.0
2022-12-09 00:00:00-05:00,340.6577183006328,344.93060174404724,339.6408212164396,341.0781555175781,2301100,0.0,0.0
2022-12-12 00:00:00-05:00,342.52537405977347,350.4747131679939,341.3422711547802,350.2107238769531,2427100,0.0,0.0
2022-12-13 00:00:00-05:00,361.0347419542161,361.05431661159355,347.83473885247145,349.2134094238281,3072200,0.0,0.0
2022-12-14 00:00:00-05:00,349.06666192626,354.0533344930884,345.90842900473984,349.5653381347656,2587200,0.0,0.0
2022-12-15 00:00:00-05:00,343.6107279766176,345.9378143489253,334.9476001342819,338.55560302734375,2774900,0.0,0.0
2022-12-16 00:00:00-05:00,337.10843370225695,340.5013237847222,335.7493381076389,338.1546630859375,5947100,0.0,0.0
2022-12-19 00:00:00-05:00,337.68544117467763,338.16457274992246,331.9947951272607,333.67657470703125,2457300,0.0,0.0
2022-12-20 00:00:00-05:00,333.78407353079723,336.71740755228507,333.0507400254252,335.3289794921875,1895900,0.0,0.0
2022-12-21 00:00:00-05:00,336.00356313700445,339.87555470428333,334.7617662869195,338.00799560546875,2087000,0.0,0.0
2022-12-22 00:00:00-05:00,336.54134392213024,337.9200142031248,328.9537786330516,333.9306640625,2276100,0.0,0.0
2022-12-23 00:00:00-05:00,331.48620813439095,336.8835605104718,330.1857768324119,335.9644470214844,1914500,0.0,0.0
2022-12-27 00:00:00-05:00,336.45337031131595,339.20092373295415,334.2142506387958,338.46759033203125,1637700,0.0,0.0
2022-12-28 00:00:00-05:00,338.8489511805801,341.74319552118374,334.1849609010849,334.3511962890625,1854100,0.0,0.0
2022-12-29 00:00:00-05:00,336.72713936023797,341.94846947684545,335.90580955037507,340.4720153808594,1459800,0.0,0.0
2022-12-30 00:00:00-05:00,337.65605556640514,340.16895212799835,335.984063581275,340.00274658203125,1617600,0.0,0.0
2023-01-03 00:00:00-05:00,342.183104124772,346.7786716344732,336.2968926211931,339.09332275390625,2933600,0.0,0.0
2023-01-04 00:00:00-05:00,343.5813577210793,349.04713207824165,341.9191235143999,347.2577819824219,2661000,0.0,0.0
2023-01-05 00:00:00-05:00,348.2062510890954,349.61425361227924,343.4640224408313,343.9529113769531,2608500,0.0,0.0
2023-01-06 00:00:00-05:00,349.936833986967,361.1113899316086,347.9879076008029,360.08306884765625,4432800,0.57,0.0
2023-01-09 00:00:00-05:00,363.96135629771237,367.2618109904248,361.934063927963,363.3149719238281,3913500,0.0,0.0
2023-01-10 00:00:00-05:00,361.19954190498805,364.0103141954897,359.6325521935901,363.3541564941406,3485900,0.0,0.0
2023-01-11 00:00:00-05:00,364.93094268596946,370.1215945663456,363.59902077386505,370.06280517578125,3370200,0.0,0.0
2023-01-12 00:00:00-05:00,370.06270018443547,373.265241613278,369.14212494039174,371.97247314453125,3291200,0.0,0.0
2023-01-13 00:00:00-05:00,367.320557691716,370.0725703751634,366.58603409532594,367.77105712890625,4261000,0.0,0.0
2023-01-17 00:00:00-05:00,367.2618103027344,370.5230820275719,366.2628689383343,367.2618103027344,2814500,0.0,0.0
2023-01-18 00:00:00-05:00,366.78192723547585,368.0550895426357,360.8959351202864,361.3072814941406,2747100,0.0,0.0
2023-01-19 00:00:00-05:00,357.07642866451886,363.1484727742131,356.09706381897047,360.3475036621094,3111200,0.0,0.0
2023-01-20 00:00:00-05:00,362.5902358531209,368.84836130041634,361.7773463427141,368.515380859375,3863400,0.0,0.0
2023-01-23 00:00:00-05:00,368.9659545702987,373.51022244299213,368.5937910942603,370.7582092285156,2743900,0.0,0.0
2023-01-24 00:00:00-05:00,381.95230260304874,381.95230260304874,367.4772908947854,372.16845703125,2756200,0.0,0.0
2023-01-25 00:00:00-05:00,367.3597506926383,374.6658038958217,367.3597506926383,374.49932861328125,3501900,0.0,0.0
2023-01-26 00:00:00-05:00,375.4982293368603,376.1837667053362,365.3030390570647,369.4555358886719,3718400,0.0,0.0
2023-01-27 00:00:00-05:00,368.4272602467358,372.6678968382769,365.6752474471028,366.31182861328125,3405600,0.0,0.0
2023-01-30 00:00:00-05:00,361.83610390306944,366.0277839735189,361.7773444071907,363.46185302734375,2688600,0.0,0.0
2023-01-31 00:00:00-05:00,362.35511718800745,364.7937554895544,359.4464029828078,362.9525451660156,3137400,0.0,0.0
2023-02-01 00:00:00-05:00,360.96455910889136,369.00513725409877,359.42694891185266,366.36083984375,2951900,0.0,0.0
2023-02-02 00:00:00-05:00,371.68854188478537,372.61895045936893,365.1072088127686,367.20306396484375,2761600,0.0,0.0
2023-02-03 00:00:00-05:00,363.14849553526193,370.41539629534947,362.8448948051406,366.1943359375,2739600,0.0,0.0
2023-02-06 00:00:00-05:00,362.36496706086604,366.6056033896039,361.43455856868144,365.273681640625,2068300,0.0,0.0
2023-02-07 00:00:00-05:00,363.843853811523,369.2891201185537,361.22893644795516,367.3205871582031,2309100,0.0,0.0
2023-02-08 00:00:00-05:00,365.4694873616667,368.03541773633225,362.50201392937134,362.7076721191406,2193600,0.0,0.0
2023-02-09 00:00:00-05:00,365.59688229934113,366.8406947726,361.630466658093,362.7763366699219,2287600,0.0,0.0
2023-02-10 00:00:00-05:00,362.0124493092298,362.6098475410525,355.43111610702897,359.2604064941406,2270700,0.0,0.0
2023-02-13 00:00:00-05:00,360.95470898153775,363.48148704752657,359.4954649100249,363.1778564453125,2286400,0.0,0.0
2023-02-14 00:00:00-05:00,361.9536422450404,365.7046262969288,360.14184121218454,362.3258056640625,1841400,0.0,0.0
2023-02-15 00:00:00-05:00,358.72176960992107,362.1691232524897,357.4779869630721,362.012451171875,2203300,0.0,0.0
2023-02-16 00:00:00-05:00,357.3702347289545,365.3814321844808,357.3702347289545,359.9655456542969,2792700,0.0,0.0
2023-02-17 00:00:00-05:00,356.54757144084044,359.13310903843694,352.3754675391933,353.67803955078125,2718900,0.0,0.0
2023-02-21 00:00:00-05:00,349.39819482954397,354.304792142822,347.86058492390583,348.61468505859375,2730900,0.0,0.0
2023-02-22 00:00:00-05:00,348.02701724873435,350.3579099618889,345.9213891708961,347.64508056640625,2109300,0.0,0.0
2023-02-23 00:00:00-05:00,350.3579608800284,350.3579608800284,344.4034359295431,348.1935729980469,1975500,0.0,0.0
2023-02-24 00:00:00-05:00,343.58075545698654,346.6951282495362,342.37612603141207,345.8332824707031,2016100,0.0,0.0
2023-02-27 00:00:00-05:00,348.3013552944136,350.64202191690646,347.4982688850874,348.1446533203125,2200800,0.0,0.0
2023-02-28 00:00:00-05:00,347.4884817024935,350.41677339099556,345.9508715305466,347.9585876464844,2732900,0.0,0.0
2023-03-01 00:00:00-05:00,346.695157279051,347.9781228429262,342.1802996617796,346.2054748535156,1968100,0.0,0.0
2023-03-02 00:00:00-05:00,346.33281777025104,349.26110928589827,344.43284745456464,348.2327880859375,2526000,0.0,0.0
2023-03-03 00:00:00-05:00,350.7301774184383,354.2265175258893,349.7214326973139,354.0404357910156,2174900,0.0,0.0
2023-03-06 00:00:00-05:00,354.3537973627117,360.92532714063157,353.8053554374875,359.35833740234375,2789400,0.0,0.0
2023-03-07 00:00:00-05:00,359.59332933985286,361.53245220595755,352.130545649867,352.51251220703125,1660800,0.0,0.0
2023-03-08 00:00:00-05:00,351.20999152989157,354.23625501966137,349.90744951527824,351.621337890625,1634400,0.0,0.0
2023-03-09 00:00:00-05:00,351.83677956207396,356.5083385686621,346.6069754858131,347.12603759765625,2414700,0.0,0.0
2023-03-10 00:00:00-05:00,345.137854484633,345.764632236495,338.1060243958637,339.94720458984375,3176400,0.0,0.0
2023-03-13 00:00:00-04:00,336.5391618626407,342.64058599784903,333.1897207888869,337.59686279296875,3308200,0.0,0.0
2023-03-14 00:00:00-04:00,343.7570690289577,348.76160916352757,341.367416357501,345.5395202636719,3413300,0.0,0.0
2023-03-15 00:00:00-04:00,338.9092595525075,341.210773370109,336.5490161114843,340.8973693847656,3082600,0.0,0.0
2023-03-16 00:00:00-04:00,339.46738065074834,341.49467271173523,333.2582121651524,340.81890869140625,3768100,0.0,0.0
2023-03-17 00:00:00-04:00,343.02249322920153,344.6776219972661,339.70243248176246,342.4446716308594,8426800,0.0,0.0
2023-03-20 00:00:00-04:00,340.81895612272655,346.53844306422207,340.17257175733204,342.1117248535156,3864200,0.0,0.0
2023-03-21 00:00:00-04:00,347.0574720338995,348.8497262137997,343.5905125466192,347.25335693359375,3766800,0.0,0.0
2023-03-22 00:00:00-04:00,347.2925509586969,352.57134178322707,343.78643798828125,343.78643798828125,2596400,0.0,0.0
2023-03-23 00:00:00-04:00,345.1380091990134,352.43426021954997,344.579763998635,347.05755615234375,2598100,0.0,0.0
2023-03-24 00:00:00-04:00,343.21841064889463,345.1477605258941,339.16382597717137,344.3740539550781,2971500,0.0,0.0
2023-03-27 00:00:00-04:00,348.23277675305843,350.50491044251066,346.96938769217036,347.3023681640625,2420300,0.0,0.0
2023-03-28 00:00:00-04:00,348.2229706135799,348.5559510826736,345.5199140096096,347.0183410644531,1695900,0.0,0.0
2023-03-29 00:00:00-04:00,350.0054249562174,352.60073590590116,348.47761813723963,352.1110534667969,2327000,0.0,0.0
2023-03-30 00:00:00-04:00,353.5017476073057,355.10789038802545,350.8476473967793,351.84661865234375,2480500,0.0,0.0
2023-03-31 00:00:00-04:00,353.67802958408447,356.1460182221879,352.9435059538086,355.9109802246094,3376600,0.0,0.0
2023-04-03 00:00:00-04:00,355.12744286431484,359.09388809274316,354.28520351311477,358.9078063964844,2978000,0.0,0.0
2023-04-04 00:00:00-04:00,359.23099051671187,361.5031239867804,355.88157969541413,356.3908386230469,2198700,0.0,0.0
2023-04-05 00:00:00-04:00,356.5380555258314,358.1565368664852,354.7037447427059,356.8421325683594,2239600,0.57,0.0
2023-04-06 00:00:00-04:00,354.31130133289923,355.1254660630785,349.1713888087907,354.56634521484375,2357600,0.0,0.0
2023-04-10 00:00:00-04:00,352.8399390289684,354.03663961153177,350.750614821034,353.2617492675781,1559100,0.0,0.0
2023-04-11 00:00:00-04:00,356.47913613936004,358.2153205300289,354.26228979312344,357.1755676269531,3033800,0.0,0.0
2023-04-12 00:00:00-04:00,359.0882853999238,361.56017549455544,354.13474648935096,354.87042236328125,2268800,0.0,0.0
2023-04-13 00:00:00-04:00,356.8714776494858,362.68821451401675,356.4496973226888,362.5901184082031,2611700,0.0,0.0
2023-04-14 00:00:00-04:00,362.9334339359933,366.25870328045477,362.0604175235318,365.3170166015625,2254600,0.0,0.0
2023-04-17 00:00:00-04:00,366.229263852475,366.955151108358,361.3542135434283,365.6407470703125,2432700,0.0,0.0
2023-04-18 00:00:00-04:00,366.80804133771665,366.80804133771665,362.8942249206965,365.20916748046875,2087800,0.0,0.0
2023-04-19 00:00:00-04:00,365.8663052513011,367.0041541615822,364.07126934314283,365.679931640625,1795300,0.0,0.0
2023-04-20 00:00:00-04:00,364.35579458701113,368.0243558168163,362.6293987448762,367.8379821777344,2124800,0.0,0.0
2023-04-21 00:00:00-04:00,368.5442381765882,370.22157102033543,366.1312293567566,368.0733947753906,3537800,0.0,0.0
2023-04-24 00:00:00-04:00,367.98514296428783,370.42760773117874,366.4843650655946,367.57318115234375,1886300,0.0,0.0
2023-04-25 00:00:00-04:00,366.3665962487054,367.4259563677824,361.28553524410245,361.49151611328125,2245000,0.0,0.0
2023-04-26 00:00:00-04:00,362.58034087579387,365.1110528489463,359.0981235883132,359.7553405761719,2594200,0.0,0.0
2023-04-27 00:00:00-04:00,359.57874003048437,367.8183338590429,354.1053246381066,366.5333557128906,3859900,0.0,0.0
2023-04-28 00:00:00-04:00,365.415152033328,374.6356180630481,364.4146435058951,372.77191162109375,3107300,0.0,0.0
2023-05-01 00:00:00-04:00,373.2231361995682,375.15551301046645,371.72235836717647,372.60516357421875,1745100,0.0,0.0
2023-05-02 00:00:00-04:00,370.5550557209453,371.60462724642014,363.85551333149516,368.8482971191406,2478700,0.0,0.0
2023-05-03 00:00:00-04:00,369.4760518520058,372.30102203802767,367.1807168028511,367.7398376464844,1970900,0.0,0.0
2023-05-04 00:00:00-04:00,367.34752918935146,369.65265318322696,365.03261653829793,368.93658447265625,2814900,0.0,0.0
2023-05-05 00:00:00-04:00,373.30165444807216,377.7941697064282,371.0161374136466,377.31353759765625,2683100,0.0,0.0
2023-05-08 00:00:00-04:00,376.6758650528823,380.05995610322884,376.44042841822846,378.147216796875,1719600,0.0,0.0
2023-05-09 00:00:00-04:00,376.54833119678455,378.7946031699235,375.3908750458045,375.62628173828125,2036400,0.0,0.0
2023-05-10 00:00:00-04:00,378.6179772962719,379.3732902442151,370.43726633484744,375.23388671875,1940800,0.0,0.0
2023-05-11 00:00:00-04:00,374.91029320809565,378.3532664945447,372.01665221262897,376.0677795410156,1901200,0.0,0.0
2023-05-12 00:00:00-04:00,377.1467174730737,377.6665939456828,371.56538688529423,374.6258239746094,2044000,0.0,0.0
2023-05-15 00:00:00-04:00,374.57674504422863,376.3325666142172,373.2623409982543,376.08734130859375,1957400,0.0,0.0
2023-05-16 00:00:00-04:00,375.29287864266973,376.2737800348698,370.1137204892431,372.9779357910156,2762700,0.0,0.0
2023-05-17 00:00:00-04:00,374.9004809983142,380.1188530548517,371.8891068859175,379.6087951660156,3260300,0.0,0.0
2023-05-18 00:00:00-04:00,379.7166390754255,384.5328674316406,378.4414795231942,384.5328674316406,3729500,0.0,0.0
2023-05-19 00:00:00-04:00,384.5133038022193,384.7094960331539,377.78433535435164,378.20611572265625,3369100,0.0,0.0
2023-05-22 00:00:00-04:00,377.63714978140547,379.971699466357,376.84262219077635,377.1859436035156,1808800,0.0,0.0
2023-05-23 00:00:00-04:00,374.2334389582899,374.73370818136675,363.3650661391608,366.6118469238281,3979000,0.0,0.0
2023-05-24 00:00:00-04:00,362.31547643414103,362.5508831462632,358.59785245332154,361.46209716796875,2655700,0.0,0.0
2023-05-25 00:00:00-04:00,360.88336243158903,363.9045249424736,357.94065884506443,362.9726867675781,3752200,0.0,0.0
2023-05-26 00:00:00-04:00,363.9143687523212,368.50497948108784,362.98250057811964,367.2200012207031,2691300,0.0,0.0
2023-05-30 00:00:00-04:00,369.0934815068254,369.436802894394,359.206011140159,360.4811706542969,3430100,0.0,0.0
2023-05-31 00:00:00-04:00,358.0289462188492,358.71558904850326,351.01550846479574,358.0485534667969,10695300,0.0,0.0
2023-06-01 00:00:00-04:00,360.1477075196601,364.0026422582876,359.05889156314504,363.7966613769531,3389700,0.0,0.0
2023-06-02 00:00:00-04:00,367.4357848025302,368.64230408092953,365.0423834283795,366.59222412109375,2501500,0.0,0.0
2023-06-05 00:00:00-04:00,365.6309017750224,365.67993485837826,361.4914977460019,363.4434814453125,2316200,0.0,0.0
2023-06-06 00:00:00-04:00,365.82711940442744,373.1152082335228,364.7088776528084,372.7032165527344,2758700,0.0,0.0
2023-06-07 00:00:00-04:00,372.0460500599638,373.23293221168495,361.2267102789171,364.29693603515625,3714500,0.0,0.0
2023-06-08 00:00:00-04:00,362.3057036337604,362.707876774285,358.8627602949114,360.56951904296875,2594700,0.0,0.0
2023-06-09 00:00:00-04:00,363.38464284530636,365.0031238057358,360.73622761952953,362.1683349609375,2201800,0.0,0.0
2023-06-12 00:00:00-04:00,363.59072306458575,368.7894883384718,362.8746542898024,368.14208984375,2407500,0.0,0.0
2023-06-13 00:00:00-04:00,368.1420440858147,369.9763246255022,362.74708723509593,364.287109375,2444100,0.0,0.0
2023-06-14 00:00:00-04:00,365.80741238658965,370.8590466827818,364.9147888608976,367.60247802734375,2775400,0.0,0.0
2023-06-15 00:00:00-04:00,366.14099249449134,372.32068822372025,363.4435141035271,371.8008117675781,2558100,0.0,0.0
2023-06-16 00:00:00-04:00,374.3217412070291,375.5871123011902,368.9758469331591,369.3387756347656,5886900,0.0,0.0
2023-06-20 00:00:00-04:00,367.8477758051101,372.2618312916757,366.6118306897582,367.4652099609375,3961700,0.0,0.0
2023-06-21 00:00:00-04:00,366.81781981893766,371.1632350683404,366.52356142043647,368.9562072753906,2301300,0.0,0.0
2023-06-22 00:00:00-04:00,367.94587625351386,371.2515388154382,366.80805707577304,370.5845031738281,1933300,0.0,0.0
2023-06-23 00:00:00-04:00,367.8182913113143,373.84100827094875,366.0918958616458,372.5560302734375,3739700,0.0,0.0
2023-06-26 00:00:00-04:00,370.83952270605397,372.73265492669304,368.1812887108456,370.2117614746094,3327800,0.0,0.0
2023-06-27 00:00:00-04:00,373.0759418488404,375.52819473731523,371.77135648345194,374.4982604980469,2197300,0.0,0.0
2023-06-28 00:00:00-04:00,373.9097048004442,374.1156856563848,371.43784472497634,372.9680480957031,2012400,0.0,0.0
2023-06-29 00:00:00-04:00,373.57629763097816,380.59955512408175,373.232976160047,380.26605224609375,2524600,0.0,0.0
2023-06-30 00:00:00-04:00,380.68775346216495,387.622731980305,380.68775346216495,385.7884216308594,4407100,0.0,0.0
2023-07-03 00:00:00-04:00,383.8659258534766,386.7792040234564,381.2567247033656,386.4358825683594,1304600,0.0,0.0
2023-07-05 00:00:00-04:00,381.3842135242902,387.70121998408445,379.7363066047084,387.191162109375,2781800,0.0,0.0
2023-07-06 00:00:00-04:00,386.86701261741473,387.24029895620583,382.8493280357315,386.1892395019531,2156600,0.57,0.0
2023-07-07 00:00:00-04:00,383.75304838772723,385.51140918564494,381.53299609464744,381.80804443359375,2654400,0.0,0.0
2023-07-10 00:00:00-04:00,381.6116023542761,386.47406732214034,381.1499108544082,385.2265319824219,2148600,0.0,0.0
2023-07-11 00:00:00-04:00,386.66069530654624,391.41511930051223,385.40332722531576,390.76678466796875,2106200,0.0,0.0
2023-07-12 00:00:00-04:00,391.94562046213923,396.04190743023145,391.660739311566,393.6057434082031,2273400,0.0,0.0
2023-07-13 00:00:00-04:00,395.8748901188902,396.1106372843066,393.3797893654858,393.47802734375,2354900,0.0,0.0
2023-07-14 00:00:00-04:00,395.0104355737277,396.3562089114012,393.2226063321663,395.3935546875,1978500,0.0,0.0
2023-07-17 00:00:00-04:00,394.8435008324145,396.85724466189,394.0281585173213,395.0890808105469,2344500,0.0,0.0
2023-07-18 00:00:00-04:00,393.340443827259,394.83355888944646,388.2225369136371,391.1203918457031,2676200,0.0,0.0
2023-07-19 00:00:00-04:00,390.9633000577525,392.78059777473106,389.30317711403933,391.228515625,1809700,0.0,0.0
2023-07-20 00:00:00-04:00,390.11849936947493,392.6528712605991,388.5565845083856,391.022216796875,2570700,0.0,0.0
2023-07-21 00:00:00-04:00,391.6214097904844,394.4111941539531,390.39351015983704,390.4622497558594,1868100,0.0,0.0
2023-07-24 00:00:00-04:00,390.4524544487106,397.75108279884046,389.5978111078177,397.6332092285156,3029800,0.0,0.0
2023-07-25 00:00:00-04:00,396.2383169184757,397.70196376836645,393.91022388303173,394.1852722167969,2490500,0.0,0.0
2023-07-26 00:00:00-04:00,392.1223845503847,396.1793698516709,388.75303505467963,395.2952880859375,2572300,0.0,0.0
2023-07-27 00:00:00-04:00,398.0261158040372,398.0261158040372,386.9848521309273,387.5251159667969,3563300,0.0,0.0
2023-07-28 00:00:00-04:00,390.9238965453269,390.96319772286176,382.0044478378555,386.0122985839844,4501000,0.0,0.0
2023-07-31 00:00:00-04:00,387.0045652659497,389.07724582835,385.53108544235846,387.30908203125,3578300,0.0,0.0
2023-08-01 00:00:00-04:00,386.8179030048758,390.27565802821283,385.4229956503689,390.04974365234375,2344200,0.0,0.0
2023-08-02 00:00:00-04:00,386.9160983429329,387.24025066207525,382.69210553574544,383.12432861328125,2410600,0.0,0.0
2023-08-03 00:00:00-04:00,380.7078383136867,386.4838832159241,379.58800939195754,386.0614929199219,2190500,0.0,0.0
2023-08-04 00:00:00-04:00,384.68622992257207,389.0870332749052,383.17347906416217,384.43084716796875,2215800,0.0,0.0
2023-08-07 00:00:00-04:00,386.0516682666089,390.717687157872,386.0516682666089,389.8532409667969,1559800,0.0,0.0
2023-08-08 00:00:00-04:00,389.175407529683,389.37188345885994,383.23238539730323,386.23828125,1747000,0.0,0.0
2023-08-09 00:00:00-04:00,386.89642151228264,389.77464100809374,384.94161490800974,386.7098083496094,1806100,0.0,0.0
2023-08-10 00:00:00-04:00,389.4504995085728,393.5467862648435,388.7137596585834,390.1184997558594,2154500,0.0,0.0
2023-08-11 00:00:00-04:00,388.75304901486976,389.65679639368557,385.86502649255056,387.9966735839844,1464600,0.0,0.0
2023-08-14 00:00:00-04:00,389.4406736334253,392.17152131654785,387.63317892783016,391.5329895019531,1638500,0.0,0.0
2023-08-15 00:00:00-04:00,390.4622742057241,390.4622742057241,386.6312331138168,387.4760437011719,1753200,0.0,0.0
2023-08-16 00:00:00-04:00,386.4838498123608,392.1420206525439,386.16950032612465,387.39739990234375,2002000,0.0,0.0
2023-08-17 00:00:00-04:00,389.1361291570586,389.204868750788,384.0771588651249,385.6783447265625,2118600,0.0,0.0
2023-08-18 00:00:00-04:00,382.9279011799756,386.87681587611536,381.95538421946276,385.2363586425781,2001800,0.0,0.0
2023-08-21 00:00:00-04:00,386.25800227690496,388.0065305124218,384.1067192821142,386.2481994628906,1869400,0.0,0.0
2023-08-22 00:00:00-04:00,388.0163370759505,391.7196720832962,386.71966769150293,390.8061218261719,2422500,0.0,0.0
2023-08-23 00:00:00-04:00,392.2107860259462,394.81395728105355,391.3168714783387,393.9691467285156,1943200,0.0,0.0
2023-08-24 00:00:00-04:00,394.48977566417636,396.8571698041824,390.4720915771349,390.63909912109375,1970000,0.0,0.0
2023-08-25 00:00:00-04:00,393.5663985787377,397.4662091530241,391.94557700028025,395.7668151855469,2154600,0.0,0.0
2023-08-28 00:00:00-04:00,396.85717632709594,400.58997936074695,396.0221985496157,400.2363586425781,1901300,0.0,0.0
2023-08-29 00:00:00-04:00,400.21675458608127,404.90240933927277,399.401412347114,404.3719482421875,2188800,0.0,0.0
2023-08-30 00:00:00-04:00,407.4465016395207,410.3934602887225,406.2087694138916,406.5918884277344,2516600,0.0,0.0
2023-08-31 00:00:00-04:00,406.8866405552124,408.929882349093,404.4996108436666,405.34442138671875,2535100,0.0,0.0
2023-09-01 00:00:00-04:00,406.52320177270906,409.1460086957317,405.19706411450704,408.2226257324219,1841700,0.0,0.0
2023-09-05 00:00:00-04:00,406.0418763983144,408.05561990323696,402.45641529105177,404.2245788574219,2045600,0.0,0.0
2023-09-06 00:00:00-04:00,403.5173164624459,406.07135387613283,401.6607476740256,405.8748779296875,2292100,0.0,0.0
2023-09-07 00:00:00-04:00,404.63718325056954,408.7727411947349,404.4505400912299,407.2894287109375,2502700,0.0,0.0
2023-09-08 00:00:00-04:00,407.66272896919605,408.9692011512254,406.54286997486616,407.50555419921875,1868900,0.0,0.0
2023-09-11 00:00:00-04:00,409.47998969720027,410.2068967119807,407.3090714652078,409.32281494140625,1544700,0.0,0.0
2023-09-12 00:00:00-04:00,408.5958977594089,410.2658232893809,407.90826196717313,408.91021728515625,1997600,0.0,0.0
2023-09-13 00:00:00-04:00,408.81208189659486,411.0124688576845,407.63328603714024,408.93975830078125,2142200,0.0,0.0
2023-09-14 00:00:00-04:00,410.9043410422581,411.1990549552236,400.5703480238933,406.03204345703125,3557700,0.0,0.0
2023-09-15 00:00:00-04:00,404.5781984167225,410.90434001389514,403.87095697462297,406.9848937988281,4755500,0.0,0.0
2023-09-18 00:00:00-04:00,406.5625265450039,410.50163856430584,405.7373815044309,409.75506591796875,1808000,0.0,0.0
2023-09-19 00:00:00-04:00,409.5880077746488,409.72554692010175,403.83162880562804,406.2186584472656,1730900,0.0,0.0
2023-09-20 00:00:00-04:00,406.4543795948918,408.49762119831144,402.82961778797437,403.2618408203125,1580000,0.0,0.0
2023-09-21 00:00:00-04:00,401.1204174235726,401.5428076942913,394.99075216917913,396.22845458984375,2450700,0.0,0.0
2023-09-22 00:00:00-04:00,397.2403509447253,399.6568494573946,394.4603688946581,395.10870361328125,1885000,0.0,0.0
2023-09-25 00:00:00-04:00,393.51733246492785,396.1008384311925,392.7707597962825,395.3739013671875,1846500,0.0,0.0
2023-09-26 00:00:00-04:00,392.927838100769,393.7628157523361,386.65080149766203,388.3895263671875,2940400,0.0,0.0
2023-09-27 00:00:00-04:00,389.20489771413787,390.01040709964155,384.5585445069184,388.4878234863281,1987500,0.0,0.0
2023-09-28 00:00:00-04:00,388.8315874506758,394.2540112940064,388.3797287897375,392.3777770996094,2216200,0.0,0.0
2023-09-29 00:00:00-04:00,394.92204037064397,395.06938234965696,387.2795932862716,388.9102478027344,3032300,0.0,0.0
2023-10-02 00:00:00-04:00,386.6410683542285,389.3522505405918,385.5114066117421,388.8512878417969,2856800,0.0,0.0
2023-10-03 00:00:00-04:00,387.5251479719381,390.8257279986753,382.09292086108474,384.1459655761719,2527900,0.0,0.0
2023-10-04 00:00:00-04:00,385.0693862569218,387.4957175174065,381.7098391354725,386.79827880859375,1813400,0.0,0.0
2023-10-05 00:00:00-04:00,384.04371746901785,388.303314480743,383.66004301569404,387.7917785644531,2116600,0.57,0.0
2023-10-06 00:00:00-04:00,386.83755266923373,394.48123054309815,384.1519215139148,391.50048828125,2484000,0.0,0.0
2023-10-09 00:00:00-04:00,388.0475814938223,390.0544273064066,383.24690681584525,388.3230285644531,2475100,0.0,0.0
2023-10-10 00:00:00-04:00,389.1100719047134,396.1733459250234,387.44754230647163,393.8615417480469,2713800,0.0,0.0
2023-10-11 00:00:00-04:00,396.69468899793253,398.5441321530519,390.9004235815526,393.31060791015625,2055600,0.0,0.0
2023-10-12 00:00:00-04:00,397.23573421793947,398.7507080751393,390.86109361111124,393.3991394042969,1779000,0.0,0.0
2023-10-13 00:00:00-04:00,392.3268281733945,395.6027115529972,388.6574533124922,391.55950927734375,2235600,0.0,0.0
2023-10-16 00:00:00-04:00,393.7336143570176,397.85550333781015,392.29735679514414,394.638671875,2202100,0.0,0.0
2023-10-17 00:00:00-04:00,393.1433899202431,397.0488240181865,391.97273238676416,395.2387390136719,2176000,0.0,0.0
2023-10-18 00:00:00-04:00,392.6219532078866,394.8452236872432,386.17844366126894,386.81787109375,1951400,0.0,0.0
2023-10-19 00:00:00-04:00,387.44743393427956,388.41148347608174,379.23316863529055,381.56463623046875,3472800,0.0,0.0
2023-10-20 00:00:00-04:00,381.5647563610496,383.65028870580306,377.9249218039837,378.1610107421875,2652500,0.0,0.0
2023-10-23 00:00:00-04:00,376.0950458579242,381.5548113017709,374.8063440321302,377.4329528808594,1771800,0.0,0.0
2023-10-24 00:00:00-04:00,379.23321799422587,383.0993237507246,377.6297108682718,380.62030029296875,2003300,0.0,0.0
2023-10-25 00:00:00-04:00,377.75758373394353,382.312321903755,376.0261852016241,380.030029296875,3504500,0.0,0.0
2023-10-26 00:00:00-04:00,364.988550264047,369.4449077006069,357.1382953218068,358.6630859375,6920100,0.0,0.0
2023-10-27 00:00:00-04:00,360.5322334854951,362.3029902294958,353.9214743551408,358.1614074707031,3624900,0.0,0.0
2023-10-30 00:00:00-04:00,360.5616727673947,367.162613559949,358.7909463976264,366.36578369140625,3386400,0.0,0.0
2023-10-31 00:00:00-04:00,367.2512823112049,371.5403913324334,367.04467447541174,370.2320251464844,2978800,0.0,0.0
2023-11-01 00:00:00-04:00,372.5143194309119,374.2161771806493,368.94332423588344,371.6781311035156,2354700,0.0,0.0
2023-11-02 00:00:00-04:00,374.1177405869862,376.8132189088004,372.33716677992714,376.4689025878906,2816000,0.0,0.0
2023-11-03 00:00:00-04:00,378.74137298355123,382.12545414647326,377.492029132351,379.7742919921875,2269100,0.0,0.0
2023-11-06 00:00:00-05:00,380.8072288928583,381.93852825234944,377.964194916163,379.88250732421875,2020500,0.0,0.0
2023-11-07 00:00:00-05:00,379.7250613145372,383.2566975309219,378.0526850462719,382.54840087890625,2324200,0.0,0.0
2023-11-08 00:00:00-05:00,380.81700661526116,385.007764354625,380.7088092193311,383.36492919921875,2838400,0.0,0.0
2023-11-09 00:00:00-05:00,384.6044601019074,385.0865149690621,380.9744431493548,381.6532287597656,2657100,0.0,0.0
2023-11-10 00:00:00-05:00,383.69939753755193,388.6672911671382,380.4530253452647,387.9688415527344,2807000,0.0,0.0
2023-11-13 00:00:00-05:00,387.9394226074219,389.1986136298465,386.631026375886,387.9394226074219,1614600,0.0,0.0
2023-11-14 00:00:00-05:00,390.7233691771631,395.15021643462933,390.30036653327136,391.18572998046875,2733900,0.0,0.0
2023-11-15 00:00:00-05:00,391.00863874548713,392.7892125733102,388.342701526055,390.3790283203125,2434600,0.0,0.0
2023-11-16 00:00:00-05:00,391.53989433250683,393.44835977879126,389.11986287702496,390.6446838378906,3060600,0.0,0.0
2023-11-17 00:00:00-05:00,393.467980318083,394.5992796016464,391.4414706389413,393.7926025390625,2365500,0.0,0.0
2023-11-20 00:00:00-05:00,394.2057885321247,398.6129712485307,391.78578736328546,397.8259582519531,2768300,0.0,0.0
2023-11-21 00:00:00-05:00,399.12452924068816,403.67926776399156,399.0950181280276,402.3020324707031,2567500,0.0,0.0
2023-11-22 00:00:00-05:00,405.55819408721106,406.13859927724883,403.48247923465834,403.6595458984375,1967900,0.0,0.0
2023-11-24 00:00:00-05:00,405.78449499554705,406.2567028558367,403.8563654369545,405.7943420410156,1053500,0.0,0.0
2023-11-27 00:00:00-05:00,404.3186844183054,406.0107248824235,401.61338908460624,402.3216857910156,2665900,0.0,0.0
2023-11-28 00:00:00-05:00,402.42989271514267,403.96456063323586,400.83623259338634,402.3610534667969,2645000,0.0,0.0
2023-11-29 00:00:00-05:00,404.32849427979784,405.38107718742583,402.76434545146077,403.1578369140625,2151400,0.0,0.0
2023-11-30 00:00:00-05:00,403.43331617456266,407.42731338096763,402.1347672248953,407.1026611328125,3203500,0.0,0.0
2023-12-01 00:00:00-05:00,406.1779794344059,409.82766041355393,404.8794304533987,407.6240539550781,2171400,0.0,0.0
2023-12-04 00:00:00-05:00,407.1026294962762,408.10606725280263,401.39692822237504,401.59368896484375,3097900,0.0,0.0
2023-12-05 00:00:00-05:00,400.47223813227345,402.400367469266,397.7472787623894,402.0462341308594,2755600,0.0,0.0
2023-12-06 00:00:00-05:00,404.7416591001027,407.09282092909564,400.5410843522751,403.708740234375,2224200,0.0,0.0
2023-12-07 00:00:00-05:00,405.3712553641456,406.8468708475307,403.32505174849297,406.4336853027344,2363000,0.0,0.0
2023-12-08 00:00:00-05:00,405.51889161412964,406.9453322072135,402.5775071053958,405.4598693847656,1959300,0.0,0.0
2023-12-11 00:00:00-05:00,405.7549203595082,409.40463112233044,405.67623407251835,408.95208740234375,2236000,0.0,0.0
2023-12-12 00:00:00-05:00,410.2211779154133,414.1561532431391,407.95857911056265,413.91021728515625,2736500,0.0,0.0
2023-12-13 00:00:00-05:00,415.0021111403382,419.4388049226085,412.33617406623415,417.7762756347656,3694200,0.0,0.0
2023-12-14 00:00:00-05:00,418.10092680606783,418.9272679258439,409.1390059322368,411.7557678222656,3989700,0.0,0.0
2023-12-15 00:00:00-05:00,405.9123678144578,412.4444411510989,404.90895993169954,411.7656555175781,5566600,0.0,0.0
2023-12-18 00:00:00-05:00,412.71002647657076,418.17963948706745,412.71002647657076,417.5303649902344,2686900,0.0,0.0
2023-12-19 00:00:00-05:00,417.15656783715394,419.74381896766135,415.6514409465994,418.5534973144531,2256200,0.0,0.0
2023-12-20 00:00:00-05:00,418.16976908807123,420.65863950952496,412.42470934112,412.6313171386719,3058300,0.0,0.0
2023-12-21 00:00:00-05:00,414.93328633002255,417.00897124027523,413.77244588419177,416.55645751953125,2213600,0.0,0.0
2023-12-22 00:00:00-05:00,417.8451464098959,420.2258194293793,416.084236739436,417.2057189941406,1759000,0.0,0.0
2023-12-26 00:00:00-05:00,418.091111394595,418.79940812534613,416.07444863057697,416.7827453613281,1258200,0.0,0.0
2023-12-27 00:00:00-05:00,416.1236401353486,418.10097484073736,416.0842819761301,417.4615173339844,1324100,0.0,0.0
2023-12-28 00:00:00-05:00,416.88111416286444,421.39649476307386,416.79258082028923,419.3896789550781,1505000,0.0,0.0
2023-12-29 00:00:00-05:00,419.7438187635853,421.386684202735,417.3729924822211,419.57659912109375,1706100,0.0,0.0
2024-01-02 00:00:00-05:00,417.19586486984133,417.38277857578663,412.7395070804387,415.0316467285156,2463700,0.0,0.0
2024-01-03 00:00:00-05:00,414.3528920272177,414.4906005452103,410.71302803365774,411.9623718261719,3093700,0.0,0.0
2024-01-04 00:00:00-05:00,411.6968230442072,416.5663673683764,411.48039818487786,412.9461669921875,2042600,0.0,0.0
2024-01-05 00:00:00-05:00,413.65442020622845,415.8875378424715,410.21131691162964,412.6018371582031,2415900,0.0,0.0
2024-01-08 00:00:00-05:00,413.27175863574126,415.8729194172123,410.4045492039361,415.7744140625,2125400,0.66,0.0
2024-01-09 00:00:00-05:00,412.9368156718138,417.46917512013954,412.38505331137,416.3853454589844,2439300,0.0,0.0
2024-01-10 00:00:00-05:00,419.7353168845148,423.1542888609502,417.9125166542392,421.971923828125,2709300,0.0,0.0
2024-01-11 00:00:00-05:00,423.67655787008016,425.44024312326746,419.50875206905664,420.4447937011719,2320600,0.0,0.0
2024-01-12 00:00:00-05:00,423.6272705220686,424.7701853799476,421.4103584820343,422.7897644042969,1892400,0.0,0.0
2024-01-16 00:00:00-05:00,421.15422081532245,423.41055330383165,420.2477367799397,422.05084228515625,2398000,0.0,0.0
2024-01-17 00:00:00-05:00,419.22304805268396,424.0509843215625,419.22304805268396,421.134521484375,2690400,0.0,0.0
2024-01-18 00:00:00-05:00,422.3365569271834,424.87860295324725,421.1640543220529,424.3859558105469,2075700,0.0,0.0
2024-01-19 00:00:00-05:00,426.18900611597167,430.6425552687004,423.02622006467413,430.3568115234375,2400200,0.0,0.0
2024-01-22 00:00:00-05:00,432.52450681386506,434.45567524124357,430.82979939875446,433.2831726074219,2715500,0.0,0.0
2024-01-23 00:00:00-05:00,433.79551321286834,434.1206771723254,431.4209503275086,432.3077392578125,2328600,0.0,0.0
2024-01-24 00:00:00-05:00,432.08108293991995,434.44578310804707,429.3518287130925,432.24859619140625,2725700,0.0,0.0
2024-01-25 00:00:00-05:00,429.5882720273272,432.1796005893246,428.070910537143,430.3764953613281,2977800,0.0,0.0
2024-01-26 00:00:00-05:00,426.18898467813244,433.42107040538883,424.3366568812267,432.0810546875,2725400,0.0,0.0
2024-01-29 00:00:00-05:00,429.3714911365103,434.4753077079607,428.2778290435389,434.10089111328125,2314200,0.0,0.0
2024-01-30 00:00:00-05:00,434.4162069028154,439.6579792649736,433.57870081879355,438.64312744140625,2663600,0.0,0.0
2024-01-31 00:00:00-05:00,443.3824451003912,455.20597696973493,440.0521454795186,442.623779296875,4740500,0.0,0.0
2024-02-01 00:00:00-05:00,448.30886030038084,454.3585811119603,447.37281878432447,454.1418151855469,3292700,0.0,0.0
2024-02-02 00:00:00-05:00,455.4128275833711,457.01886195385157,451.75739448996626,453.8067932128906,2050300,0.0,0.0
2024-02-05 00:00:00-05:00,452.75261978555244,454.58525285727205,448.83113741837957,450.0430603027344,2438800,0.0,0.0
2024-02-06 00:00:00-05:00,448.66357000729516,453.7871120749779,448.66357000729516,453.7279968261719,2201900,0.0,0.0
2024-02-07 00:00:00-05:00,454.42756103744586,455.44241293098514,452.8609467591936,455.1172790527344,2544300,0.0,0.0
2024-02-08 00:00:00-05:00,453.235367998325,453.9743387070179,450.7228796162871,451.5209655761719,2081300,0.0,0.0
2024-02-09 00:00:00-05:00,451.3237995736206,452.24011584276946,449.65865018880316,451.1464538574219,2155400,0.0,0.0
2024-02-12 00:00:00-05:00,452.42741445957233,452.6441804011384,449.37299621706677,451.9643249511719,1794500,0.0,0.0
2024-02-13 00:00:00-05:00,450.04299754256425,455.0876991378828,449.333584501423,453.6885681152344,2407700,0.0,0.0
2024-02-14 00:00:00-05:00,455.20596882075625,458.60524619985824,452.68361780595444,458.34906005859375,2202700,0.0,0.0
2024-02-15 00:00:00-05:00,458.9796516131851,465.1672988985446,458.3884990610785,464.3495178222656,2354100,0.0,0.0
2024-02-16 00:00:00-05:00,467.1969431781081,467.1969431781081,460.20134865678995,461.2457580566406,2237200,0.0,0.0
2024-02-20 00:00:00-05:00,446.1412364160348,449.1464020009356,443.50065497126315,445.106689453125,5044200,0.0,0.0
2024-02-21 00:00:00-05:00,446.6437369961113,452.84124628858666,445.3530039256356,452.29931640625,2895800,0.0,0.0
2024-02-22 00:00:00-05:00,455.01868725034757,465.551484078711,454.79205877195716,464.62530517578125,2572800,0.0,0.0
2024-02-23 00:00:00-05:00,466.7634466184377,468.18227271579707,464.92092114969927,466.4580078125,1764100,0.0,0.0
2024-02-26 00:00:00-05:00,466.04414806752237,468.09354673573256,465.0588538855614,467.5319519042969,2066900,0.0,0.0
2024-02-27 00:00:00-05:00,467.5713922496867,468.0147867067165,463.03906258082645,467.7684631347656,2011100,0.0,0.0
2024-02-28 00:00:00-05:00,467.19699654365206,472.09391026104527,466.7043494093823,471.80816650390625,1931900,0.0,0.0
2024-02-29 00:00:00-05:00,470.9706641462046,471.3549433470443,465.10815117377047,467.7783203125,3072500,0.0,0.0
2024-03-01 00:00:00-05:00,467.9261117216554,470.47802030731816,466.9309548734411,469.6208190917969,1748300,0.0,0.0
2024-03-04 00:00:00-05:00,468.67492996468206,469.62080402710876,458.9204928172282,461.6004943847656,3212400,0.0,0.0
2024-03-05 00:00:00-05:00,460.4969567531756,462.339452141422,457.7873976366266,460.6447448730469,2015100,0.0,0.0
2024-03-06 00:00:00-05:00,460.29002539182625,466.65501727379296,460.29002539182625,464.66473388671875,1917100,0.0,0.0
2024-03-07 00:00:00-05:00,466.2412897893663,466.31023754029997,459.0387906301213,460.6645202636719,2178100,0.0,0.0
2024-03-08 00:00:00-05:00,460.2309526946878,464.684471904171,460.2309526946878,462.35919189453125,1596900,0.0,0.0
2024-03-11 00:00:00-04:00,462.10303045480725,462.4675845377621,457.8564143928051,462.26068115234375,1774500,0.0,0.0
2024-03-12 00:00:00-04:00,463.6104917755011,467.39401800176546,461.81724906450484,465.91607666015625,1853900,0.0,0.0
2024-03-13 00:00:00-04:00,467.2561637425998,469.1577746757865,465.8274748668616,468.6158447265625,2103900,0.0,0.0
2024-03-14 00:00:00-04:00,473.9461949107293,474.91179403041104,470.16266887359683,472.4288635253906,2757700,0.0,0.0
2024-03-15 00:00:00-04:00,466.37920734464547,471.4239094252569,466.1230212007907,468.83258056640625,4179300,0.0,0.0
2024-03-18 00:00:00-04:00,471.60130214490727,473.7492366115229,469.6405459415092,471.8476257324219,2072300,0.0,0.0
2024-03-19 00:00:00-04:00,474.5374410190304,477.4834613854543,472.45848445686676,476.8824462890625,2049500,0.0,0.0
2024-03-20 00:00:00-04:00,477.1977108369555,481.2669808361695,476.5277179740517,480.8630065917969,1691100,0.0,0.0
2024-03-21 00:00:00-04:00,481.3458561341948,482.79424005711803,476.29129121809933,481.4542541503906,2580300,0.0,0.0
2024-03-22 00:00:00-04:00,481.12906964206945,481.70055718934117,474.3797974991588,474.58673095703125,2277800,0.0,0.0
2024-03-25 00:00:00-04:00,474.5177543211858,475.2271674400119,467.4334856982186,469.0395202636719,2600300,0.0,0.0
2024-03-26 00:00:00-04:00,470.6948141027271,472.9412839989703,465.36436810606637,469.788330078125,2515100,0.0,0.0
2024-03-27 00:00:00-04:00,473.43390564459287,475.0694977718286,467.76846348547446,470.9214172363281,2309400,0.0,0.0
2024-03-28 00:00:00-04:00,470.88200890214307,475.3355283737259,470.26126867372415,474.4881896972656,2214500,0.0,0.0
2024-04-01 00:00:00-04:00,473.5915206400175,476.17298667040205,470.3104740679691,471.36474609375,1648200,0.0,0.0
2024-04-02 00:00:00-04:00,469.955792753998,473.34520732994474,469.2956323858808,472.3796081542969,3265100,0.0,0.0
2024-04-03 00:00:00-04:00,473.374778290008,476.19270545017133,470.19226699461717,470.3992004394531,2265000,0.0,0.0
2024-04-04 00:00:00-04:00,472.91170826361804,474.8724343064389,462.1030285466722,462.8616943359375,2552600,0.0,0.0
2024-04-05 00:00:00-04:00,467.0295076171147,472.2614180501065,465.58112376415784,470.1331787109375,2462700,0.0,0.0
2024-04-08 00:00:00-04:00,470.0443129573086,473.28055307583895,467.9526008223421,472.4616394042969,1961800,0.66,0.0
2024-04-09 00:00:00-04:00,471.59335616794175,472.50109560555654,461.5886204576756,465.8608703613281,2217200,0.0,0.0
2024-04-10 00:00:00-04:00,463.8974560783037,468.0611580903896,462.59505902570237,462.9107971191406,2710500,0.0,0.0
2024-04-11 00:00:00-04:00,462.0326878105704,464.0750792223102,457.99725600469134,462.0622863769531,2299900,0.0,0.0
2024-04-12 00:00:00-04:00,459.78307994480105,463.25610867887383,455.94496209911654,459.1713562011719,2486300,0.0,0.0
2024-04-15 00:00:00-04:00,463.9665444005623,464.7164149177252,452.3141033695289,453.6559753417969,2070500,0.0,0.0
2024-04-16 00:00:00-04:00,453.8631382678159,457.19805049275897,452.8764792715815,453.685546875,1787200,0.0,0.0
2024-04-17 00:00:00-04:00,456.5961922479032,457.2276684853366,452.0378323092915,454.0210266113281,1735000,0.0,0.0
2024-04-18 00:00:00-04:00,454.35642922868453,455.74762190863106,447.74580247043195,448.6338195800781,1998900,0.0,0.0
2024-04-19 00:00:00-04:00,452.76797332709475,453.72500367297624,446.55200341854226,449.3146667480469,2548800,0.0,0.0
2024-04-22 00:00:00-04:00,451.3964883838772,454.59325387938526,449.05811139287096,450.656494140625,2157400,0.0,0.0
2024-04-23 00:00:00-04:00,452.3634115326127,456.80337685960154,451.20900729900114,456.6455078125,2029100,0.0,0.0
2024-04-24 00:00:00-04:00,459.08259060403986,461.9044209897619,454.20849256466164,456.3298034667969,4043100,0.0,0.0
2024-04-25 00:00:00-04:00,454.79054175591443,457.8097154880132,450.6268401218429,455.9449157714844,2006500,0.0,0.0
2024-04-26 00:00:00-04:00,456.7343077525022,458.6188299998439,454.7905883757523,456.2508544921875,1963300,0.0,0.0
2024-04-29 00:00:00-04:00,454.80047419420225,455.4319202913571,449.6007620381069,451.0018310546875,2120700,0.0,0.0
2024-04-30 00:00:00-04:00,450.17303400165207,451.6135476756132,444.86480389337777,445.1805419921875,2698800,0.0,0.0
2024-05-01 00:00:00-04:00,439.85255140611065,442.99014977630014,432.53155880003266,436.1723327636719,4979100,0.0,0.0
2024-05-02 00:00:00-04:00,437.08994763720546,438.7278052303182,432.2059734241697,435.2153015136719,3866500,0.0,0.0
2024-05-03 00:00:00-04:00,438.97441308626486,439.3197497219951,431.07126569299817,437.6621398925781,3711500,0.0,0.0
2024-05-06 00:00:00-04:00,441.2635044148843,444.48986842473414,439.6157706773456,443.37493896484375,2536200,0.0,0.0
2024-05-07 00:00:00-04:00,445.7330414886443,447.25247453963465,441.5594634345695,447.01568603515625,2345300,0.0,0.0
2024-05-08 00:00:00-04:00,447.9432252377431,449.0384023706628,443.9176694137181,448.70294189453125,2332400,0.0,0.0
2024-05-09 00:00:00-04:00,447.4991482986356,449.946073299237,447.4991482986356,449.41326904296875,1970100,0.0,0.0
2024-05-10 00:00:00-04:00,451.2287599405195,452.4620837252841,448.91013531351723,450.8834533691406,1729900,0.0,0.0
2024-05-13 00:00:00-04:00,450.83410180036566,452.6002298889139,449.4330628444344,451.6530456542969,2069300,0.0,0.0
2024-05-14 00:00:00-04:00,451.8108446261454,452.8567006232768,443.3058198433465,448.1404724121094,2991000,0.0,0.0
2024-05-15 00:00:00-04:00,446.74931630491193,452.4818024200013,446.74931630491193,451.8898010253906,2437800,0.0,0.0
2024-05-16 00:00:00-04:00,453.86315951608157,458.72738136873636,452.6989090725252,452.74822998046875,2412200,0.0,0.0
2024-05-17 00:00:00-04:00,454.3071686309112,455.53061620952826,451.9983599718937,454.1295471191406,1985900,0.0,0.0
2024-05-20 00:00:00-04:00,453.3500880499088,456.0535240739119,452.6594147058989,453.5276794433594,1397200,0.0,0.0
2024-05-21 00:00:00-04:00,451.801001619141,454.24792664521294,449.5514204264644,452.9751281738281,2166000,0.0,0.0
2024-05-22 00:00:00-04:00,452.7778493940291,456.329828132392,449.0976302670196,450.4295959472656,1713700,0.0,0.0
2024-05-23 00:00:00-04:00,450.429525176848,451.93911213966385,444.4306521138216,445.19036865234375,2084600,0.0,0.0
2024-05-24 00:00:00-04:00,446.4730704413364,448.3871912960927,444.3122848383945,445.1607971191406,2162100,0.0,0.0
2024-05-28 00:00:00-04:00,443.9965570016307,444.618156999104,436.4979424612922,439.1421813964844,2670800,0.0,0.0
2024-05-29 00:00:00-04:00,436.2118341906412,438.6291609962521,435.9059722827242,436.5670471191406,1876900,0.0,0.0
2024-05-30 00:00:00-04:00,436.31042232251167,438.2640177779319,434.7909893009582,436.201904296875,2189900,0.0,0.0
2024-05-31 00:00:00-04:00,436.78405034533046,441.3720084130222,433.3998173937836,441.1056213378906,3917100,0.0,0.0
2024-06-03 00:00:00-04:00,437.5635443261891,439.063255167,432.04812412734447,437.27740478515625,2123800,0.0,0.0
2024-06-04 00:00:00-04:00,437.4451109358334,438.9448518561716,435.43234829607815,438.8363037109375,2096600,0.0,0.0
2024-06-05 00:00:00-04:00,440.8392579690188,441.5990047193593,436.4091684048105,440.7011413574219,2157000,0.0,0.0
2024-06-06 00:00:00-04:00,442.50665470856694,443.77945316157263,438.6981656846506,442.6941223144531,1887100,0.0,0.0
2024-06-07 00:00:00-04:00,443.45390722326323,446.95653468934444,441.2931215672541,443.78936767578125,1664700,0.0,0.0
2024-06-10 00:00:00-04:00,442.4376170864794,444.16427023914054,438.4416302954846,443.25653076171875,1954500,0.0,0.0
2024-06-11 00:00:00-04:00,441.8653441300712,443.25653687408095,439.1717543350172,443.0493469238281,1777300,0.0,0.0
2024-06-12 00:00:00-04:00,445.4665983399843,446.4631334223005,435.7085578879173,437.0898742675781,2738900,0.0,0.0
2024-06-13 00:00:00-04:00,437.0899752841907,439.2112862979052,433.459077072671,439.06329345703125,2916600,0.0,0.0
2024-06-14 00:00:00-04:00,437.42538265446154,439.0237653627386,435.3139481232937,438.69818115234375,2161500,0.0,0.0
2024-06-17 00:00:00-04:00,436.5274984321621,443.345315177665,435.78750424269936,442.1317138671875,2351900,0.0,0.0
2024-06-18 00:00:00-04:00,441.09574377787413,445.1805262468413,440.74056101210726,444.10504150390625,2636500,0.0,0.0
2024-06-20 00:00:00-04:00,445.042385450819,448.4167723226121,442.3783942304328,446.4730529785156,3006800,0.0,0.0
2024-06-21 00:00:00-04:00,446.15731341136643,449.22580829561946,444.2530688626565,448.7818298339844,5007800,0.0,0.0
2024-06-24 00:00:00-04:00,448.86073107637475,456.89214906352424,448.86073107637475,450.8636474609375,2597100,0.0,0.0
2024-06-25 00:00:00-04:00,452.3634288219505,454.16900154200715,447.74584182146197,449.5711669921875,2299400,0.0,0.0
2024-06-26 00:00:00-04:00,446.70987713973165,448.61412184669757,445.3680353080181,446.3448181152344,2451400,0.0,0.0
2024-06-27 00:00:00-04:00,442.585593268086,442.71386374370366,436.1032370207069,436.8432312011719,3313800,0.0,0.0
2024-06-28 00:00:00-04:00,438.70812067183897,442.319266513529,432.86708549805485,435.2745361328125,4105000,0.0,0.0
2024-07-01 00:00:00-04:00,434.9192338708436,436.5669674930264,429.7392746125545,431.77178955078125,3149700,0.0,0.0
2024-07-02 00:00:00-04:00,429.19664267515316,438.82644364959674,429.19664267515316,438.7178955078125,2061300,0.0,0.0
2024-07-03 00:00:00-04:00,439.37894516737725,443.2959821744205,438.3528114884111,442.2007751464844,3192400,0.0,0.0
2024-07-05 00:00:00-04:00,441.1450635589875,443.94720144163813,438.3528320115047,443.4933166503906,2220700,0.0,0.0
2024-07-08 00:00:00-04:00,443.2861645063634,444.5984077579358,439.0632650937001,440.2867126464844,1802700,0.0,0.0
2024-07-09 00:00:00-04:00,441.3439920735664,442.2629368530073,437.5298616186606,439.41717529296875,1608400,0.66,0.0
2024-07-10 00:00:00-04:00,429.44706494404625,432.21382062335084,423.95311700655765,428.4886169433594,4760900,0.0,0.0
2024-07-11 00:00:00-04:00,426.86802906533154,432.5694731347638,425.0004669637503,431.23553466796875,4032600,0.0,0.0
2024-07-12 00:00:00-04:00,432.20385500337335,436.97649340093284,432.1248186399438,434.88165283203125,2645600,0.0,0.0
2024-07-15 00:00:00-04:00,435.099078944492,439.12073654689624,433.52797099536804,438.7254943847656,1727700,0.0,0.0
2024-07-16 00:00:00-04:00,441.6305416039906,441.84792930194095,434.4765594342388,438.26104736328125,2846600,0.0,0.0
2024-07-17 00:00:00-04:00,437.14447045717833,446.1561239180232,436.8085131309236,445.8004150390625,2925000,0.0,0.0
2024-07-18 00:00:00-04:00,443.4190467038234,450.01968399470576,442.1641446029505,443.389404296875,3339900,0.0,0.0
2024-07-19 00:00:00-04:00,445.85970461708047,445.87945616999747,438.3005893079595,438.4191589355469,2121700,0.0,0.0
2024-07-22 00:00:00-04:00,440.11873929471255,443.5178761017767,437.98439547480876,442.6186828613281,2111700,0.0,0.0
2024-07-23 00:00:00-04:00,442.7273538534297,443.40915937370426,435.86979554446737,436.4725646972656,2385500,0.0,0.0
2024-07-24 00:00:00-04:00,428.8443189319349,430.6822086815068,423.7653648277659,427.312744140625,3764800,0.0,0.0
2024-07-25 00:00:00-04:00,428.78499064971004,432.50033319274746,424.4570182522447,424.4965515136719,2384300,0.0,0.0
2024-07-26 00:00:00-04:00,427.1447047802109,435.5437285631398,426.9767110363334,432.974609375,2039600,0.0,0.0
2024-07-29 00:00:00-04:00,433.58719426074515,437.65827540239553,430.2473728330685,436.0574951171875,2248600,0.0,0.0
2024-07-30 00:00:00-04:00,438.49821519482566,443.39931449442224,437.74726413435775,442.134521484375,2266900,0.0,0.0
2024-07-31 00:00:00-04:00,456.51164694035464,468.36909231542876,452.10463818603074,458.2013244628906,4313600,0.0,0.0
2024-08-01 00:00:00-04:00,459.93047242177545,461.94624630360204,453.7349689153999,456.9167175292969,2590100,0.0,0.0
2024-08-02 00:00:00-04:00,454.7527370303265,461.20516154428384,453.1618476269717,456.5313415527344,3808100,0.0,0.0
2024-08-05 00:00:00-04:00,449.59477144129136,455.81991775307756,434.3678328162902,436.74920654296875,4496700,0.0,0.0
2024-08-06 00:00:00-04:00,437.9547570199605,450.03948125423904,436.85792761488204,442.9743957519531,2758900,0.0,0.0
2024-08-07 00:00:00-04:00,445.17792982830434,451.4920343284966,443.70563992574364,444.4961242675781,2059800,0.0,0.0
2024-08-08 00:00:00-04:00,446.86761927757783,450.84974381119684,445.6720018785133,450.1679382324219,1585400,0.0,0.0
2024-08-09 00:00:00-04:00,450.16788114649296,453.349630058949,448.07307071128116,451.3536376953125,1760200,0.0,0.0
2024-08-12 00:00:00-04:00,452.3318272869728,453.01363271905507,448.4979457819083,450.27655029296875,1760000,0.0,0.0
2024-08-13 00:00:00-04:00,452.6975979573017,454.17977889593254,449.48620592360163,453.903076171875,1816100,0.0,0.0
2024-08-14 00:00:00-04:00,453.80420958484615,455.0690025604088,450.6521029225769,454.6935119628906,1654100,0.0,0.0
2024-08-15 00:00:00-04:00,459.57480654946403,463.42847009923827,458.4878680725939,463.14190673828125,2130500,0.0,0.0
2024-08-16 00:00:00-04:00,462.44035521398365,464.67351700629706,460.50364763983254,463.3099060058594,1921900,0.0,0.0
2024-08-19 00:00:00-04:00,463.4284569057341,464.5647893085033,459.9897871372713,461.4324645996094,1690800,0.0,0.0
2024-08-20 00:00:00-04:00,462.56885896819034,464.09057299633537,459.97998805793316,463.5470886230469,1763300,0.0,0.0
2024-08-21 00:00:00-04:00,462.9739621365085,463.5174163197024,459.0016986450109,462.44036865234375,2105900,0.0,0.0
2024-08-22 00:00:00-04:00,463.9126952510989,465.31583966366486,461.15586070024887,463.25067138671875,1538200,0.0,0.0
2024-08-23 00:00:00-04:00,464.7130256447654,464.7525589053329,456.41282007310116,460.8988952636719,1986300,0.0,0.0
2024-08-26 00:00:00-04:00,462.5391909348103,464.94031640282583,461.4522524034936,463.0727844238281,1434400,0.0,0.0
2024-08-27 00:00:00-04:00,465.48373573142686,469.851241082897,462.6577259166833,469.3472900390625,1635900,0.0,0.0
2024-08-28 00:00:00-04:00,469.3571877565906,470.75044113253614,463.30000490873573,466.1951904296875,1445300,0.0,0.0
2024-08-29 00:00:00-04:00,468.8334983436553,476.1950075575976,468.8334983436553,475.0882873535156,1893400,0.0,0.0
2024-08-30 00:00:00-04:00,476.1159334028215,479.9695969600241,473.9519472985766,477.5981140136719,2982100,0.0,0.0
2024-09-03 00:00:00-04:00,476.73848735783463,480.9083569735953,474.33736183788204,476.39263916015625,2063700,0.0,0.0
2024-09-04 00:00:00-04:00,476.3630290670499,480.3945777702532,475.4638357541053,477.40057373046875,2156300,0.0,0.0
2024-09-05 00:00:00-04:00,477.4004820232163,478.4083539278849,467.489605929628,471.6891174316406,2293500,0.0,0.0
2024-09-06 00:00:00-04:00,471.44212728823055,474.7325852307221,469.0706442701092,470.4638977050781,2116200,0.0,0.0
2024-09-09 00:00:00-04:00,474.791848581837,483.3983687568392,473.8729038540498,481.3035583496094,2343600,0.0,0.0
2024-09-10 00:00:00-04:00,481.3134497867578,482.5288185717432,476.6000962097344,482.2225036621094,2234100,0.0,0.0
2024-09-11 00:00:00-04:00,480.74033173272926,483.2995599798324,472.16345379837685,482.380615234375,2480000,0.0,0.0
2024-09-12 00:00:00-04:00,481.1652714809735,487.02481858887944,477.2621835904216,486.2639465332031,2299100,0.0,0.0
2024-09-13 00:00:00-04:00,487.24219366438683,490.9476453042675,485.61180097384783,487.49908447265625,2204700,0.0,0.0
2024-09-16 00:00:00-04:00,489.4160807657225,492.4002240309109,487.52879711177053,491.7974548339844,1589200,0.0,0.0
2024-09-17 00:00:00-04:00,492.67685996523545,495.77954248227354,491.9357696313994,495.0384521484375,2202800,0.0,0.0
2024-09-18 00:00:00-04:00,495.32501119673,495.83882296788863,488.1710288861672,488.8824768066406,2193800,0.0,0.0
2024-09-19 00:00:00-04:00,494.0601804326005,495.1767612651846,480.473525470704,487.1532287597656,3517200,0.0,0.0
2024-09-20 00:00:00-04:00,483.833125299002,487.6670370972802,481.94581180428094,486.88641357421875,3470200,0.0,0.0
2024-09-23 00:00:00-04:00,487.3014921058532,491.7776766058061,485.46357236045185,491.2342224121094,2191300,0.0,0.0
2024-09-24 00:00:00-04:00,486.8271652945779,487.390401175823,478.66531106364124,481.6197814941406,4143700,0.0,0.0
2024-09-25 00:00:00-04:00,479.0013020535838,484.080225730491,477.79579384034173,483.6355895996094,3483200,0.0,0.0
2024-09-26 00:00:00-04:00,485.1671477739225,487.76590941878123,483.1909068461265,485.4339294433594,3073700,0.0,0.0
2024-09-27 00:00:00-04:00,485.19680768665137,490.10776777560466,484.5644262475641,487.77581787109375,2177200,0.0,0.0
2024-09-30 00:00:00-04:00,485.93784555303296,489.1097035704314,484.2876712288794,487.933837890625,2862400,0.0,0.0
2024-10-01 00:00:00-04:00,491.3527966917858,492.11363860116825,487.25207259947456,490.4832458496094,3748100,0.0,0.0
2024-10-02 00:00:00-04:00,487.08413006119224,490.0188492028769,483.8628475261657,489.6828918457031,1736500,0.0,0.0
2024-10-03 00:00:00-04:00,489.6630929494142,491.18480693559235,487.14339778152737,489.0899963378906,1382200,0.0,0.0
2024-10-04 00:00:00-04:00,489.6729748706725,493.1215056414273,486.6196862546245,491.7875671386719,1935600,0.0,0.0
2024-10-07 00:00:00-04:00,491.42189618992074,492.60765271004294,484.9200773461919,485.4635314941406,1990500,0.0,0.0
2024-10-08 00:00:00-04:00,486.6492640257392,491.619508094765,485.6907860964819,491.15509033203125,1750100,0.0,0.0
2024-10-09 00:00:00-04:00,493.1142445605112,495.4591988932975,490.3537145583696,494.66766357421875,1707500,0.66,0.0
2024-10-10 00:00:00-04:00,494.71708613681903,495.4294799486614,490.60103635674454,492.75799560546875,1491000,0.0,0.0
2024-10-11 00:00:00-04:00,491.26400023581397,497.6062772869061,491.22441441189227,496.9532470703125,1919900,0.0,0.0
2024-10-14 00:00:00-04:00,499.03101541525996,503.4142318414289,496.74542484354106,501.3067321777344,2127000,0.0,0.0
2024-10-15 00:00:00-04:00,500.2777531728058,504.49275284572644,498.674874478917,501.8707580566406,2885900,0.0,0.0
2024-10-16 00:00:00-04:00,501.00002484277525,509.95442267778714,500.6537168257065,508.6384582519531,2956700,0.0,0.0
2024-10-17 00:00:00-04:00,510.8349632062392,511.5770388588957,506.1153729255923,508.33172607421875,2227400,0.0,0.0
2024-10-18 00:00:00-04:00,509.10343065003894,512.526894582146,507.16417834733784,510.88446044921875,2604600,0.0,0.0
2024-10-21 00:00:00-04:00,511.527541699717,513.3382230686384,508.50977967835917,509.5684814453125,2217500,0.0,0.0
2024-10-22 00:00:00-04:00,505.7493418501662,509.1134124673514,505.1062155872709,507.599609375,1855800,0.0,0.0
2024-10-23 00:00:00-04:00,507.24333058773595,509.28156270524346,506.49138109850173,508.3020324707031,1759700,0.0,0.0
2024-10-24 00:00:00-04:00,506.49138918961114,507.9162071278241,504.07716719135146,505.22491455078125,1911900,0.0,0.0
2024-10-25 00:00:00-04:00,507.08500414311504,509.2914229825983,500.27769232944553,501.9992980957031,1582200,0.0,0.0
2024-10-28 00:00:00-04:00,502.0389537055233,505.46238790109373,500.79228703033766,502.84039306640625,2186400,0.0,0.0
2024-10-29 00:00:00-04:00,502.1774523946824,505.98678018011225,500.35689705358425,500.9307556152344,2066300,0.0,0.0
2024-10-30 00:00:00-04:00,507.10486052761615,510.9933298786267,501.643164149269,508.2624816894531,3121000,0.0,0.0
2024-10-31 00:00:00-04:00,515.7426122739197,522.3223743132365,493.75738162779,494.31146240234375,5523300,0.0,0.0
2024-11-01 00:00:00-04:00,495.1524390726241,505.15560405022956,493.2626161821331,502.7117004394531,3753700,0.0,0.0
2024-11-04 00:00:00-05:00,503.76057291984785,504.6114718885823,497.7151138982995,500.2381591796875,2165100,0.0,0.0
2024-11-05 00:00:00-05:00,500.23816160408103,502.78101490785286,498.2889748973769,500.2183837890625,2132900,0.0,0.0
2024-11-06 00:00:00-05:00,515.356673777883,517.4740774219935,510.48867450949854,515.6238403320312,3673700,0.0,0.0
2024-11-07 00:00:00-05:00,518.4536317679202,518.4932477868377,511.13185471063804,512.408203125,2382300,0.0,0.0
2024-11-08 00:00:00-05:00,514.8422932793932,523.2524852058551,514.0408538761297,519.215576171875,2215600,0.0,0.0
2024-11-11 00:00:00-05:00,523.2622590886056,528.387581452443,522.9357892794986,524.5188598632812,2213400,0.0,0.0
2024-11-12 00:00:00-05:00,523.5096508109397,525.2906808183797,521.7286811937752,523.5789184570312,2577600,0.0,0.0
2024-11-13 00:00:00-05:00,524.4101343092196,524.8949475012053,510.9636942850137,516.3660278320312,2681500,0.0,0.0
2024-11-14 00:00:00-05:00,515.1191968163056,516.8408025563957,512.1806064096552,514.9015502929688,2480400,0.0,0.0
2024-11-15 00:00:00-05:00,513.0512486261683,517.8598834439148,512.5268196110562,516.375732421875,2408100,0.0,0.0
2024-11-18 00:00:00-05:00,513.1106722575079,517.9588632623233,511.53744541844935,516.1185302734375,2493400,0.0,0.0
2024-11-19 00:00:00-05:00,513.2986885920941,517.127794005428,511.3000122403341,513.9714965820312,2716000,0.0,0.0
2024-11-20 00:00:00-05:00,516.0196678106414,516.9793900354333,505.6008962834573,507.1246032714844,2409400,0.0,0.0
2024-11-21 00:00:00-05:00,507.8072946174111,514.6245107420456,506.17473422812185,509.65753173828125,3077300,0.0,0.0
2024-11-22 00:00:00-05:00,511.46815967001737,516.1976836331875,510.7260840984939,515.3566284179688,3130400,0.0,0.0
2024-11-25 00:00:00-05:00,516.1285163598401,522.6686625082552,515.5150719326522,521.0360717773438,4503900,0.0,0.0
2024-11-26 00:00:00-05:00,522.3222898623113,525.0432336597959,519.5122704233743,522.8961181640625,2326800,0.0,0.0
2024-11-27 00:00:00-05:00,523.4601719583367,527.981893676479,521.0162983758354,526.7550048828125,2086300,0.0,0.0
2024-11-29 00:00:00-05:00,527.3784107174984,530.1092591764235,524.4299156896666,527.3091430664062,1760600,0.0,0.0
2024-12-02 00:00:00-05:00,527.2991464371131,529.1691915172763,520.6699254016306,525.7457275390625,2355100,0.0,0.0
2024-12-03 00:00:00-05:00,529.0208321670343,529.1692714714828,520.4028978700328,520.6205444335938,2319400,0.0,0.0
2024-12-04 00:00:00-05:00,518.1073134052349,520.7194340579523,512.6950771954697,515.6337280273438,2630000,0.0,0.0
2024-12-05 00:00:00-05:00,519.057216552942,521.8968882006275,516.6528984186792,519.2254638671875,2538600,0.0,0.0
2024-12-06 00:00:00-05:00,517.4048666315128,525.3896086080389,516.9794171331456,522.9852905273438,2122700,0.0,0.0
2024-12-09 00:00:00-05:00,523.4304631612067,525.9733161240028,516.3658889741638,517.2959594726562,2942000,0.0,0.0
2024-12-10 00:00:00-05:00,516.9893915633836,524.0638114747251,514.7235480781854,523.4207153320312,2003200,0.0,0.0
2024-12-11 00:00:00-05:00,523.5987276596575,530.2279493961247,521.6990307563748,528.8031616210938,2181100,0.0,0.0
2024-12-12 00:00:00-05:00,530.623677730039,531.0788392302882,526.3493144785953,526.78466796875,1860400,0.0,0.0
2024-12-13 00:00:00-05:00,528.5260636056712,529.0306847233868,523.3216299143443,523.4107055664062,1608200,0.0,0.0
2024-12-16 00:00:00-05:00,526.3789943580086,529.3472969577718,523.4106917582454,524.7068481445312,2923000,0.0,0.0
2024-12-17 00:00:00-05:00,523.8065613463957,526.1614198960028,519.3243948194471,525.3995361328125,4055800,0.0,0.0
2024-12-18 00:00:00-05:00,524.7167717592037,531.4548164968761,514.2188889993689,514.4662475585938,3190300,0.0,0.0
2024-12-19 00:00:00-05:00,518.6217450713386,523.6282791417512,516.6824929083399,517.7510986328125,3050500,0.0,0.0
2024-12-20 00:00:00-05:00,517.3454138530743,526.4581238451094,513.9318540586464,522.450927734375,7317100,0.0,0.0
2024-12-23 00:00:00-05:00,520.2742207977983,523.8065082642496,515.6238678143635,523.3711547851562,2270300,0.0,0.0
2024-12-24 00:00:00-05:00,523.6778461721735,530.0794563098691,522.2530585417195,530.0498046875,955000,0.0,0.0
2024-12-26 00:00:00-05:00,527.9917749576816,532.0187793831111,527.2892549378712,530.4851684570312,1109600,0.0,0.0
2024-12-27 00:00:00-05:00,527.9719799762423,531.8802572257817,525.1916722318854,526.576904296875,1541800,0.0,0.0
2024-12-30 00:00:00-05:00,521.4318230146501,522.9852419543347,515.821748014072,519.9971313476562,2101600,0.0,0.0
2024-12-31 00:00:00-05:00,522.0947622278899,523.598721637089,520.0070704203081,521.0064086914062,1942600,0.0,0.0
2025-01-02 00:00:00-05:00,523.5986065425869,524.9541263578143,512.1904029760288,516.88037109375,2818800,0.0,0.0
2025-01-03 00:00:00-05:00,517.0091220153744,518.9187229241384,512.2103295352786,515.8514404296875,1627500,0.0,0.0
2025-01-06 00:00:00-05:00,515.4655208101585,515.8514146527712,505.61079454835846,506.52105712890625,2920800,0.0,0.0
2025-01-07 00:00:00-05:00,508.25258248478366,510.8746074250174,505.68004737454027,505.9966735839844,2211800,0.0,0.0
2025-01-08 00:00:00-05:00,506.6298686255218,511.9827414935233,506.12527771362636,510.94384765625,2456700,0.0,0.0
2025-01-10 00:00:00-05:00,507.45586143798414,509.0809396503733,498.7756334753888,500.07373046875,2815500,0.76,0.0
2025-01-13 00:00:00-05:00,496.4371605107583,501.5402510229707,495.36700987737447,500.3115539550781,2885500,0.0,0.0
2025-01-14 00:00:00-05:00,502.4519023894439,504.75078040781153,499.61793391653663,504.3841247558594,2704800,0.0,0.0
2025-01-15 00:00:00-05:00,510.87443194957973,518.9997622029595,509.0511632155464,517.5926513671875,3024800,0.0,0.0
2025-01-16 00:00:00-05:00,518.8511583927195,522.3192823591621,515.9775457716684,518.3755493164062,3275600,0.0,0.0
2025-01-17 00:00:00-05:00,519.80236239643,523.3200183900773,516.2648692010237,519.9212646484375,2374800,0.0,0.0
2025-01-21 00:00:00-05:00,522.8543511988842,525.1532292378079,522.1111817652387,523.250732421875,2706900,0.0,0.0
2025-01-22 00:00:00-05:00,523.1912011565629,525.4702416415037,520.8824048687775,522.378662109375,2037600,0.0,0.0
2025-01-23 00:00:00-05:00,524.2316560198944,529.4833740837847,523.8650306395374,529.3545532226562,2196500,0.0,0.0
2025-01-24 00:00:00-05:00,528.1357793402135,531.1778265464724,527.3034635157928,528.6312255859375,2472900,0.0,0.0
2025-01-27 00:00:00-05:00,528.7203986323882,542.999131908068,526.8178416256733,542.65234375,3074600,0.0,0.0
2025-01-28 00:00:00-05:00,541.5623998053759,546.5267812244869,537.7177318212026,542.3749389648438,2727800,0.0,0.0
2025-01-29 00:00:00-05:00,542.0182851901104,545.5953931788039,541.5228388599548,543.8018798828125,2549000,0.0,0.0
2025-01-30 00:00:00-05:00,549.9453658744889,571.6855508653472,549.4796754055153,560.8551025390625,6005200,0.0,0.0
2025-01-31 00:00:00-05:00,558.6850012878413,560.3893073110538,549.5886156447862,550.3713989257812,4505100,0.0,0.0
2025-02-03 00:00:00-05:00,547.6069107223639,559.8543289612487,546.0512020551697,558.8139038085938,3195500,0.0,0.0
2025-02-04 00:00:00-05:00,565.6808318537611,566.7906268442036,552.5019709827873,554.0180053710938,2638900,0.0,0.0
2025-02-05 00:00:00-05:00,556.2374353191061,561.7071808263878,554.7015641652204,561.1324462890625,2404700,0.0,0.0
2025-02-06 00:00:00-05:00,560.9740409620399,564.5610673899571,559.3984950933218,561.99462890625,1738400,0.0,0.0
2025-02-07 00:00:00-05:00,562.8863926292101,564.8582590327745,556.6636191618702,557.624755859375,2008300,0.0,0.0
2025-02-10 00:00:00-05:00,560.1020392039363,562.1036615987792,555.8907456760872,560.33984375,2357700,0.0,0.0
2025-02-11 00:00:00-05:00,559.8444049548904,561.2712927296778,554.1269352529746,559.5570678710938,1847800,0.0,0.0
2025-02-12 00:00:00-05:00,556.8915080152441,559.6065438100771,554.344907012548,559.4578857421875,1722200,0.0,0.0
2025-02-13 00:00:00-05:00,560.4488492429197,562.2225857633972,556.3564578287545,561.1524047851562,1709500,0.0,0.0
2025-02-14 00:00:00-05:00,560.8550706967095,564.0556341017628,558.9921879680161,559.616455078125,1927400,0.0,0.0
2025-02-18 00:00:00-05:00,559.7552238427256,563.4512336886797,556.4060021964164,563.431396484375,2064100,0.0,0.0
2025-02-19 00:00:00-05:00,562.3215765910602,565.5023632967614,561.4892607573207,563.3223876953125,2459100,0.0,0.0
2025-02-20 00:00:00-05:00,562.9756050756422,563.3223932632483,553.9485283240052,558.1499633789062,2181900,0.0,0.0
2025-02-21 00:00:00-05:00,556.3167768375905,559.6560797711886,551.5109723367472,552.4324951171875,2256100,0.0,0.0
2025-02-24 00:00:00-05:00,553.3441195357625,556.3465529928427,551.7190412384507,553.908935546875,1752500,0.0,0.0
2025-02-25 00:00:00-05:00,557.3175817509107,560.8847705696435,547.6563798476242,558.8931274414062,3609500,0.0,0.0
2025-02-26 00:00:00-05:00,557.46624954432,561.5189660834986,554.5034301063582,556.1582641601562,2028000,0.0,0.0
2025-02-27 00:00:00-05:00,560.4190726876279,569.4659259574233,558.863364221201,559.6759033203125,2436500,0.0,0.0
2025-02-28 00:00:00-05:00,562.1332677227648,571.1801205158821,558.8633347747251,571.0612182617188,3205400,0.0,0.0
2025-03-03 00:00:00-05:00,572.0720450091835,576.9273824897649,564.80878527487,569.6839599609375,3092600,0.0,0.0
2025-03-04 00:00:00-05:00,565.2646223522266,567.9796584378878,546.9826415281588,550.0147705078125,3318100,0.0,0.0
2025-03-05 00:00:00-05:00,547.547394922644,555.8807742419125,546.2988606951877,553.2152709960938,2795400,0.0,0.0
2025-03-06 00:00:00-05:00,543.504575582985,550.6191769903495,539.7292773039409,544.8125610351562,3133200,0.0,0.0
2025-03-07 00:00:00-05:00,542.0875388417011,545.3673904257539,531.3958310991994,541.790283203125,3161300,0.0,0.0
2025-03-10 00:00:00-04:00,533.2488588227102,543.5640238284916,527.1746825520754,532.2282104492188,3893400,0.0,0.0
2025-03-11 00:00:00-04:00,532.3074907831756,533.1497252602719,517.4936350417954,521.0112915039062,4582600,0.0,0.0
2025-03-12 00:00:00-04:00,525.678411821152,527.8583875081147,514.5308707302673,519.8618774414062,2810800,0.0,0.0
2025-03-13 00:00:00-04:00,519.7231545064252,523.7164806054245,512.9950157087122,515.095703125,2375800,0.0,0.0
2025-03-14 00:00:00-04:00,517.8403967801175,523.597479791192,516.2054604411951,522.8345336914062,2369500,0.0,0.0
2025-03-17 00:00:00-04:00,518.48450658802,528.621317626233,516.7306074894796,527.1448974609375,2544800,0.0,0.0
2025-03-18 00:00:00-04:00,527.4917713179531,527.7394944576321,520.7239582077212,525.361328125,2363300,0.0,0.0
2025-03-19 00:00:00-04:00,526.7287271667411,532.7236146240033,524.7568607920695,531.2075805664062,2804300,0.0,0.0
2025-03-20 00:00:00-04:00,528.7402238496625,535.5674878193468,527.6997988007594,531.4949340820312,2598600,0.0,0.0
2025-03-21 00:00:00-04:00,530.563495130877,533.149710101838,525.9261253790323,530.8112182617188,5973400,0.0,0.0
2025-03-24 00:00:00-04:00,534.4378430231682,540.4922421322847,533.3379668686696,538.718505859375,2758700,0.0,0.0
2025-03-25 00:00:00-04:00,540.977851219914,542.19662981896,537.0638131792997,540.1950073242188,2138200,0.0,0.0
2025-03-26 00:00:00-04:00,542.1569207272908,546.0115069518718,540.1552985838707,544.0693359375,2681600,0.0,0.0
2025-03-27 00:00:00-04:00,544.0694171397208,556.7132166248043,542.8109641612189,552.4920043945312,2901200,0.0,0.0
2025-03-28 00:00:00-04:00,549.1824780651549,553.5028164869633,535.1713003253647,535.6865234375,2656400,0.0,0.0
2025-03-31 00:00:00-04:00,527.313383952878,546.4079038729279,526.1838123433924,543.1280517578125,4741800,0.0,0.0
2025-04-01 00:00:00-04:00,541.8200781966922,546.1304974264232,539.0455909274815,543.5145263671875,2714900,0.0,0.0
2025-04-02 00:00:00-04:00,537.915921657306,544.5252185904994,536.7169803641046,542.394775390625,2994600,0.0,0.0
2025-04-03 00:00:00-04:00,523.6074724495015,535.0721075639658,522.2004218334108,525.7180786132812,3443500,0.0,0.0
2025-04-04 00:00:00-04:00,514.8875978166375,516.1361321446935,483.8429465764878,485.3094482421875,6125100,0.0,0.0
2025-04-07 00:00:00-04:00,474.1420896508562,497.62625540340076,461.34966308084,481.09814453125,6009400,0.0,0.0
2025-04-08 00:00:00-04:00,496.4371335173892,500.9655194179653,467.36435172219336,475.54913330078125,3555400,0.0,0.0
2025-04-09 00:00:00-04:00,466.567350649186,514.6026442312562,466.45819412052737,511.54583740234375,4698400,0.76,0.0
2025-04-10 00:00:00-04:00,503.0106038541045,504.7970575394125,480.48168528258884,495.5770568847656,4105300,0.0,0.0
2025-04-11 00:00:00-04:00,494.5052263054735,512.0221832434282,492.17292935757104,505.90863037109375,3736200,0.0,0.0
2025-04-14 00:00:00-04:00,511.9825124217294,519.4756051690977,504.66805596496965,508.5982360839844,3005500,0.0,0.0
2025-04-15 00:00:00-04:00,509.53115194713166,517.3616485622669,509.5112832787753,513.4811401367188,2210700,0.0,0.0
2025-04-16 00:00:00-04:00,512.161103230743,517.7883578984248,506.0276821636819,509.56085205078125,2501000,0.0,0.0
2025-04-17 00:00:00-04:00,507.0995921495745,520.0313691010979,505.29330004707697,513.4315185546875,3329800,0.0,0.0
2025-04-21 00:00:00-04:00,513.1039903296692,513.7491162884064,499.7454307060641,505.48187255859375,3345600,0.0,0.0
2025-04-22 00:00:00-04:00,511.7343630674999,524.8150333693611,508.8859957869273,523.3561401367188,2384000,0.0,0.0
2025-04-23 00:00:00-04:00,533.687658617869,539.8409484201218,523.6439263357263,526.0159301757812,3051800,0.0,0.0
2025-04-24 00:00:00-04:00,524.705924431011,532.0005124061109,521.3117136721066,531.4249267578125,2209100,0.0,0.0
2025-04-25 00:00:00-04:00,531.4248368618925,532.8737956472326,525.8868703471707,529.459716796875,2006100,0.0,0.0
2025-04-28 00:00:00-04:00,531.9905917748232,533.7075353843751,526.5022359040977,530.462158203125,1735400,0.0,0.0
2025-04-29 00:00:00-04:00,530.3133125505732,536.4069963023367,529.3902675988413,535.613037109375,2041500,0.0,0.0
2025-04-30 00:00:00-04:00,534.4717792335433,544.932330183157,525.5594094508399,543.929931640625,3783500,0.0,0.0
2025-05-01 00:00:00-04:00,545.855280479447,548.6639709746074,535.6626543126108,542.5106811523438,2839900,0.0,0.0
2025-05-02 00:00:00-04:00,551.4428854818585,558.1420187977196,550.8076938590456,555.174560546875,2632600,0.0,0.0
2025-05-05 00:00:00-04:00,553.6064862509193,560.2956856689091,551.6612344949343,556.8915405273438,2130900,0.0,0.0
2025-05-06 00:00:00-04:00,552.2864321409236,561.4766598841377,551.909290916997,554.7775268554688,2341700,0.0,0.0
2025-05-07 00:00:00-04:00,555.0554611735913,562.9554372759952,554.2813100373141,562.062255859375,2493700,0.0,0.0
2025-05-08 00:00:00-04:00,565.1587108248776,569.5453853174997,562.7271615918476,562.8462524414062,2004300,0.0,0.0
2025-05-09 00:00:00-04:00,563.1738235749757,565.2877771713838,560.3452642539752,564.3548583984375,1528000,0.0,0.0
2025-05-12 00:00:00-04:00,575.6292361628882,576.4132610740353,562.1614896960523,573.9122924804688,3000300,0.0,0.0
2025-05-13 00:00:00-04:00,573.6442818882186,578.4676431459769,571.4608486310425,572.2449340820312,2370200,0.0,0.0
2025-05-14 00:00:00-04:00,573.912286518263,574.2794934225356,567.9674357123733,568.9598999023438,2237500,0.0,0.0
2025-05-15 00:00:00-04:00,569.803489551846,578.6463191311909,569.3271261085762,577.8126831054688,2034200,0.0,0.0
2025-05-16 00:00:00-04:00,576.0560230340367,579.8869205387299,576.0560230340367,578.8845825195312,2225900,0.0,0.0
2025-05-19 00:00:00-04:00,576.6415697526702,584.0155715009575,576.1056003157153,581.9909057617188,1875500,0.0,0.0
2025-05-20 00:00:00-04:00,576.8598601480853,579.5891365950957,572.502927936445,576.7308349609375,1964300,0.0,0.0
2025-05-21 00:00:00-04:00,572.1158810762047,574.6367181015637,562.8263709951297,565.2479858398438,2505300,0.0,0.0
2025-05-22 00:00:00-04:00,564.3746177759731,568.8407062997496,562.6576742386749,565.843505859375,1869900,0.0,0.0
2025-05-23 00:00:00-04:00,560.2361236088823,563.2730617302606,558.2710638171698,559.3330078125,1948800,0.0,0.0
2025-05-27 00:00:00-04:00,562.5485472407056,570.2302102126239,562.2210171040532,570.2202758789062,2655200,0.0,0.0
2025-05-28 00:00:00-04:00,570.2500879698558,574.4779950869603,568.6224321695722,571.5799560546875,1702900,0.0,0.0
2025-05-29 00:00:00-04:00,571.5403190791297,574.2199846782822,568.6224717512013,573.426025390625,1347800,0.0,0.0
2025-05-30 00:00:00-04:00,572.4335307744738,581.18701171875,572.1655460562097,581.18701171875,4581100,0.0,0.0
2025-06-02 00:00:00-04:00,576.1254816907124,577.4355417346413,570.4486154088955,576.8400268554688,2089100,0.0,0.0
2025-06-03 00:00:00-04:00,575.5002608499518,578.1402497736252,569.1187227580773,577.5844116210938,2116900,0.0,0.0
2025-06-04 00:00:00-04:00,579.7677651378049,582.4275617889148,577.8324479316213,579.7280883789062,1530200,0.0,0.0
2025-06-05 00:00:00-04:00,581.891698308519,582.2688395606656,578.2394372234447,581.0282592773438,1480000,0.0,0.0
2025-06-06 00:00:00-04:00,583.4795451192787,586.7050534594331,581.6236420895751,585.6729125976562,1528600,0.0,0.0
2025-06-09 00:00:00-04:00,584.3033763076618,585.5538909192855,575.6292487003146,579.9266357421875,1936000,0.0,0.0
2025-06-10 00:00:00-04:00,580.2441864088031,585.4248201678593,578.7653639500799,585.0972900390625,2133700,0.0,0.0
2025-06-11 00:00:00-04:00,585.8714510562172,590.2283832630321,583.1719170379663,586.2882690429688,2238100,0.0,0.0
2025-06-12 00:00:00-04:00,584.9881277086923,586.2187735438171,580.1548322182115,584.8392944335938,1984000,0.0,0.0
2025-06-13 00:00:00-04:00,568.5430212970122,570.9050909150279,548.346399262312,557.794677734375,5905400,0.0,0.0
2025-06-16 00:00:00-04:00,559.6505090971878,570.6668359613179,558.3999946863537,564.384521484375,3108200,0.0,0.0
2025-06-17 00:00:00-04:00,560.464295042495,566.9847914202087,559.7497499696941,565.15869140625,2246600,0.0,0.0
2025-06-18 00:00:00-04:00,566.5779757864246,566.7764807444247,530.1346583201572,534.6702270507812,6966800,0.0,0.0
2025-06-20 00:00:00-04:00,532.8837933031118,534.283201741099,523.3561612549228,528.95361328125,8202800,0.0,0.0
2025-06-23 00:00:00-04:00,527.415253114036,539.0370294892077,523.5942905732213,538.2628784179688,3681100,0.0,0.0
2025-06-24 00:00:00-04:00,552.981153457499,559.8688569025145,548.3264942919527,553.3285522460938,4503200,0.0,0.0
2025-06-25 00:00:00-04:00,551.8100681912687,554.2713599027326,544.4856779077495,545.5575561523438,2889200,0.0,0.0
2025-06-26 00:00:00-04:00,541.4189799246863,544.773452917785,537.9850322658066,541.6968383789062,3764100,0.0,0.0
2025-06-27 00:00:00-04:00,542.6496767589316,552.5048391183288,541.4388389207826,546.1729125976562,3837500,0.0,0.0
2025-06-30 00:00:00-04:00,548.3364580080538,558.3901249710324,547.7410037317021,557.705322265625,5054600,0.0,0.0
2025-07-01 00:00:00-04:00,555.1050500804404,562.0423647273404,552.842202765034,560.3551635742188,3827000,0.0,0.0
2025-07-02 00:00:00-04:00,558.6978565664685,561.7248605723935,553.189691805652,557.28857421875,2502300,0.0,0.0
2025-07-03 00:00:00-04:00,556.554108931753,565.3671353900829,556.5143715952076,564.9503173828125,1528700,0.0,0.0
2025-07-07 00:00:00-04:00,566.3694919690284,566.448906061027,556.1272548085457,560.861328125,2478300,0.0,0.0
2025-07-08 00:00:00-04:00,560.3254259017027,562.3500309574987,556.1967411219719,558.2015380859375,3083800,0.0,0.0
2025-07-09 00:00:00-04:00,558.5195651427264,561.9183682882353,555.7865957403376,561.6102905273438,2454300,0.76,0.0
2025-07-10 00:00:00-04:00,562.1469651725366,562.554399361617,557.5356860416338,560.0301513671875,2577200,0.0,0.0
2025-07-11 00:00:00-04:00,556.3530808191358,557.3468878884443,542.469564519168,546.7727661132812,3221400,0.0,0.0
2025-07-14 00:00:00-04:00,547.0908015733919,555.6077355906428,544.3975625301548,549.59521484375,2500900,0.0,0.0
2025-07-15 00:00:00-04:00,549.6845683369102,551.423730565157,545.2522279929351,546.9515991210938,2449100,0.0,0.0
2025-07-16 00:00:00-04:00,548.9988129697173,552.0796508789062,546.0969136880826,552.0796508789062,2424200,0.0,0.0
2025-07-17 00:00:00-04:00,549.555410986381,553.9281863320101,547.1007366530904,552.1691284179688,2722000,0.0,0.0
2025-07-18 00:00:00-04:00,551.8213617135509,552.9045775270578,547.4684815920997,549.2374267578125,2579600,0.0,0.0
2025-07-21 00:00:00-04:00,549.9728900132623,554.6239001028724,548.6212662169899,551.2151489257812,2194400,0.0,0.0
2025-07-22 00:00:00-04:00,552.3678787343032,556.7406538960502,551.8014014526336,555.2996215820312,2010400,0.0,0.0
2025-07-23 00:00:00-04:00,553.5604521956205,559.0064951986553,551.0659868960482,558.6090087890625,2180400,0.0,0.0
2025-07-24 00:00:00-04:00,558.5195433812112,564.323403047849,558.4201869424086,560.01025390625,1874700,0.0,0.0
2025-07-25 00:00:00-04:00,560.8649688982723,566.4303251369191,560.3581175644434,564.7010498046875,1513300,0.0,0.0
2025-07-28 00:00:00-04:00,563.8562827981941,568.1098059495282,562.7133804649353,564.7606811523438,2492400,0.0,0.0
2025-07-29 00:00:00-04:00,566.4998265905825,569.4514042300531,559.5133343482023,559.8313598632812,2393800,0.0,0.0
2025-07-30 00:00:00-04:00,556.8599371146387,562.1072069458328,551.7716497268025,555.6474609375,2833200,0.0,0.0
2025-07-31 00:00:00-04:00,565.0488842360215,575.8515620654825,559.0264159122504,562.9618530273438,4568300,0.0,0.0
2025-08-01 00:00:00-04:00,560.3679920371166,561.3717467971715,552.6560401279196,556.422607421875,3316700,0.0,0.0
2025-08-04 00:00:00-04:00,560.7953546750655,566.3904931818957,559.0164619039871,566.2811889648438,2984700,0.0,0.0
2025-08-05 00:00:00-04:00,566.0724967283458,568.2887277958164,558.6487868483449,562.5345458984375,2883200,0.0,0.0
2025-08-06 00:00:00-04:00,565.4661991508448,566.8277098014137,560.4772689188213,565.6053466796875,2245200,0.0,0.0
2025-08-07 00:00:00-04:00,569.4216180486558,570.3459120187295,550.4299791562731,557.744384765625,2979600,0.0,0.0
2025-08-08 00:00:00-04:00,560.2587572514583,572.5918767751461,559.2053241430463,570.7633056640625,2907700,0.0,0.0
2025-08-11 00:00:00-04:00,571.4390219350503,573.0192017457277,565.9134574709736,570.0377807617188,2116600,0.0,0.0
2025-08-12 00:00:00-04:00,571.6180137355249,574.7385828778733,566.9272729021054,570.6242065429688,2593800,0.0,0.0
2025-08-13 00:00:00-04:00,573.7546286720011,576.6764237616912,570.4849647280816,574.3211059570312,2352900,0.0,0.0
2025-08-14 00:00:00-04:00,573.8937510105762,580.7808875209512,571.9359801591833,580.1448364257812,2642300,0.0,0.0
2025-08-15 00:00:00-04:00,581.3770850923654,585.9088425088501,577.5111613705275,578.0975341796875,2263800,0.0,0.0
2025-08-18 00:00:00-04:00,578.415534044247,581.8640150071225,577.0937538313782,580.5223999023438,1812000,0.0,0.0
2025-08-19 00:00:00-04:00,580.7907480250229,586.9126333854488,580.6019222603338,581.8839721679688,2334500,0.0,0.0
2025-08-20 00:00:00-04:00,582.2814287297359,590.2021020077158,582.2814287297359,589.009521484375,2884600,0.0,0.0
2025-08-21 00:00:00-04:00,585.3920424668759,588.5424542709624,580.3137033498183,588.2542114257812,2349200,0.0,0.0
2025-08-22 00:00:00-04:00,591.6133037447481,598.0432666718583,589.4070812874597,595.2506713867188,2388900,0.0,0.0
2025-08-25 00:00:00-04:00,594.1176904596882,595.3301058484158,589.1883860487944,589.5362548828125,1984300,0.0,0.0
2025-08-26 00:00:00-04:00,589.4071560660909,592.3090559332991,582.6591667592795,587.9462280273438,4774600,0.0,0.0
2025-08-27 00:00:00-04:00,587.5487176262346,590.9375731492249,586.1673111990464,587.0020751953125,1480900,0.0,0.0
2025-08-28 00:00:00-04:00,587.1611022463748,589.8543412512339,586.0678780715909,586.8231811523438,2159800,0.0,0.0
2025-08-29 00:00:00-04:00,588.3337901050431,593.1338952752119,586.6045754946789,591.6033935546875,2111200,0.0,0.0
2025-09-02 00:00:00-04:00,591.9313663827048,591.9313663827048,582.3709471540129,588.20458984375,2284500,0.0,0.0
2025-09-03 00:00:00-04:00,588.1648635926515,590.3214079812351,585.3126421137333,589.6058959960938,1959400,0.0,0.0
2025-09-04 00:00:00-04:00,589.3574111239441,592.1996846672379,585.6405218859821,591.9512329101562,1653700,0.0,0.0
2025-09-05 00:00:00-04:00,591.782195872182,594.8729815885861,575.4440678320511,580.6018676757812,2432100,0.0,0.0
2025-09-08 00:00:00-04:00,579.011830628436,586.1374098484714,577.1037381686823,582.9671630859375,1948200,0.0,0.0
2025-09-09 00:00:00-04:00,579.9261277146024,587.5188279195293,579.6876237344966,580.38330078125,2266000,0.0,0.0
2025-09-10 00:00:00-04:00,578.5249005287882,578.5249005287882,567.4638232544596,575.7919311523438,2535200,0.0,0.0
2025-09-11 00:00:00-04:00,577.2826837935211,586.3163565318348,576.4180764530798,585.0840454101562,2407000,0.0,0.0
2025-09-12 00:00:00-04:00,582.8081760121677,585.5610407959563,576.4080565442517,576.8154907226562,2242800,0.0,0.0
2025-09-15 00:00:00-04:00,579.1211145959815,582.8677862726813,577.8987514365971,579.3497314453125,2222600,0.0,0.0
2025-09-16 00:00:00-04:00,574.4304392358306,584.467866467331,573.2577541618837,582.788330078125,2537000,0.0,0.0
2025-09-17 00:00:00-04:00,584.0703133805645,595.181067973141,583.801966089656,594.9226684570312,2930800,0.0,0.0
2025-09-18 00:00:00-04:00,592.3885688901374,597.8942385338261,582.2517240693951,582.420654296875,3294600,0.0,0.0
2025-09-19 00:00:00-04:00,584.9746986254881,585.2231503870144,577.9087450854051,580.5422973632812,6745300,0.0,0.0
2025-09-22 00:00:00-04:00,577.3720799020012,583.7125740320441,576.5472636848356,580.8703002929688,3241700,0.0,0.0
2025-09-23 00:00:00-04:00,581.8243602094963,583.2256014865045,564.7308665050114,566.440185546875,3223000,0.0,0.0
2025-09-24 00:00:00-04:00,567.742088331162,568.1196791840795,561.4512730786438,565.287353515625,2867200,0.0,0.0
2025-09-25 00:00:00-04:00,561.500938228612,568.8451862969674,561.0736085102357,563.7866821289062,2700600,0.0,0.0
2025-09-26 00:00:00-04:00,563.1109508007358,566.1321024228857,560.5668071565125,561.6301879882812,2106500,0.0,0.0
2025-09-29 00:00:00-04:00,562.4948202732025,565.7942671338777,559.026443189033,564.62158203125,2615600,0.0,0.0
2025-09-30 00:00:00-04:00,562.3059325352875,567.0960895225562,560.1593361185973,565.287353515625,2379200,0.0,0.0
2025-10-01 00:00:00-04:00,562.1767493021757,571.9060982174842,561.510915580997,570.2166748046875,3685100,0.0,0.0
2025-10-02 00:00:00-04:00,569.1830898674027,576.2491040617024,567.2352668784392,573.754638671875,2483500,0.0,0.0
2025-10-03 00:00:00-04:00,572.860222704169,579.6081511158128,572.860222704169,576.8553466796875,2331600,0.0,0.0
2025-10-06 00:00:00-04:00,575.6429069291983,577.5411125894778,565.7346785724731,575.2255249023438,2573500,0.0,0.0
2025-10-07 00:00:00-04:00,575.4043121182365,582.4504305218023,575.3247905732775,576.2490844726562,2120700,0.0,0.0
2025-10-08 00:00:00-04:00,577.719961816966,579.4591242755804,572.5124222174628,572.8701782226562,1934700,0.0,0.0
2025-10-09 00:00:00-04:00,574.4225588615882,576.5720502026521,559.7644734621254,561.7944946289062,2579800,0.76,0.0
2025-10-10 00:00:00-04:00,564.8096493021154,566.6406342177349,553.9727890017548,554.7589111328125,3553900,0.0,0.0
2025-10-13 00:00:00-04:00,555.2764380544013,562.2422715066966,550.3108036399389,556.5103759765625,2996500,0.0,0.0
2025-10-14 00:00:00-04:00,553.2862078404471,567.0287998898718,553.2862078404471,565.1480102539062,2627300,0.0,0.0
2025-10-15 00:00:00-04:00,561.5456448521279,565.9142318802948,556.6695981484564,560.0629272460938,2262400,0.0,0.0
2025-10-16 00:00:00-04:00,560.0529654974874,561.8939721044451,544.7182083101683,547.196044921875,3210600,0.0,0.0
2025-10-17 00:00:00-04:00,549.7933430432181,560.053018557162,549.3157053100937,558.23193359375,2756700,0.0,0.0
2025-10-20 00:00:00-04:00,558.9584137819801,564.6504659123256,551.0869876435563,563.5956420898438,2046400,0.0,0.0
2025-10-21 00:00:00-04:00,559.4161552105777,573.1687091660846,558.0329857509781,569.238037109375,2722400,0.0,0.0
2025-10-22 00:00:00-04:00,568.2626825372498,573.6164275195174,565.8047678055275,568.5711669921875,1820500,0.0,0.0
2025-10-23 00:00:00-04:00,571.5565686543443,574.1737366408021,568.8796959537838,570.969482421875,2187500,0.0,0.0
2025-10-24 00:00:00-04:00,574.422577829301,577.985121451038,570.2829088219405,570.8699951171875,1839600,0.0,0.0
2025-10-27 00:00:00-04:00,572.9098693718147,572.9098693718147,563.7149797248437,569.5662841796875,2981000,0.0,0.0
2025-10-28 00:00:00-04:00,570.2828502119792,571.1883818358436,562.6900868945671,563.167724609375,2916000,0.0,0.0
2025-10-29 00:00:00-04:00,558.8886846603802,564.0433937534634,548.5394228426751,551.8731079101562,3763400,0.0,0.0
2025-10-30 00:00:00-04:00,548.867891417752,560.1724298796559,542.9768033194325,550.9775390625,4284700,0.0,0.0
2025-10-31 00:00:00-04:00,546.2109314853558,551.7238693744919,540.8771077438181,549.2957763671875,3567100,0.0,0.0
2025-11-03 00:00:00-05:00,547.3154773877577,548.3105964375536,537.7225151707859,541.4144287109375,3175500,0.0,0.0
2025-11-04 00:00:00-05:00,542.1707370026397,551.325844544919,539.8321707583509,550.0520629882812,2653900,0.0,0.0
2025-11-05 00:00:00-05:00,550.3008294917252,553.6145929035926,546.6885425151054,550.6093139648438,2198500,0.0,0.0
2025-11-06 00:00:00-05:00,547.4946231337942,552.2911045191695,545.1859395165234,550.5795288085938,2593600,0.0,0.0
2025-11-07 00:00:00-05:00,551.0969639267937,555.943189247448,547.9822361802867,549.27587890625,2510400,0.0,0.0
2025-11-10 00:00:00-05:00,549.5843737031495,551.9925447785074,545.9024211000758,550.2610473632812,1978300,0.0,0.0
2025-11-11 00:00:00-05:00,550.3008322250772,555.8038697012063,545.335197905418,555.6246948242188,1832400,0.0,0.0
2025-11-12 00:00:00-05:00,557.2666845890766,563.1478116252612,555.6844185280861,558.4906616210938,1761500,0.0,0.0
2025-11-13 00:00:00-05:00,557.147236876174,560.8490504441371,552.1517200037939,552.8582763671875,2031300,0.0,0.0
2025-11-14 00:00:00-05:00,553.3260210503371,554.2813572837772,541.3945523592623,543.0663452148438,2567800,0.0,0.0
2025-11-17 00:00:00-05:00,543.3350395361396,546.6388423031078,533.5928452164605,534.2296752929688,2557900,0.0,0.0
2025-11-18 00:00:00-05:00,530.9557365397751,533.3838295365583,522.1389960240023,525.0049438476562,3594700,0.0,0.0
2025-11-19 00:00:00-05:00,525.5721271388395,528.4081920100978,522.417556160054,527.7713012695312,2723100,0.0,0.0
2025-11-20 00:00:00-05:00,530.68697265498,535.8317814510875,524.606810336571,525.3034057617188,3240300,0.0,0.0
2025-11-21 00:00:00-05:00,529.940707789294,541.7527667396079,529.0749590245094,537.7623901367188,3807500,0.0,0.0
2025-11-24 00:00:00-05:00,540.7875350657391,541.3845822407008,532.4981758193928,535.2247924804688,5941000,0.0,0.0
2025-11-25 00:00:00-05:00,538.8569608585108,547.7135446208898,536.3691632552859,543.8026733398438,3132600,0.0,0.0
2025-11-26 00:00:00-05:00,545.8029244583963,545.9919995237891,541.5139634103039,542.270263671875,2185300,0.0,0.0
2025-11-28 00:00:00-05:00,545.4546463676735,548.7087053156318,542.7578516956506,547.8429565429688,1254800,0.0,0.0
2025-12-01 00:00:00-05:00,544.967011014713,547.0965803582449,540.7377550530218,541.3148803710938,2227000,0.0,0.0
2025-12-02 00:00:00-05:00,544.6088525497205,552.0423636508575,538.3992578635833,543.2454833984375,3076000,0.0,0.0
2025-12-03 00:00:00-05:00,544.6485356459596,552.3607078574091,543.8325307815693,551.0272216796875,2687900,0.0,0.0
2025-12-04 00:00:00-05:00,554.3112093177178,556.2715647480131,536.9264474371255,539.6630249023438,2878800,0.0,0.0
2025-12-05 00:00:00-05:00,539.0658990991774,547.7532679489686,538.6081225245587,542.8572998046875,2126700,0.0,0.0
2025-12-08 00:00:00-05:00,544.0515016117612,544.6585704413859,534.7670838594769,537.8021850585938,2453800,0.0,0.0
2025-12-09 00:00:00-05:00,536.080580553684,539.2550126061908,533.3041596604628,534.9262084960938,1965300,0.0,0.0
2025-12-10 00:00:00-05:00,535.4635970523245,542.29009865753,534.8764501315145,536.2297973632812,3023400,0.0,0.0
2025-12-11 00:00:00-05:00,540.1208102115583,562.3716585816186,540.0014007792305,560.6202392578125,3659900,0.0,0.0
2025-12-12 00:00:00-05:00,563.237318687656,570.9097075620409,563.1278701814565,569.1383666992188,3515400,0.0,0.0
2025-12-15 00:00:00-05:00,570.083808267288,570.5017412633576,564.3916956975079,566.3521118164062,2714000,0.0,0.0
2025-12-16 00:00:00-05:00,567.9144127106773,568.2129362565336,559.7345031307638,563.2572631835938,2748700,0.0,0.0
2025-12-17 00:00:00-05:00,562.7597654816461,568.9692988661855,560.8093102058361,562.7099609375,3287100,0.0,0.0
2025-12-18 00:00:00-05:00,562.2422342438679,566.3520805673203,560.2917791410832,563.4463500976562,2259000,0.0,0.0
2025-12-19 00:00:00-05:00,563.4562755156959,570.1435070697106,562.4412953929074,569.4369506835938,7262100,0.0,0.0
2025-12-22 00:00:00-05:00,569.4369808372912,576.6217722933915,568.2130037851974,572.8900756835938,2500200,0.0,0.0
2025-12-23 00:00:00-05:00,573.0790883367655,578.8805883035661,572.9397571015654,573.5368041992188,1794700,0.0,0.0
2025-12-24 00:00:00-05:00,574.4324302019369,579.4478079869718,574.1836504573713,576.6217041015625,1058900,0.0,0.0
2025-12-26 00:00:00-05:00,576.9202882510689,578.363223068573,575.8555035440072,576.77099609375,972300,0.0,0.0
2025-12-29 00:00:00-05:00,576.7709995642584,579.1493487633917,574.5916863303316,575.079345703125,1274900,0.0,0.0
2025-12-30 00:00:00-05:00,573.268198024053,574.9599125526473,571.447113160274,574.6016235351562,1512800,0.0,0.0
2025-12-31 00:00:00-05:00,573.7458357978392,575.1588878393545,567.8348262241313,568.0935668945312,1736500,0.0,0.0
2026-01-02 00:00:00-05:00,567.9244282745939,568.093581510651,556.7591606871052,560.3814086914062,3901900,0.0,0.0
2026-01-05 00:00:00-05:00,556.8885329541652,573.4473289706722,555.7242606406251,565.7948608398438,2865000,0.0,0.0
2026-01-06 00:00:00-05:00,566.2227091072413,578.5323262371135,565.1678854002571,577.5073852539062,4056100,0.0,0.0
2026-01-07 00:00:00-05:00,576.4426255704404,582.4233007170747,574.8006548600157,577.0894165039062,3653900,0.0,0.0
2026-01-08 00:00:00-05:00,574.6912061846187,586.7918269798138,570.7007691185073,577.2387084960938,3390200,0.0,0.0
2026-01-09 00:00:00-05:00,576.1523691287855,579.3415453427215,573.3917903628915,573.591064453125,2221100,0.87,0.0
2026-01-12 00:00:00-05:00,562.120106759135,565.9570455300814,554.0076558867856,564.3624877929688,3486400,0.0,0.0
2026-01-13 00:00:00-05:00,557.0572814407279,557.0572814407279,531.8927836337781,543.14453125,8721600,0.0,0.0
2026-01-14 00:00:00-05:00,542.6562323956907,546.73240973965,536.3277588837174,544.9683837890625,3943700,0.0,0.0
2026-01-15 00:00:00-05:00,546.6626181083366,548.0179982702301,537.174835318124,540.8125,4005600,0.0,0.0
2026-01-16 00:00:00-05:00,538.4106684117223,542.1878739163757,536.8559532047293,537.6632080078125,3496200,0.0,0.0
2026-01-20 00:00:00-05:00,528.8032378022939,534.5935613265553,526.7203491035959,529.9393920898438,4098700,0.0,0.0
2026-01-21 00:00:00-05:00,531.7134338323525,535.5803003865619,522.9930627577661,525.7835693359375,4937700,0.0,0.0
2026-01-22 00:00:00-05:00,528.1256167859415,531.3845636789412,522.036320502706,531.0556640625,5114900,0.0,0.0
2026-01-23 00:00:00-05:00,529.6105320222558,530.338101486175,518.3986263630635,522.963134765625,5002900,0.0,0.0
2026-01-26 00:00:00-05:00,524.9264563020073,528.5939876454976,520.8802068628081,525.57421875,4839700,0.0,0.0
2026-01-27 00:00:00-05:00,525.8633011938227,527.3183184262399,517.7906928354904,518.6477661132812,3850800,0.0,0.0
2026-01-28 00:00:00-05:00,520.1925821531595,522.0562451688579,516.5150746480979,519.6045532226562,5483000,0.0,0.0
2026-01-29 00:00:00-05:00,529.9892229172449,542.3970767083056,518.3487812058779,541.8887939453125,5488300,0.0,0.0
2026-01-30 00:00:00-05:00,539.1780293529827,541.9187172403714,533.417572522911,536.9655151367188,4306900,0.0,0.0
2026-02-02 00:00:00-05:00,539.1580691255213,555.2334539655158,539.1182264733111,553.4893798828125,4603300,0.0,0.0
2026-02-03 00:00:00-05:00,552.4529858895477,558.2133824513234,547.1709445222494,548.8551635742188,5706700,0.0,0.0
2026-02-04 00:00:00-05:00,547.8684856797382,554.715217630343,539.1780425275945,551.6456909179688,4448000,0.0,0.0
2026-02-05 00:00:00-05:00,552.9711783428334,560.0172456637108,548.0878069042582,550.021240234375,4621600,0.0,0.0
2026-02-06 00:00:00-05:00,551.197190637133,554.9045647012864,537.9721063106256,546.8818359375,3779700,0.0,0.0
2026-02-09 00:00:00-05:00,541.8689013086442,544.7092262559487,532.3910945092823,533.5172729492188,4110300,0.0,0.0
2026-02-10 00:00:00-05:00,534.4540758400947,545.1477219257376,533.1883569109134,538.5601196289062,2222700,0.0,0.0
2026-02-11 00:00:00-05:00,536.3277416398079,538.8690946680849,531.3047691497292,535.6400756835938,3691000,0.0,0.0
2026-02-12 00:00:00-05:00,538.101695399235,541.1613071423488,525.3650023426062,525.6739501953125,3466200,0.0,0.0
2026-02-13 00:00:00-05:00,527.268516598842,532.1818155384664,514.2726940027525,516.604736328125,4017700,0.0,0.0
2026-02-17 00:00:00-05:00,513.2560717953911,524.0792823221843,513.2560717953911,520.16259765625,3178000,0.0,0.0
2026-02-18 00:00:00-05:00,520.7207386007042,528.9627542546749,517.6412359991667,526.192138671875,3575900,0.0,0.0
2026-02-19 00:00:00-05:00,523.0328715148239,524.7470788343395,514.3025251351302,518.498291015625,3009400,0.0,0.0
2026-02-20 00:00:00-05:00,518.4883271895454,525.7137772080447,516.8339750532887,524.62744140625,2838500,0.0,0.0
2026-02-23 00:00:00-05:00,518.7075550778931,520.9499361269833,488.34076180188265,494.350341796875,6312300,0.0,0.0
2026-02-24 00:00:00-05:00,492.0681055128485,497.55945748018934,489.59652266539183,496.3136901855469,5292900,0.0,0.0
2026-02-25 00:00:00-05:00,501.1173704894406,508.8112304304583,500.7187310425245,507.6651306152344,4139100,0.0,0.0
2026-02-26 00:00:00-05:00,509.2198444052808,518.139550275927,507.2864111578843,513.0269165039062,4843600,0.0,0.0
2026-02-27 00:00:00-05:00,507.7448671996763,517.0034185248245,505.03407626933733,515.4586791992188,5121100,0.0,0.0
2026-03-02 00:00:00-05:00,507.7548587103437,524.3783407828515,505.62209037395337,519.23583984375,3827000,0.0,0.0
2026-03-03 00:00:00-05:00,511.8707999525178,525.0161384264902,511.2628801324818,522.5445556640625,4199700,0.0,0.0
2026-03-04 00:00:00-05:00,522.3850834207832,524.3783111000616,518.5182776851857,521.1492919921875,3154700,0.0,0.0
2026-03-05 00:00:00-05:00,519.3354191739762,523.5411609786337,511.01371839834417,522.8833618164062,3879300,0.0,0.0
2026-03-06 00:00:00-05:00,517.8804195850827,520.7805390342954,510.46561033742245,520.5712890625,2872900,0.0,0.0
2026-03-09 00:00:00-04:00,514.5218774535628,519.1262288038114,507.3860878678932,515.9669189453125,3546600,0.0,0.0
2026-03-10 00:00:00-04:00,515.1995410262484,517.5714868513976,509.2696764633758,512.97705078125,2759800,0.0,0.0
2026-03-11 00:00:00-04:00,511.3426359996665,513.5650653540313,501.01770100498106,502.2933654785156,2873200,0.0,0.0
2026-03-12 00:00:00-04:00,498.30693132130415,503.907896363077,494.60950240688766,495.62603759765625,2702500,0.0,0.0
2026-03-13 00:00:00-04:00,494.8785300315983,500.1605708344527,493.7224544114146,496.3036804199219,2809300,0.0,0.0
2026-03-16 00:00:00-04:00,496.9315876099652,506.85785293189724,496.9315876099652,506.77813720703125,3450300,0.0,0.0
2026-03-17 00:00:00-04:00,508.8211514150458,515.209479786216,504.78487778600623,504.8645935058594,2834300,0.0,0.0
2026-03-18 00:00:00-04:00,502.04420627088837,502.04420627088837,486.26782305708804,486.8159484863281,3458700,0.0,0.0
2026-03-19 00:00:00-04:00,488.8590025913474,495.39678685156525,485.6598807284206,489.4769287109375,3284500,0.0,0.0
2026-03-20 00:00:00-04:00,490.8024045256165,497.52954774720575,489.3473568781192,494.6393737792969,5762900,0.0,0.0
2026-03-23 00:00:00-04:00,504.3363910086009,505.32305933210245,498.68560791015625,498.68560791015625,2985900,0.0,0.0
2026-03-24 00:00:00-04:00,493.9617018913069,501.02769041919385,491.56980432631326,497.24053955078125,2278900,0.0,0.0
2026-03-25 00:00:00-04:00,499.5925631005439,504.5357592579778,492.8853409715531,501.0575866699219,2422000,0.0,0.0
2026-03-26 00:00:00-04:00,498.815204734244,503.09065622624695,497.36012662392193,499.05438232421875,3995400,0.0,0.0
2026-03-27 00:00:00-04:00,497.7587678351186,498.3567117756297,478.8729244151722,482.6002502441406,3963300,0.0,0.0
2026-03-30 00:00:00-04:00,486.3774239634718,493.8620032165539,485.35091298215303,492.32720947265625,3629500,0.0,0.0
2026-03-31 00:00:00-04:00,498.30692367166904,499.7121528461321,488.9188078474288,497.96807861328125,4417600,0.0,0.0
2026-04-01 00:00:00-04:00,500.52935948805333,501.2967411645667,484.0054856598396,489.98516845703125,4607100,0.0,0.0
2026-04-02 00:00:00-04:00,486.47711747628966,498.1873300695899,486.0983993516747,491.7691345214844,2926000,0.0,0.0
2026-04-06 00:00:00-04:00,492.0780619262817,500.2104341538506,489.5167571703568,499.80181884765625,2466000,0.0,0.0
2026-04-07 00:00:00-04:00,496.6026882726865,500.89809122547007,493.99156503893755,496.59271240234375,3593200,0.0,0.0
2026-04-08 00:00:00-04:00,506.27982655193006,510.0868986888052,504.14705835305307,505.4028015136719,3874900,0.0,0.0
2026-04-09 00:00:00-04:00,503.61575911399495,505.82208253363325,496.9269900902095,502.7272644042969,3301800,0.87,0.0
2026-04-10 00:00:00-04:00,501.16990038575426,503.54592235112034,494.84051397652684,497.82550048828125,2842200,0.0,0.0
2026-04-13 00:00:00-04:00,495.3995738401377,508.0184050537669,494.1716212678326,507.7288818359375,3318100,0.0,0.0
2026-04-14 00:00:00-04:00,507.14987048048,513.1198435517446,505.8420651809317,512.3012084960938,2744600,0.0,0.0
2026-04-15 00:00:00-04:00,515.136449065474,521.5656738515961,512.3411471873799,519.08984375,2910800,0.0,0.0
2026-04-16 00:00:00-04:00,517.1630848653601,521.3560072472516,516.1447723784948,517.6721801757812,2967400,0.0,0.0
2026-04-17 00:00:00-04:00,520.6272897989797,526.5872699856476,517.8718988035894,520.4276123046875,3617200,0.0,0.0
2026-04-20 00:00:00-04:00,519.8885076004997,523.6022528591566,513.6788852082232,515.785400390625,2503500,0.0,0.0
2026-04-21 00:00:00-04:00,516.064911169074,522.2345616371073,509.3162447353658,510.4942626953125,3444900,0.0,0.0
2026-04-22 00:00:00-04:00,511.21305114125954,512.9301434498145,504.8736718600815,509.3062438964844,2288500,0.0,0.0
2026-04-23 00:00:00-04:00,506.5209156502675,508.7970988705705,497.5359770754125,501.5392761230469,2724000,0.0,0.0
2026-04-24 00:00:00-04:00,498.16490223776395,504.7638254971912,494.80054695099955,503.3262634277344,2406900,0.0,0.0
2026-04-27 00:00:00-04:00,499.92196456641676,508.19806892942654,499.92196456641676,505.58245849609375,2531300,0.0,0.0
2026-04-28 00:00:00-04:00,511.3927337208119,516.1347844483354,506.391108362079,506.7704772949219,3892500,0.0,0.0
2026-04-29 00:00:00-04:00,529.1030571189795,533.3160266750201,520.0183102540465,524.3510131835938,5876700,0.0,0.0
2026-04-30 00:00:00-04:00,503.6557115813454,513.2895865328657,498.1249743249343,502.078369140625,5975100,0.0,0.0
2026-05-01 00:00:00-04:00,505.15319847888844,508.14817791651035,491.32637064856624,494.6308288574219,4531800,0.0,0.0
2026-05-04 00:00:00-04:00,494.17160409255035,506.44104497528815,493.05348331752737,503.8952941894531,4419900,0.0,0.0
2026-05-05 00:00:00-04:00,500.1915096501422,503.0367461806949,492.4345239523147,496.24810791015625,4216700,0.0,0.0
2026-05-06 00:00:00-04:00,498.30470057373964,499.9019985900837,488.9104446142212,491.06683349609375,4363300,0.0,0.0
2026-05-07 00:00:00-04:00,491.87548387368145,502.67735356194936,491.87548387368145,500.1016845703125,4964100,0.0,0.0
2026-05-08 00:00:00-04:00,499.293029934125,499.57256013132996,490.9070935514707,494.65081787109375,4143400,0.0,0.0
2026-05-11 00:00:00-04:00,494.1716032465931,500.82046120080076,491.1866168469714,496.9768981933594,3959400,0.0,0.0
2026-05-12 00:00:00-04:00,499.77219023432,505.4626631941628,498.9136441099993,498.9735412597656,3296000,0.0,0.0
2026-05-13 00:00:00-04:00,494.780561947057,497.76557877805425,489.49943691241896,489.81890869140625,3322800,0.0,0.0
2026-05-14 00:00:00-04:00,490.4578405207208,493.67245306164295,487.19332384152165,489.1200866699219,2584900,0.0,0.0
2026-05-15 00:00:00-04:00,492.6741146043095,501.43941982177057,491.50605922521294,493.3729553222656,3416500,0.0,0.0
2026-05-18 00:00:00-04:00,490.6674856541354,505.38283909887537,490.12841127571545,504.9435729980469,4076600,0.0,0.0
2026-05-19 00:00:00-04:00,506.71060128060833,512.0416916577155,497.6657655319323,498.86376953125,3378300,0.0,0.0
2026-05-20 00:00:00-04:00,492.67413208821813,498.8637686293235,489.97863832788033,497.20654296875,3615700,0.0,0.0
2026-05-21 00:00:00-04:00,495.1699375037718,500.5409388779497,489.2498687484,498.78387451171875,2474600,0.0,0.0
2026-05-22 00:00:00-04:00,498.27471141173817,503.4161171218902,496.48772896060603,497.7056884765625,1959300,0.0,0.0
2026-05-26 00:00:00-04:00,495.1699228818507,496.01850646396144,491.23651420228333,492.1849365234375,1947300,0.0,0.0
2026-05-27 00:00:00-04:00,492.1849463213105,498.5143325313906,491.68578308266217,494.2115478515625,2834900,0.0,0.0
2026-05-28 00:00:00-04:00,492.5143885364638,493.75230363884305,485.5360960977515,492.9237060546875,3924100,0.0,0.0
2026-05-29 00:00:00-04:00,493.6724391086357,499.2730359779371,492.0152135134834,493.1533203125,5693100,0.0,0.0
2026-06-01 00:00:00-04:00,493.42287710421857,496.2980623249602,487.83224256016626,494.42120361328125,4653400,0.0,0.0
2026-06-02 00:00:00-04:00,492.2348508236484,493.1632871362614,476.8805847167969,476.8805847167969,5028300,0.0,0.0
2026-06-03 00:00:00-04:00,476.55114553381765,481.1534159268022,463.74259988972767,470.7608337402344,5227200,0.0,0.0
2026-06-04 00:00:00-04:00,478.7574354671122,487.73238060723077,476.6609438045407,480.9537658691406,4020600,0.0,0.0
2026-06-05 00:00:00-04:00,483.1900102096055,493.17327488335764,483.1900102096055,490.2581481933594,4230700,0.0,0.0
2026-06-08 00:00:00-04:00,485.9454109853297,488.70077137462897,482.89053436976525,484.85723876953125,3091900,0.0,0.0
2026-06-09 00:00:00-04:00,483.08021272690826,494.5909157677438,481.19336106478517,494.41119384765625,3309600,0.0,0.0
2026-06-10 00:00:00-04:00,496.6374789814424,497.96523980462445,485.68583619433036,488.2615051269531,3239900,0.0,0.0
2026-06-11 00:00:00-04:00,487.8422271630025,490.64752216777816,483.5793840107489,485.6958312988281,3801000,0.0,0.0
2026-06-12 00:00:00-04:00,488.0618689257409,491.5460186952328,483.72913552972176,489.1600341796875,3984200,0.0,0.0
2026-06-15 00:00:00-04:00,489.67912836315963,492.72401187789814,485.8455584148294,489.81890869140625,3888500,0.0,0.0
2026-06-16 00:00:00-04:00,491.03684439628216,500.66072622012945,488.69080155788726,500.4909973144531,4006000,0.0,0.0
2026-06-17 00:00:00-04:00,502.08831487366655,503.7954750413868,491.5759385594402,492.1649475097656,2927100,0.0,0.0
2026-06-18 00:00:00-04:00,493.94198330363315,495.1599428322381,488.0918047338876,488.9703369140625,6674700,0.0,0.0
2026-06-22 00:00:00-04:00,487.34307291781533,494.8305217449699,482.33148480411586,483.2798767089844,3955600,0.0,0.0
2026-06-23 00:00:00-04:00,488.0119117407287,490.7373539539883,483.60931884727944,487.2532043457031,3936400,0.0,0.0
2026-06-24 00:00:00-04:00,487.26318724492586,497.60586568121545,485.4063145692071,493.5826110839844,3609700,0.0,0.0
2026-06-25 00:00:00-04:00,495.1699448677483,503.95520589654103,487.83223898658815,488.101806640625,3722000,0.0,0.0
2026-06-26 00:00:00-04:00,487.7623444657277,503.51593530405756,487.7623444657277,498.18487548828125,9200900,0.0,0.0
2026-06-29 00:00:00-04:00,501.6590438592268,514.5873836437933,501.6590438592268,508.787109375,4812000,0.0,0.0
2026-06-30 00:00:00-04:00,511.04334170419196,513.1398334985577,506.2913281656718,512.740478515625,4696300,0.0,0.0
2026-07-01 00:00:00-04:00,516.3843571068327,529.5223063997895,512.5607497358377,521.565673828125,4412800,0.0,0.0
2026-07-02 00:00:00-04:00,528.843437305195,538.7268932800773,525.1895894023713,538.4873046875,3900200,0.0,0.0
2026-07-06 00:00:00-04:00,539.8350536753044,540.9831535061015,521.8052797960069,532.2078247070312,3578000,0.0,0.0
2026-07-07 00:00:00-04:00,532.9466632684534,542.7402441213551,529.1130625706223,530.7303466796875,3516600,0.0,0.0
2026-07-08 00:00:00-04:00,530.2211631552688,530.730319410298,516.344461617261,518.989990234375,2723800,0.0,0.0
2026-07-09 00:00:00-04:00,518.030029296875,523.22998046875,515.1099853515625,523.2000122070312,2843700,0.87,0.0
2026-07-10 00:00:00-04:00,527.260009765625,528.9400024414062,519.6500244140625,526.739990234375,1616900,0.0,0.0
2026-07-13 00:00:00-04:00,530.7100219726562,539.9299926757812,530.7100219726562,537.7000122070312,2871500,0.0,0.0
2026-07-14 00:00:00-04:00,534.989990234375,543.4600219726562,532.0599975585938,538.02001953125,3323800,0.0,0.0
2026-07-15 00:00:00-04:00,538.5399780273438,541.239990234375,529.0800170898438,535.2100219726562,3128500,0.0,0.0
2026-07-16 00:00:00-04:00,541.5,551.6799926757812,539.6900024414062,551.5399780273438,2925400,0.0,0.0
2026-07-17 00:00:00-04:00,550.5,551.719970703125,540.22998046875,543.5999755859375,3221600,0.0,0.0
2026-07-20 00:00:00-04:00,540.0,547.9099731445312,538.010009765625,547.4400024414062,2571900,0.0,0.0
